一氧化物	yi yang hua wu	0	Rime ICE GPL-3.0
一百年	yi bai nian	0	Rime ICE GPL-3.0
一组	yi zu	0	Rime ICE GPL-3.0
一致的	yi zhi de	0	Rime ICE GPL-3.0
丈夫的	zhang fu de	0	Rime ICE GPL-3.0
不一致的	bu yi zhi de	0	Rime ICE GPL-3.0
不公平的	bu gong ping de	0	Rime ICE GPL-3.0
不匀称	bu yun chen	0	Rime ICE GPL-3.0
不及物动词	bu ji wu dong ci	0	CC-CEDICT CC BY-SA 4.0 + Rime ICE GPL-3.0
不变的	bu bian de	0	Rime ICE GPL-3.0
不可思议地	bu ke si yi de	0	Rime ICE GPL-3.0
不可约的	bu ke yue de	0	Rime ICE GPL-3.0
不安地	bu an de	0	Rime ICE GPL-3.0
不情愿地	bu qing yuan de	0	Rime ICE GPL-3.0
不愉快的	bu yu kuai de	0	Rime ICE GPL-3.0
不懈的	bu xie de	0	Rime ICE GPL-3.0
不朽的	bu xiu de	0	Rime ICE GPL-3.0
不正当地	bu zheng dang di	0	Rime ICE GPL-3.0
不毛的	bu mao de	0	Rime ICE GPL-3.0
不满足	bu man zu	0	Rime ICE GPL-3.0
不知不觉的	bu zhi bu jue de	0	Rime ICE GPL-3.0
不确定的	bu que ding de	0	Rime ICE GPL-3.0
不紧	bu jin	0	Rime ICE GPL-3.0
不负责任地	bu fu ze ren de	0	Rime ICE GPL-3.0
不适当地	bu shi dang di	0	Rime ICE GPL-3.0
不高兴的	bu gao xing de	0	Rime ICE GPL-3.0
专业词典	zhuan ye ci dian	0	Rime ICE GPL-3.0
世界性的	shi jie xing de	0	Rime ICE GPL-3.0
严格地	yan ge de	0	Rime ICE GPL-3.0
中心的	zhong xin de	0	Rime ICE GPL-3.0
中生代	zhong sheng dai	0	CC-CEDICT CC BY-SA 4.0 + Rime ICE GPL-3.0
中间的	zhong jian de	0	Rime ICE GPL-3.0
丰富地	feng fu di	0	Rime ICE GPL-3.0
主题的	zhu ti de	0	Rime ICE GPL-3.0
乏味的	fa wei de	0	Rime ICE GPL-3.0
书商	shu shang	0	Rime ICE GPL-3.0
二次方程式	er ci fang cheng shi	0	Rime ICE GPL-3.0
于此	yu ci	0	Rime ICE GPL-3.0
亏欠的	kui qian de	0	Rime ICE GPL-3.0
五重奏	wu chong zou	0	Rime ICE GPL-3.0
交叉的	jiao cha de	0	Rime ICE GPL-3.0
交换器	jiao huan qi	0	CC-CEDICT CC BY-SA 4.0 + Rime ICE GPL-3.0
亲切地	qin qie de	0	Rime ICE GPL-3.0
人为地	ren wei de	0	Rime ICE GPL-3.0
人工制品	ren gong zhi pin	0	Rime ICE GPL-3.0
人种的	ren zhong de	0	Rime ICE GPL-3.0
人道主义者	ren dao zhu yi zhe	0	Rime ICE GPL-3.0
仁慈地	ren ci de	0	Rime ICE GPL-3.0
介绍的	jie shao de	0	Rime ICE GPL-3.0
从人的角度	cong ren de jiao du	0	Rime ICE GPL-3.0
仔细地	zi xi de	0	Rime ICE GPL-3.0
代理的	dai li de	0	Rime ICE GPL-3.0
令人信服地	ling ren xin fu de	0	Rime ICE GPL-3.0
令人惊讶地	ling ren jing ya de	0	Rime ICE GPL-3.0
令人讨厌的	ling ren tao yan de	0	Rime ICE GPL-3.0
优惠的	you hui de	0	Rime ICE GPL-3.0
会议的	hui yi de	0	Rime ICE GPL-3.0
传记作者	zhuan ji zuo zhe	0	Rime ICE GPL-3.0
伦敦人	lun dun ren	0	Rime ICE GPL-3.0
住宅区	zhu zhai qu	0	CC-CEDICT CC BY-SA 4.0 + Rime ICE GPL-3.0
体贴地	ti tie de	0	Rime ICE GPL-3.0
使不安	shi bu an	0	Rime ICE GPL-3.0
使得意	shi de yi	0	Rime ICE GPL-3.0
使高兴	shi gao xing	0	Rime ICE GPL-3.0
倾斜的	qing xie de	0	Rime ICE GPL-3.0
假音	jia yin	0	CC-CEDICT CC BY-SA 4.0 + Rime ICE GPL-3.0
停工期	ting gong qi	0	Rime ICE GPL-3.0
健壮的	jian zhuang de	0	Rime ICE GPL-3.0
偶像崇拜	ou xiang chong bai	0	Rime ICE GPL-3.0
偷偷摸摸地	tou tou mo mo de	0	Rime ICE GPL-3.0
充分地	chong fen de	0	Rime ICE GPL-3.0
充分的	chong fen de	0	Rime ICE GPL-3.0
光明正大地	guang ming zheng da de	0	Rime ICE GPL-3.0
光点	guang dian	0	Rime ICE GPL-3.0
光球	guang qiu	0	Rime ICE GPL-3.0
公共马车	gong gong ma che	0	Rime ICE GPL-3.0
公正的	gong zheng de	0	Rime ICE GPL-3.0
共鸣器	gong ming qi	0	Rime ICE GPL-3.0
关键字	guan jian zi	0	CC-CEDICT CC BY-SA 4.0 + Rime ICE GPL-3.0
关键帧	guan jian zhen	0	Rime ICE GPL-3.0
兴奋地	xing fen de	0	Rime ICE GPL-3.0
典型的	dian xing de	0	Rime ICE GPL-3.0
内分泌学	nei fen mi xue	0	Rime ICE GPL-3.0
内科医师	nei ke yi shi	0	Rime ICE GPL-3.0
再评价	zai ping jia	0	Rime ICE GPL-3.0
冒险主义	mao xian zhu yi	0	CC-CEDICT CC BY-SA 4.0 + Rime ICE GPL-3.0
农业地	nong ye di	0	Rime ICE GPL-3.0
农学家	nong xue jia	0	Rime ICE GPL-3.0
函数库	han shu ku	0	Rime ICE GPL-3.0
分析的	fen xi de	0	Rime ICE GPL-3.0
刑罚的	xing fa de	0	Rime ICE GPL-3.0
创业的	chuang ye de	0	Rime ICE GPL-3.0
初期的	chu qi de	0	Rime ICE GPL-3.0
制成的	zhi cheng de	0	Rime ICE GPL-3.0
制鞋业	zhi xie ye	0	Rime ICE GPL-3.0
刺激者	ci ji zhe	0	Rime ICE GPL-3.0
刺耳声	ci er sheng	0	Rime ICE GPL-3.0
前面的	qian mian de	0	Rime ICE GPL-3.0
副驾驶员	fu jia shi yuan	0	CC-CEDICT CC BY-SA 4.0 + Rime ICE GPL-3.0
动人的	dong ren de	0	Rime ICE GPL-3.0
助消化药	zhu xiao hua yao	0	Rime ICE GPL-3.0
半开	ban kai	0	Rime ICE GPL-3.0
卓越的	zhuo yue de	0	Rime ICE GPL-3.0
卫生的	wei sheng de	0	Rime ICE GPL-3.0
印度河	yin du he	0	CC-CEDICT CC BY-SA 4.0 + Rime ICE GPL-3.0
危险的	wei xian de	0	Rime ICE GPL-3.0
卷曲的	juan qu de	0	Rime ICE GPL-3.0
卷笔刀	juan bi dao	0	CC-CEDICT CC BY-SA 4.0 + Rime ICE GPL-3.0
历史背景	li shi bei jing	0	CC-CEDICT CC BY-SA 4.0 + Rime ICE GPL-3.0
压倒性地	ya dao xing de	0	Rime ICE GPL-3.0
压倒的	ya dao de	0	Rime ICE GPL-3.0
反对者	fan dui zhe	0	Rime ICE GPL-3.0
反映的	fan ying de	0	Rime ICE GPL-3.0
发展的	fa zhan de	0	Rime ICE GPL-3.0
受好评的	shou hao ping de	0	Rime ICE GPL-3.0
受打击的	shou da ji de	0	Rime ICE GPL-3.0
变化的	bian hua de	0	Rime ICE GPL-3.0
变干	bian gan	0	Rime ICE GPL-3.0
变成化石	bian cheng hua shi	0	Rime ICE GPL-3.0
古典主义	gu dian zhu yi	0	Rime ICE GPL-3.0
古巴人	gu ba ren	0	Rime ICE GPL-3.0
古怪的	gu guai de	0	Rime ICE GPL-3.0
古板的	gu ban de	0	Rime ICE GPL-3.0
可了解	ke liao jie	0	Rime ICE GPL-3.0
可允许的	ke yun xu de	0	Rime ICE GPL-3.0
可完成的	ke wan cheng de	0	Rime ICE GPL-3.0
可恶的	ke wu de	0	Rime ICE GPL-3.0
可耻的	ke chi de	0	Rime ICE GPL-3.0
可重复的	ke chong fu de	0	Rime ICE GPL-3.0
可靠地	ke kao de	0	Rime ICE GPL-3.0
可预言	ke yu yan	0	Rime ICE GPL-3.0
合伙的	he huo de	0	Rime ICE GPL-3.0
合理地	he li de	0	Rime ICE GPL-3.0
同住者	tong zhu zhe	0	Rime ICE GPL-3.0
同源的	tong yuan de	0	Rime ICE GPL-3.0
后备军人	hou bei jun ren	0	Rime ICE GPL-3.0
向上的	xiang shang de	0	Rime ICE GPL-3.0
吟游诗人	yin you shi ren	0	Rime ICE GPL-3.0
含氮的	han dan de	0	Rime ICE GPL-3.0
含磷的	han lin de	0	Rime ICE GPL-3.0
听觉的	ting jue de	0	Rime ICE GPL-3.0
呆板的	dai ban de	0	Rime ICE GPL-3.0
周边的	zhou bian de	0	Rime ICE GPL-3.0
呼格	hu ge	0	CC-CEDICT CC BY-SA 4.0 + Rime ICE GPL-3.0
咸的	xian de	0	Rime ICE GPL-3.0
哔哔声	bi bi sheng	0	Rime ICE GPL-3.0
喉音	hou yin	0	CC-CEDICT CC BY-SA 4.0 + Rime ICE GPL-3.0
嗅觉的	xiu jue de	0	Rime ICE GPL-3.0
嘲笑的	chao xiao de	0	Rime ICE GPL-3.0
土地的	tu di de	0	Rime ICE GPL-3.0
在中心	zai zhong xin	0	Rime ICE GPL-3.0
在军事上	zai jun shi shang	0	Rime ICE GPL-3.0
在前台	zai qian tai	0	Rime ICE GPL-3.0
在战场上	zai zhan chang shang	0	Rime ICE GPL-3.0
在最前面	zai zui qian mian	0	Rime ICE GPL-3.0
在社会上	zai she hui shang	0	Rime ICE GPL-3.0
在艺术上	zai yi shu shang	0	Rime ICE GPL-3.0
在高处	zai gao chu	0	Rime ICE GPL-3.0
地层学	di ceng xue	0	CC-CEDICT CC BY-SA 4.0 + Rime ICE GPL-3.0
地面上	di mian shang	0	Rime ICE GPL-3.0
坚决的	jian jue de	0	Rime ICE GPL-3.0
坚定的	jian ding de	0	Rime ICE GPL-3.0
坦率地	tan shuai de	0	Rime ICE GPL-3.0
埃及人	ai ji ren	0	Rime ICE GPL-3.0
塞满	sai man	0	CC-CEDICT CC BY-SA 4.0 + Rime ICE GPL-3.0
声纳	sheng na	0	CC-CEDICT CC BY-SA 4.0
处理的	chu li de	0	Rime ICE GPL-3.0
复活者	fu huo zhe	0	Rime ICE GPL-3.0
外国的	wai guo de	0	Rime ICE GPL-3.0
多产地	duo chan di	0	Rime ICE GPL-3.0
多孔性	duo kong xing	0	CC-CEDICT CC BY-SA 4.0 + Rime ICE GPL-3.0
多星的	duo xing de	0	Rime ICE GPL-3.0
大方地	da fang de	0	Rime ICE GPL-3.0
大脑的	da nao de	0	Rime ICE GPL-3.0
大草原	da cao yuan	0	CC-CEDICT CC BY-SA 4.0 + Rime ICE GPL-3.0
大都市	da du shi	0	CC-CEDICT CC BY-SA 4.0 + Rime ICE GPL-3.0
天上的	tian shang de	0	Rime ICE GPL-3.0
天生的	tian sheng de	0	Rime ICE GPL-3.0
失败的	shi bai de	0	Rime ICE GPL-3.0
失败者	shi bai zhe	0	CC-CEDICT CC BY-SA 4.0 + Rime ICE GPL-3.0
夹头	jia tou	0	CC-CEDICT CC BY-SA 4.0 + Rime ICE GPL-3.0
奇怪地	qi guai de	0	Rime ICE GPL-3.0
奋斗者	fen dou zhe	0	Rime ICE GPL-3.0
奥地利人	ao di li ren	0	Rime ICE GPL-3.0
女售货员	nv shou huo yuan	0	Rime ICE GPL-3.0
女大学生	nv da xue sheng	0	Rime ICE GPL-3.0
女教师	nv jiao shi	0	Rime ICE GPL-3.0
女祭司	nv ji si	0	Rime ICE GPL-3.0
女继承人	nv ji cheng ren	0	CC-CEDICT CC BY-SA 4.0 + Rime ICE GPL-3.0
女运动员	nv yun dong yuan	0	Rime ICE GPL-3.0
好奇地	hao qi de	0	Rime ICE GPL-3.0
妇科学	fu ke xue	0	Rime ICE GPL-3.0
始新世	shi xin shi	0	CC-CEDICT CC BY-SA 4.0 + Rime ICE GPL-3.0
学术上	xue shu shang	0	Rime ICE GPL-3.0
学问上	xue wen shang	0	Rime ICE GPL-3.0
完全地	wan quan de	0	Rime ICE GPL-3.0
定量配给	ding liang pei ji	0	Rime ICE GPL-3.0
实施者	shi shi zhe	0	Rime ICE GPL-3.0
实验者	shi yan zhe	0	Rime ICE GPL-3.0
审慎地	shen shen de	0	Rime ICE GPL-3.0
家族的	jia zu de	0	Rime ICE GPL-3.0
容易的	rong yi de	0	Rime ICE GPL-3.0
宽敞的	kuan chang de	0	Rime ICE GPL-3.0
宿命的	su ming de	0	Rime ICE GPL-3.0
对话者	dui hua zhe	0	Rime ICE GPL-3.0
导电率	dao dian lv	0	Rime ICE GPL-3.0
将来的	jiang lai de	0	Rime ICE GPL-3.0
小山羊	xiao shan yang	0	Rime ICE GPL-3.0
小瓶	xiao ping	0	Rime ICE GPL-3.0
尖声喊叫	jian sheng han jiao	0	Rime ICE GPL-3.0
局部的	ju bu de	0	Rime ICE GPL-3.0
居住者	ju zhu zhe	0	CC-CEDICT CC BY-SA 4.0 + Rime ICE GPL-3.0
岛的	dao de	0	Rime ICE GPL-3.0
崇拜偶像	chong bai ou xiang	0	Rime ICE GPL-3.0
巧妙地	qiao miao de	0	Rime ICE GPL-3.0
巨蛇座	ju she zuo	0	CC-CEDICT CC BY-SA 4.0 + Rime ICE GPL-3.0
巴西人	ba xi ren	0	Rime ICE GPL-3.0
巴黎人	ba li ren	0	Rime ICE GPL-3.0
帝国主义者	di guo zhu yi zhe	0	Rime ICE GPL-3.0
干净的	gan jing de	0	Rime ICE GPL-3.0
干草堆	gan cao dui	0	Rime ICE GPL-3.0
平凡的	ping fan de	0	Rime ICE GPL-3.0
平静地	ping jing de	0	Rime ICE GPL-3.0
平静的	ping jing de	0	Rime ICE GPL-3.0
幼发拉底河	you fa la di he	0	CC-CEDICT CC BY-SA 4.0 + Rime ICE GPL-3.0
庄重地	zhuang zhong de	0	Rime ICE GPL-3.0
床上用品	chuang shang yong pin	0	Rime ICE GPL-3.0
应支付的	ying zhi fu de	0	Rime ICE GPL-3.0
建筑的	jian zhu de	0	Rime ICE GPL-3.0
开胃菜	kai wei cai	0	CC-CEDICT CC BY-SA 4.0 + Rime ICE GPL-3.0
强制地	qiang zhi de	0	Rime ICE GPL-3.0
强制的	qiang zhi de	0	Rime ICE GPL-3.0
强烈地	qiang lie de	0	Rime ICE GPL-3.0
形式的	xing shi de	0	Rime ICE GPL-3.0
形成的	xing cheng de	0	Rime ICE GPL-3.0
影射的	ying she de	0	Rime ICE GPL-3.0
徒劳的	tu lao de	0	Rime ICE GPL-3.0
徒步旅行者	tu bu lv xing zhe	0	Rime ICE GPL-3.0
得不到的	de bu dao de	0	Rime ICE GPL-3.0
心脏地区	xin zang di qu	0	Rime ICE GPL-3.0
志愿者	zhi yuan zhe	0	CC-CEDICT CC BY-SA 4.0 + Rime ICE GPL-3.0
快活地	kuai huo de	0	Rime ICE GPL-3.0
快活的	kuai huo de	0	Rime ICE GPL-3.0
快速地	kuai su de	0	Rime ICE GPL-3.0
快马	kuai ma	0	Rime ICE GPL-3.0
怀疑的	huai yi de	0	Rime ICE GPL-3.0
怀疑者	huai yi zhe	0	Rime ICE GPL-3.0
恶意的	e yi de	0	Rime ICE GPL-3.0
恶毒的	e du de	0	Rime ICE GPL-3.0
悦耳之音	yue er zhi yin	0	Rime ICE GPL-3.0
悲观者	bei guan zhe	0	Rime ICE GPL-3.0
情感的	qing gan de	0	Rime ICE GPL-3.0
惊人地	jing ren de	0	Rime ICE GPL-3.0
惊人的	jing ren de	0	Rime ICE GPL-3.0
意外事故	yi wai shi gu	0	CC-CEDICT CC BY-SA 4.0 + Rime ICE GPL-3.0
意外的	yi wai de	0	Rime ICE GPL-3.0
愚笨的	yu ben de	0	Rime ICE GPL-3.0
愚钝的	yu dun de	0	Rime ICE GPL-3.0
感情的	gan qing de	0	Rime ICE GPL-3.0
慎重地	shen zhong de	0	Rime ICE GPL-3.0
慢吞吞地	man tun tun de	0	Rime ICE GPL-3.0
慢慢地	man man de	0	Rime ICE GPL-3.0
慢的	man de	0	Rime ICE GPL-3.0
房地产经纪人	fang di chan jing ji ren	0	Rime ICE GPL-3.0
打谷机	da gu ji	0	CC-CEDICT CC BY-SA 4.0 + Rime ICE GPL-3.0
承典人	cheng dian ren	0	Rime ICE GPL-3.0
抢劫者	qiang jie zhe	0	Rime ICE GPL-3.0
抵抗者	di kang zhe	0	Rime ICE GPL-3.0
抽鼻子	chou bi zi	0	Rime ICE GPL-3.0
拖网渔船	tuo wang yu chuan	0	Rime ICE GPL-3.0
指导者	zhi dao zhe	0	CC-CEDICT CC BY-SA 4.0 + Rime ICE GPL-3.0
挑毛病的	tiao mao bing de	0	Rime ICE GPL-3.0
捐赠人	juan zeng ren	0	Rime ICE GPL-3.0
接替者	jie ti zhe	0	Rime ICE GPL-3.0
提高者	ti gao zhe	0	Rime ICE GPL-3.0
搜索者	sou suo zhe	0	Rime ICE GPL-3.0
摄影报道	she ying bao dao	0	Rime ICE GPL-3.0
摇摆的	yao bai de	0	Rime ICE GPL-3.0
摩门教徒	mo men jiao tu	0	Rime ICE GPL-3.0
操作的	cao zuo de	0	Rime ICE GPL-3.0
放映员	fang ying yuan	0	Rime ICE GPL-3.0
政府的	zheng fu de	0	Rime ICE GPL-3.0
故意地	gu yi de	0	Rime ICE GPL-3.0
敏感地	min gan de	0	Rime ICE GPL-3.0
敏感的	min gan de	0	Rime ICE GPL-3.0
敏捷地	min jie de	0	Rime ICE GPL-3.0
敏锐地	min rui de	0	Rime ICE GPL-3.0
敏锐的	min rui de	0	Rime ICE GPL-3.0
救助者	jiu zhu zhe	0	Rime ICE GPL-3.0
救济院	jiu ji yuan	0	Rime ICE GPL-3.0
教育家	jiao yu jia	0	CC-CEDICT CC BY-SA 4.0 + Rime ICE GPL-3.0
数不清的	shu bu qing de	0	Rime ICE GPL-3.0
新会员	xin hui yuan	0	Rime ICE GPL-3.0
新闻广播	xin wen guang bo	0	Rime ICE GPL-3.0
方便地	fang bian de	0	Rime ICE GPL-3.0
旅行指南	lv xing zhi nan	0	Rime ICE GPL-3.0
旅行者	lv xing zhe	0	CC-CEDICT CC BY-SA 4.0 + Rime ICE GPL-3.0
旅馆老板	lv guan lao ban	0	Rime ICE GPL-3.0
无关的	wu guan de	0	Rime ICE GPL-3.0
无形的	wu xing de	0	Rime ICE GPL-3.0
无情的	wu qing de	0	Rime ICE GPL-3.0
无效的	wu xiao de	0	Rime ICE GPL-3.0
无烟的	wu yan de	0	Rime ICE GPL-3.0
无目的的	wu mu di de	0	Rime ICE GPL-3.0
无礼的	wu li de	0	Rime ICE GPL-3.0
无限的	wu xian de	0	Rime ICE GPL-3.0
既定的	ji ding de	0	Rime ICE GPL-3.0
旧的	jiu de	0	Rime ICE GPL-3.0
明星们	ming xing men	0	Rime ICE GPL-3.0
明显的	ming xian de	0	Rime ICE GPL-3.0
明智的	ming zhi de	0	Rime ICE GPL-3.0
明白的	ming bai de	0	Rime ICE GPL-3.0
易错的	yi cuo de	0	Rime ICE GPL-3.0
星云的	xing yun de	0	Rime ICE GPL-3.0
春天的	chun tian de	0	Rime ICE GPL-3.0
显著的	xian zhu de	0	Rime ICE GPL-3.0
暂时的	zan shi de	0	Rime ICE GPL-3.0
最快的	zui kuai de	0	Rime ICE GPL-3.0
月的	yue de	0	Rime ICE GPL-3.0
有关系的	you guan xi de	0	Rime ICE GPL-3.0
有区别的	you qu bie de	0	Rime ICE GPL-3.0
有效地	you xiao de	0	Rime ICE GPL-3.0
有效性	you xiao xing	0	CC-CEDICT CC BY-SA 4.0 + Rime ICE GPL-3.0
有益的	you yi de	0	Rime ICE GPL-3.0
有神论者	you shen lun zhe	0	CC-CEDICT CC BY-SA 4.0 + Rime ICE GPL-3.0
有组织的	you zu zhi de	0	Rime ICE GPL-3.0
有齿的	you chi de	0	Rime ICE GPL-3.0
未知的	wei zhi de	0	Rime ICE GPL-3.0
本能地	ben neng de	0	Rime ICE GPL-3.0
本能的	ben neng de	0	Rime ICE GPL-3.0
机械论者	ji xie lun zhe	0	Rime ICE GPL-3.0
杂交育种	za jiao yu zhong	0	Rime ICE GPL-3.0
板烟	ban yan	0	CC-CEDICT CC BY-SA 4.0 + Rime ICE GPL-3.0
柔和的	rou he de	0	Rime ICE GPL-3.0
柔韧的	rou ren de	0	Rime ICE GPL-3.0
格子呢	ge zi ni	0	CC-CEDICT CC BY-SA 4.0 + Rime ICE GPL-3.0
栽培者	zai pei zhe	0	Rime ICE GPL-3.0
桂冠诗人	gui guan shi ren	0	Rime ICE GPL-3.0
桨手	jiang shou	0	CC-CEDICT CC BY-SA 4.0
概念的	gai nian de	0	Rime ICE GPL-3.0
模仿者	mo fang zhe	0	Rime ICE GPL-3.0
模糊的	mo hu de	0	Rime ICE GPL-3.0
欢乐的	huan le de	0	Rime ICE GPL-3.0
正确地	zheng que de	0	Rime ICE GPL-3.0
死一般的	si yi ban de	0	Rime ICE GPL-3.0
死板的	si ban de	0	Rime ICE GPL-3.0
每月的	mei yue de	0	Rime ICE GPL-3.0
比例的	bi li de	0	Rime ICE GPL-3.0
毛利人	mao li ren	0	CC-CEDICT CC BY-SA 4.0
气态的	qi tai de	0	Rime ICE GPL-3.0
气象学者	qi xiang xue zhe	0	CC-CEDICT CC BY-SA 4.0 + Rime ICE GPL-3.0
水果商	shui guo shang	0	Rime ICE GPL-3.0
汽车的	qi che de	0	Rime ICE GPL-3.0
治疗的	zhi liao de	0	Rime ICE GPL-3.0
沼泽的	zhao ze de	0	Rime ICE GPL-3.0
波利尼西亚人	bo li ni xi ya ren	0	Rime ICE GPL-3.0
活泼的	huo po de	0	Rime ICE GPL-3.0
流浪者	liu lang zhe	0	CC-CEDICT CC BY-SA 4.0 + Rime ICE GPL-3.0
流纹岩	liu wen yan	0	CC-CEDICT CC BY-SA 4.0 + Rime ICE GPL-3.0
流行的	liu xing de	0	Rime ICE GPL-3.0
浊度	zhuo du	0	CC-CEDICT CC BY-SA 4.0 + Rime ICE GPL-3.0
测深	ce shen	0	CC-CEDICT CC BY-SA 4.0
测量员	ce liang yuan	0	Rime ICE GPL-3.0
海洋学家	hai yang xue jia	0	Rime ICE GPL-3.0
淡黄色的	dan huang se de	0	Rime ICE GPL-3.0
清唱剧	qing chang ju	0	Rime ICE GPL-3.0
清楚地	qing chu de	0	Rime ICE GPL-3.0
清洁工人	qing jie gong ren	0	Rime ICE GPL-3.0
清白的	qing bai de	0	Rime ICE GPL-3.0
渴望的	ke wang de	0	Rime ICE GPL-3.0
游泳者	you yong zhe	0	Rime ICE GPL-3.0
滑稽地	hua ji de	0	Rime ICE GPL-3.0
漂浮着	piao fu zhe	0	Rime ICE GPL-3.0
澳大利亚人	ao da li ya ren	0	Rime ICE GPL-3.0
激烈地	ji lie de	0	Rime ICE GPL-3.0
激进的	ji jin de	0	Rime ICE GPL-3.0
火的	huo de	0	Rime ICE GPL-3.0
灿烂的	can lan de	0	Rime ICE GPL-3.0
烟草商	yan cao shang	0	Rime ICE GPL-3.0
烤的	kao de	0	Rime ICE GPL-3.0
烦恼的	fan nao de	0	Rime ICE GPL-3.0
照惯例	zhao guan li	0	Rime ICE GPL-3.0
照顾者	zhao gu zhe	0	Rime ICE GPL-3.0
爱哭的	ai ku de	0	Rime ICE GPL-3.0
牛头刨床	niu tou bao chuang	0	Rime ICE GPL-3.0
牛的	niu de	0	Rime ICE GPL-3.0
物质的	wu zhi de	0	Rime ICE GPL-3.0
特技飞行	te ji fei xing	0	Rime ICE GPL-3.0
狠揍	hen zou	0	Rime ICE GPL-3.0
独奏者	du zou zhe	0	Rime ICE GPL-3.0
独特的	du te de	0	Rime ICE GPL-3.0
猛烈的	meng lie de	0	Rime ICE GPL-3.0
现代的	xian dai de	0	Rime ICE GPL-3.0
现实主义者	xian shi zhu yi zhe	0	Rime ICE GPL-3.0
现实地	xian shi de	0	Rime ICE GPL-3.0
珍珠似的	zhen zhu shi de	0	Rime ICE GPL-3.0
理性地	li xing de	0	Rime ICE GPL-3.0
理智地	li zhi de	0	Rime ICE GPL-3.0
瑞士人	rui shi ren	0	CC-CEDICT CC BY-SA 4.0 + Rime ICE GPL-3.0
生命的	sheng ming de	0	Rime ICE GPL-3.0
生存能力	sheng cun neng li	0	Rime ICE GPL-3.0
生气的	sheng qi de	0	Rime ICE GPL-3.0
用化学	yong hua xue	0	Rime ICE GPL-3.0
用声音	yong sheng yin	0	Rime ICE GPL-3.0
用手	yong shou	0	Rime ICE GPL-3.0
田园情趣	tian yuan qing qu	0	Rime ICE GPL-3.0
田园诗的	tian yuan shi de	0	Rime ICE GPL-3.0
由远处	you yuan chu	0	Rime ICE GPL-3.0
电导	dian dao	0	CC-CEDICT CC BY-SA 4.0 + Rime ICE GPL-3.0
畏缩的	wei suo de	0	Rime ICE GPL-3.0
瘦弱的	shou ruo de	0	Rime ICE GPL-3.0
白斑狗鱼	bai ban gou yu	0	Rime ICE GPL-3.0
百年纪念	bai nian ji nian	0	Rime ICE GPL-3.0
皮下的	pi xia de	0	Rime ICE GPL-3.0
监考人	jian kao ren	0	Rime ICE GPL-3.0
盛开的	sheng kai de	0	Rime ICE GPL-3.0
相对的	xiang dui de	0	Rime ICE GPL-3.0
看不见的	kan bu jian de	0	Rime ICE GPL-3.0
看得见的	kan de jian de	0	Rime ICE GPL-3.0
矛盾的	mao dun de	0	Rime ICE GPL-3.0
知觉的	zhi jue de	0	Rime ICE GPL-3.0
短暂的	duan zan de	0	Rime ICE GPL-3.0
石炭纪	shi tan ji	0	CC-CEDICT CC BY-SA 4.0 + Rime ICE GPL-3.0
石膏粉	shi gao fen	0	Rime ICE GPL-3.0
矿化	kuang hua	0	Rime ICE GPL-3.0
破坏分子	po huai fen zi	0	Rime ICE GPL-3.0
破旧衣服	po jiu yi fu	0	Rime ICE GPL-3.0
碘化物	dian hua wu	0	Rime ICE GPL-3.0
社交活动	she jiao huo dong	0	Rime ICE GPL-3.0
社会的	she hui de	0	Rime ICE GPL-3.0
祖传的	zu chuan de	0	Rime ICE GPL-3.0
神圣的	shen sheng de	0	Rime ICE GPL-3.0
禁止的	jin zhi de	0	Rime ICE GPL-3.0
种族主义者	zhong zu zhu yi zhe	0	CC-CEDICT CC BY-SA 4.0 + Rime ICE GPL-3.0
秘鲁人	bi lu ren	0	Rime ICE GPL-3.0
积极地	ji ji de	0	Rime ICE GPL-3.0
稳健的	wen jian de	0	Rime ICE GPL-3.0
空中分列	kong zhong fen lie	0	CC-CEDICT CC BY-SA 4.0
空军基地	kong jun ji di	0	CC-CEDICT CC BY-SA 4.0 + Rime ICE GPL-3.0
空间的	kong jian de	0	Rime ICE GPL-3.0
突出的	tu chu de	0	Rime ICE GPL-3.0
突发性的	tu fa xing de	0	Rime ICE GPL-3.0
突然地	tu ran de	0	Rime ICE GPL-3.0
立法机构	li fa ji gou	0	Rime ICE GPL-3.0
等温线	deng wen xian	0	Rime ICE GPL-3.0
等边的	deng bian de	0	Rime ICE GPL-3.0
筒仓	tong cang	0	Rime ICE GPL-3.0
签名者	qian ming zhe	0	Rime ICE GPL-3.0
管理的	guan li de	0	Rime ICE GPL-3.0
粗俗的	cu su de	0	Rime ICE GPL-3.0
粗糙的	cu cao de	0	Rime ICE GPL-3.0
精确的	jing que de	0	Rime ICE GPL-3.0
紧密地	jin mi de	0	Rime ICE GPL-3.0
紧急的	jin ji de	0	Rime ICE GPL-3.0
紧急需要	jin ji xu yao	0	Rime ICE GPL-3.0
红杉	hong shan	0	Rime ICE GPL-3.0
红树	hong shu	0	CC-CEDICT CC BY-SA 4.0 + Rime ICE GPL-3.0
红辣椒	hong la jiao	0	CC-CEDICT CC BY-SA 4.0 + Rime ICE GPL-3.0
纸牌游戏	zhi pai you xi	0	Rime ICE GPL-3.0
纺纱机	fang sha ji	0	Rime ICE GPL-3.0
组织的	zu zhi de	0	Rime ICE GPL-3.0
绅士的	shen shi de	0	Rime ICE GPL-3.0
细心的	xi xin de	0	Rime ICE GPL-3.0
结合的	jie he de	0	Rime ICE GPL-3.0
结壳	jie ke	0	CC-CEDICT CC BY-SA 4.0
绝对的	jue dui de	0	Rime ICE GPL-3.0
继续的	ji xu de	0	Rime ICE GPL-3.0
缺少的	que shao de	0	Rime ICE GPL-3.0
罐头厂	guan tou chang	0	Rime ICE GPL-3.0
罪恶的	zui e de	0	Rime ICE GPL-3.0
美国的	mei guo de	0	Rime ICE GPL-3.0
职业的	zhi ye de	0	Rime ICE GPL-3.0
联邦制	lian bang zhi	0	CC-CEDICT CC BY-SA 4.0 + Rime ICE GPL-3.0
聪明地	cong ming de	0	Rime ICE GPL-3.0
肖像画家	xiao xiang hua jia	0	Rime ICE GPL-3.0
胃的	wei de	0	Rime ICE GPL-3.0
脸皮厚的	lian pi hou de	0	Rime ICE GPL-3.0
腐殖质	fu zhi zhi	0	Rime ICE GPL-3.0
腐肉	fu rou	0	CC-CEDICT CC BY-SA 4.0 + Rime ICE GPL-3.0
腹部的	fu bu de	0	Rime ICE GPL-3.0
膨胀的	peng zhang de	0	Rime ICE GPL-3.0
自然主义	zi ran zhu yi	0	CC-CEDICT CC BY-SA 4.0 + Rime ICE GPL-3.0
自然的	zi ran de	0	Rime ICE GPL-3.0
自觉地	zi jue de	0	Rime ICE GPL-3.0
致命的	zhi ming de	0	Rime ICE GPL-3.0
舒适的	shu shi de	0	Rime ICE GPL-3.0
航行者	hang xing zhe	0	Rime ICE GPL-3.0
舷侧	xian ce	0	Rime ICE GPL-3.0
节俭的	jie jian de	0	Rime ICE GPL-3.0
节食者	jie shi zhe	0	Rime ICE GPL-3.0
花似的	hua shi de	0	Rime ICE GPL-3.0
苏格兰人	su ge lan ren	0	Rime ICE GPL-3.0
英国人	ying guo ren	0	CC-CEDICT CC BY-SA 4.0 + Rime ICE GPL-3.0
英国女人	ying guo nv ren	0	Rime ICE GPL-3.0
荷兰人	he lan ren	0	Rime ICE GPL-3.0
萎黄病	wei huang bing	0	Rime ICE GPL-3.0
营养学家	ying yang xue jia	0	Rime ICE GPL-3.0
薄的	bao de	0	Rime ICE GPL-3.0
虚伪地	xu wei de	0	Rime ICE GPL-3.0
蛋彩画	dan cai hua	0	Rime ICE GPL-3.0
行为不端	xing wei bu duan	0	Rime ICE GPL-3.0
行为的	xing wei de	0	Rime ICE GPL-3.0
表面的	biao mian de	0	Rime ICE GPL-3.0
衰弱的	shuai ruo de	0	Rime ICE GPL-3.0
装载量	zhuang zai liang	0	Rime ICE GPL-3.0
装饰图案	zhuang shi tu an	0	Rime ICE GPL-3.0
褪色的	tui se de	0	Rime ICE GPL-3.0
西南的	xi nan de	0	Rime ICE GPL-3.0
规划者	gui hua zhe	0	Rime ICE GPL-3.0
规定的	gui ding de	0	Rime ICE GPL-3.0
规费	gui fei	0	Rime ICE GPL-3.0
视觉的	shi jue de	0	Rime ICE GPL-3.0
视频文件	shi pin wen jian	0	Rime ICE GPL-3.0
训练的	xun lian de	0	Rime ICE GPL-3.0
诗意地	shi yi di	0	Rime ICE GPL-3.0
诚心诚意地	cheng xin cheng yi de	0	Rime ICE GPL-3.0
详细地	xiang xi de	0	Rime ICE GPL-3.0
语言的	yu yan de	0	Rime ICE GPL-3.0
说明者	shuo ming zhe	0	Rime ICE GPL-3.0
调查者	diao cha zhe	0	CC-CEDICT CC BY-SA 4.0 + Rime ICE GPL-3.0
谦逊的	qian xun de	0	Rime ICE GPL-3.0
谨慎地	jin shen de	0	Rime ICE GPL-3.0
象征性地	xiang zheng xing de	0	Rime ICE GPL-3.0
象限	xiang xian	0	CC-CEDICT CC BY-SA 4.0 + Rime ICE GPL-3.0
贡献者	gong xian zhe	0	CC-CEDICT CC BY-SA 4.0 + Rime ICE GPL-3.0
财政上	cai zheng shang	0	Rime ICE GPL-3.0
质量上	zhi liang shang	0	Rime ICE GPL-3.0
足球选手	zu qiu xuan shou	0	Rime ICE GPL-3.0
轻率的	qing shuai de	0	Rime ICE GPL-3.0
输入源	shu ru yuan	0	Rime ICE GPL-3.0
辛苦地	xin ku de	0	Rime ICE GPL-3.0
辞典编纂者	ci dian bian zuan zhe	0	Rime ICE GPL-3.0
迅速的	xun su de	0	Rime ICE GPL-3.0
过度放牧	guo du fang mu	0	Rime ICE GPL-3.0
过度的	guo du de	0	Rime ICE GPL-3.0
过时的	guo shi de	0	Rime ICE GPL-3.0
运动的	yun dong de	0	Rime ICE GPL-3.0
进口商品	jin kou shang pin	0	Rime ICE GPL-3.0
迟缓的	chi huan de	0	Rime ICE GPL-3.0
迟钝的	chi dun de	0	Rime ICE GPL-3.0
迷人的	mi ren de	0	Rime ICE GPL-3.0
迷信的	mi xin de	0	Rime ICE GPL-3.0
退化的	tui hua de	0	Rime ICE GPL-3.0
适合的	shi he de	0	Rime ICE GPL-3.0
适度地	shi du de	0	Rime ICE GPL-3.0
适当地	shi dang de	0	Rime ICE GPL-3.0
逃亡者	tao wang zhe	0	CC-CEDICT CC BY-SA 4.0 + Rime ICE GPL-3.0
通风的	tong feng de	0	Rime ICE GPL-3.0
道德上	dao de shang	0	Rime ICE GPL-3.0
遗弃物	yi qi wu	0	Rime ICE GPL-3.0
邪恶的	xie e de	0	Rime ICE GPL-3.0
邮政局长	you zheng ju zhang	0	Rime ICE GPL-3.0
邻接的	lin jie de	0	Rime ICE GPL-3.0
郊区居民	jiao qu ju min	0	Rime ICE GPL-3.0
郊外的	jiao wai de	0	Rime ICE GPL-3.0
部分时间	bu fen shi jian	0	Rime ICE GPL-3.0
部分的	bu fen de	0	Rime ICE GPL-3.0
部门的	bu men de	0	Rime ICE GPL-3.0
采集者	cai ji zhe	0	Rime ICE GPL-3.0
重新召集	chong xin zhao ji	0	Rime ICE GPL-3.0
重新调整	chong xin tiao zheng	0	Rime ICE GPL-3.0
重述	chong shu	0	CC-CEDICT CC BY-SA 4.0 + Rime ICE GPL-3.0
量筒	liang tong	0	CC-CEDICT CC BY-SA 4.0 + Rime ICE GPL-3.0
钢的	gang de	0	Rime ICE GPL-3.0
铁磁体	tie ci ti	0	Rime ICE GPL-3.0
铝的	lv de	0	Rime ICE GPL-3.0
铬合金	ge he jin	0	Rime ICE GPL-3.0
铭记于心	ming ji yu xin	0	Rime ICE GPL-3.0
错配	cuo pei	0	CC-CEDICT CC BY-SA 4.0 + Rime ICE GPL-3.0
锡的	xi de	0	Rime ICE GPL-3.0
锯工	ju gong	0	CC-CEDICT CC BY-SA 4.0 + Rime ICE GPL-3.0
长满	zhang man	0	CC-CEDICT CC BY-SA 4.0 + Rime ICE GPL-3.0
闯入者	chuang ru zhe	0	Rime ICE GPL-3.0
间接的	jian jie de	0	Rime ICE GPL-3.0
闷热的	men re de	0	Rime ICE GPL-3.0
阿拉伯半岛	a la bo ban dao	0	CC-CEDICT CC BY-SA 4.0 + Rime ICE GPL-3.0
限制的	xian zhi de	0	Rime ICE GPL-3.0
雄鹿	xiong lu	0	CC-CEDICT CC BY-SA 4.0 + Rime ICE GPL-3.0
雅典人	ya dian ren	0	Rime ICE GPL-3.0
雕刻匠	diao ke jiang	0	Rime ICE GPL-3.0
零售业	ling shou ye	0	Rime ICE GPL-3.0
雷鸟	lei niao	0	CC-CEDICT CC BY-SA 4.0 + Rime ICE GPL-3.0
露营者	lu ying zhe	0	Rime ICE GPL-3.0
青金石	qing jin shi	0	CC-CEDICT CC BY-SA 4.0 + Rime ICE GPL-3.0
静止的	jing zhi de	0	Rime ICE GPL-3.0
非常地	fei chang de	0	Rime ICE GPL-3.0
非暴力	fei bao li	0	CC-CEDICT CC BY-SA 4.0 + Rime ICE GPL-3.0
非本地人	fei ben di ren	0	Rime ICE GPL-3.0
靠不住的	kao bu zhu de	0	Rime ICE GPL-3.0
音乐节拍	yin yue jie pai	0	Rime ICE GPL-3.0
页数	ye shu	0	Rime ICE GPL-3.0
顺利地	shun li de	0	Rime ICE GPL-3.0
顽固分子	wan gu fen zi	0	Rime ICE GPL-3.0
顽固的	wan gu de	0	Rime ICE GPL-3.0
顽强地	wan qiang de	0	Rime ICE GPL-3.0
预先警告	yu xian jing gao	0	Rime ICE GPL-3.0
预报员	yu bao yuan	0	Rime ICE GPL-3.0
领带夹	ling dai jia	0	Rime ICE GPL-3.0
颠倒的	dian dao de	0	Rime ICE GPL-3.0
风刮的	feng gua de	0	Rime ICE GPL-3.0
风景画家	feng jing hua jia	0	Rime ICE GPL-3.0
飞机的	fei ji de	0	Rime ICE GPL-3.0
马克思主义者	ma ke si zhu yi zhe	0	Rime ICE GPL-3.0
马利筋	ma li jin	0	CC-CEDICT CC BY-SA 4.0 + Rime ICE GPL-3.0
马毛	ma mao	0	Rime ICE GPL-3.0
马的	ma de	0	Rime ICE GPL-3.0
高贵的	gao gui de	0	Rime ICE GPL-3.0
鬼婆	gui po	0	CC-CEDICT CC BY-SA 4.0
黏结	nian jie	0	CC-CEDICT CC BY-SA 4.0 + Rime ICE GPL-3.0
黑雁	hei yan	0	CC-CEDICT CC BY-SA 4.0
黑鸟	hei niao	0	Rime ICE GPL-3.0
