一家人	household	n.	ECDICT
一流	ace	adj.	ECDICT
一生	life	n.	ECDICT
一瞥	glance	n.	ECDICT
一致	accordance	n.	Wordtrail-reviewed
一致的	one	adj.	ECDICT
一致的	consonant	adj.	ECDICT
一致的	coincident	adj.	ECDICT
一致的	corresponding	adj.	ECDICT
一般的	generic	adj.	ECDICT
上升	climb	v.	ECDICT
上演	present	v.	ECDICT
上等	super	adj.	ECDICT
上等	choice	adj.	ECDICT
上述	above	adj.	ECDICT
下垂	droop	v.	ECDICT
下流	indecent	adj.	ECDICT
下狱	incarcerate	v.	ECDICT
下狱	jail	v.	ECDICT
下等	coarse	adj.	ECDICT
下陷	settle	v.	ECDICT
下陷	sink	v.	ECDICT
不久	shortly	adv.	ECDICT
不久	presently	adv.	ECDICT
不信	discredit	v.	ECDICT
不信任	mistrust	v.	ECDICT
不健康	unfit	adj.	ECDICT
不公平的	unjust	adj.	ECDICT
不利	adverse	adj.	ECDICT
不卫生	unsanitary	adj.	ECDICT
不可思议	marvellous	adj.	ECDICT
不可避免	unavoidable	adj.	ECDICT
不可避免	ineluctable	adj.	ECDICT
不可避免	inescapable	adj.	ECDICT
不合适	improper	adj.	ECDICT
不吉利	unfortunate	adj.	ECDICT
不同的	various	adj.	ECDICT
不同的	diverse	adj.	ECDICT
不同的	variant	adj.	ECDICT
不同的	dissimilar	adj.	ECDICT
不同的	another	adj.	ECDICT
不同的	unlike	adj.	ECDICT
不同的	distinct	adj.	ECDICT
不听话	refractory	adj.	ECDICT
不安	nervous	adj.	ECDICT
不安	uncomfortable	adj.	ECDICT
不安全	insecure	adj.	ECDICT
不完全	half	adj.	ECDICT
不完美	faulty	adj.	ECDICT
不定	variable	adj.	ECDICT
不对称	asymmetrical	adj.	ECDICT
不寻常	uncommon	adj.	ECDICT
不常	seldom	adv.	ECDICT
不幸的	poor	adj.	ECDICT
不幸的	unhappy	adj.	ECDICT
不幸的	fatal	adj.	ECDICT
不幸的	wretched	adj.	ECDICT
不幸的	unlucky	adj.	ECDICT
不必要	needless	adj.	ECDICT
不情愿	loath	adj.	ECDICT
不懂事	innocent	adj.	ECDICT
不敬	irreverent	adj.	ECDICT
不断地	endlessly	adv.	ECDICT
不断地	incessantly	adv.	ECDICT
不正常	deviant	adj.	ECDICT
不正确	erroneous	adj.	ECDICT
不毛	sterile	adj.	ECDICT
不法	illicit	adj.	ECDICT
不法	illegitimate	adj.	ECDICT
不清楚	vague	adj.	ECDICT
不满	dissatisfaction	n.	Wordtrail-reviewed
不确定的	dubious	adj.	ECDICT
不确定的	indefinite	adj.	ECDICT
不祥	ugly	adj.	ECDICT
不稳	crank	adj.	ECDICT
不稳定	precarious	adj.	ECDICT
不稳定	erratic	adj.	ECDICT
不稳定	uneasy	adj.	ECDICT
不老实	false	adj.	ECDICT
不自在	uneasy	adj.	ECDICT
不自然	contrived	adj.	ECDICT
不舒服	sick	adj.	ECDICT
不舒服	uneasy	adj.	ECDICT
不良	ill	adj.	ECDICT
不见	vanish	v.	ECDICT
不规则	anomalous	adj.	ECDICT
不规则	abnormal	adj.	ECDICT
不足	shortfall	n.	ECDICT
不足	deficiency	n.	ECDICT
不道德	shameful	adj.	ECDICT
不重要	trivial	adj.	ECDICT
不间断	uninterrupted	adj.	ECDICT
不顾	neglect	v.	ECDICT
不顾	disregard	v.	ECDICT
丑恶	hideous	adj.	ECDICT
丑的	frightful	adj.	ECDICT
专业	speciality	n.	ECDICT
专长	speciality	n.	ECDICT
世俗的	lay	adj.	ECDICT
世俗的	profane	adj.	ECDICT
世俗的	worldly	adj.	ECDICT
世界	earth	n.	ECDICT
世界末日	doomsday	n.	ECDICT
两星期	fortnight	n.	ECDICT
严厉的	rigorous	adj.	ECDICT
严厉的	stern	adj.	ECDICT
严厉的	tight	adj.	ECDICT
严厉的	stiff	adj.	ECDICT
严密	close	adj.	ECDICT
严密	rigorous	adj.	ECDICT
严峻	forbidding	adj.	ECDICT
严峻	austere	adj.	ECDICT
严格的	severe	adj.	ECDICT
严格的	rigid	adj.	ECDICT
严格的	rigorous	adj.	ECDICT
严格的	stern	adj.	ECDICT
严肃	sober	adj.	ECDICT
严肃	severe	adj.	ECDICT
严肃	grave	adj.	ECDICT
严重	badly	adv.	Wordtrail-reviewed
严重的	severe	adj.	ECDICT
严重的	acute	adj.	ECDICT
丧生	perish	v.	ECDICT
个别的	single	adj.	ECDICT
个别的	various	adj.	ECDICT
中产阶级	bourgeoisie	n.	ECDICT
中午	midday	n.	ECDICT
中和	counteract	v.	ECDICT
中央	middle	n.	ECDICT
中心	centre	n.	ECDICT
中心	heart	n.	ECDICT
中心	kernel	n.	ECDICT
中立	indifferent	adj.	ECDICT
中等	average	adj.	ECDICT
中等	moderate	adj.	ECDICT
中锋	centre	n.	ECDICT
丰厚	munificent	adj.	ECDICT
丰富	copious	adj.	Wordtrail-reviewed
丰富	plentiful	adj.	Wordtrail-reviewed
丰富	full	adj.	ECDICT
丰富	ample	adj.	ECDICT
丰饶	plentiful	adj.	ECDICT
临时	interim	adj.	ECDICT
临时工	temporary	n.	ECDICT
丹宁酸	tannin	n.	ECDICT
主妇	homemaker	n.	ECDICT
主席	chair	n.	ECDICT
主意	mind	n.	ECDICT
主管	director	n.	ECDICT
主要	chief	adj.	ECDICT
主要	principal	adj.	ECDICT
主要	staple	adj.	ECDICT
主要	primal	adj.	ECDICT
主要	cardinal	adj.	ECDICT
主要	great	adj.	ECDICT
主要	master	adj.	ECDICT
主题	motif	n.	ECDICT
主题	subject	n.	ECDICT
举起	elevate	v.	ECDICT
举起	lift	v.	ECDICT
举起	rear	v.	ECDICT
乏味	insipid	adj.	ECDICT
也许	possibly	adv.	ECDICT
习惯	usage	n.	ECDICT
习惯性	chronic	adj.	ECDICT
书店	bookshop	n.	ECDICT
书法	penmanship	n.	ECDICT
了不起	splendid	adj.	ECDICT
了解	realize	v.	ECDICT
争执	conflict	n.	ECDICT
争论	debate	v.	ECDICT
二重唱	duo	n.	ECDICT
互惠	reciprocal	adj.	ECDICT
交叉点	crossing	n.	ECDICT
交换	commute	v.	ECDICT
交换	interchange	v.	ECDICT
交易	deal	n.	ECDICT
产物	production	n.	ECDICT
产生	mother	v.	ECDICT
产生	engender	v.	ECDICT
产生	make	v.	ECDICT
产生	give	v.	ECDICT
亲切	gracious	adj.	ECDICT
亲切	amiable	adj.	ECDICT
亲切	kindhearted	adj.	ECDICT
亲切	friendly	adj.	ECDICT
亲密	familiar	adj.	ECDICT
亲戚	relation	n.	ECDICT
亲爱的	darling	adj.	ECDICT
人为	factitious	adj.	ECDICT
人体	flesh	n.	ECDICT
人类	humankind	n.	ECDICT
人类	human	n.	Wordtrail-reviewed
人类	man	n.	ECDICT
人行道	pavement	n.	ECDICT
人造	contrived	adj.	ECDICT
人造	synthetic	adj.	ECDICT
人造卫星	satellite	n.	ECDICT
仅仅	but	adv.	ECDICT
仅仅	just	adv.	ECDICT
仅仅	only	adv.	ECDICT
仅有的	sole	adj.	ECDICT
仇敌	foe	n.	ECDICT
介绍	present	v.	ECDICT
介绍	acquaint	v.	ECDICT
仍然	nonetheless	adv.	ECDICT
从容	easy	adj.	ECDICT
从容	quiet	adj.	ECDICT
从容	deliberate	adj.	ECDICT
从犯	accessary	n.	ECDICT
仔细的	narrow	adj.	ECDICT
付出	give	v.	ECDICT
代价	toll	n.	ECDICT
代替	supersede	v.	ECDICT
代理人	factor	n.	ECDICT
代表	typify	v.	ECDICT
代表团	mission	n.	ECDICT
以为	suppose	v.	ECDICT
以前	ago	adv.	Wordtrail-reviewed
仪式	ceremonial	n.	ECDICT
仪态	presence	n.	ECDICT
任务	assignment	n.	Wordtrail-reviewed
任命	name	v.	ECDICT
任命	constitute	v.	ECDICT
任命	nominate	v.	ECDICT
任性	wayward	adj.	ECDICT
任性	wilful	adj.	ECDICT
伐木	log	v.	ECDICT
休息	repose	v.	ECDICT
优势	vantage	n.	ECDICT
优点	virtue	n.	ECDICT
伙伴	associate	n.	ECDICT
伙伴	comrade	n.	ECDICT
会长	chairman	n.	ECDICT
传单	leaflet	n.	Wordtrail-reviewed
传唤	summons	v.	ECDICT
传播	disperse	v.	ECDICT
传播	propagate	v.	ECDICT
传播	diffuse	v.	ECDICT
传达	communicate	v.	ECDICT
传送	transport	v.	ECDICT
传送	carry	v.	ECDICT
传递	transfer	v.	ECDICT
传闻	hearsay	n.	ECDICT
传闻	rumour	n.	ECDICT
伤害	wound	v.	ECDICT
伤害	injure	v.	ECDICT
伦理	ethical	adj.	Wordtrail-reviewed
估计	figure	v.	ECDICT
估计	gauge	v.	ECDICT
估计	reckon	v.	ECDICT
伶俐	smart	adj.	ECDICT
伸展	unfold	v.	ECDICT
伸展	extend	v.	ECDICT
位置	location	n.	ECDICT
位置	place	n.	ECDICT
位置	situation	n.	ECDICT
低估	undervalue	v.	ECDICT
低劣	base	adj.	ECDICT
低等	low	adj.	ECDICT
住处	residency	n.	ECDICT
体制	organization	n.	ECDICT
体格	build	n.	ECDICT
体格	frame	n.	ECDICT
体液	humour	n.	ECDICT
体现	incarnate	v.	ECDICT
体积	bulk	n.	ECDICT
体谅	sympathize	v.	ECDICT
体贴	thoughtful	adj.	ECDICT
作家	author	n.	ECDICT
作战	campaign	v.	ECDICT
使得	get	v.	ECDICT
使用	employ	v.	ECDICT
例子	instance	n.	ECDICT
例证	illustration	n.	ECDICT
侏儒	midget	n.	ECDICT
供养	sustain	v.	ECDICT
供应	provide	v.	ECDICT
供给	furnish	v.	ECDICT
依偎	cuddle	v.	ECDICT
依赖	reckon	v.	ECDICT
侦察	scout	v.	ECDICT
侵犯	encroach	v.	ECDICT
侵蚀	gnaw	v.	ECDICT
便利	handy	adj.	ECDICT
便宜	inexpensive	adj.	ECDICT
促进	facilitate	v.	Wordtrail-reviewed
促进	foster	v.	Wordtrail-reviewed
促进	further	v.	ECDICT
促进	advance	v.	ECDICT
促进	boost	v.	ECDICT
俘获	seize	v.	ECDICT
保卫	guard	v.	ECDICT
保卫	champion	v.	ECDICT
保姆	nurse	n.	ECDICT
保存	conserve	v.	ECDICT
保存	keep	v.	ECDICT
保护	safeguard	v.	Wordtrail-reviewed
保持	retain	v.	ECDICT
保持	preserve	v.	ECDICT
保留	save	v.	ECDICT
保证	assure	v.	ECDICT
保证	ensure	v.	ECDICT
保证	secure	v.	ECDICT
保证	undertake	v.	ECDICT
保证	warrant	v.	ECDICT
保险公司	insurer	n.	ECDICT
保险单	policy	n.	ECDICT
信仰	religion	n.	ECDICT
信任	rely	v.	ECDICT
信号旗	flag	n.	ECDICT
信心	assurance	n.	ECDICT
信心	trust	n.	ECDICT
信纸	stationery	n.	ECDICT
信赖	rely	v.	ECDICT
信赖	confide	v.	ECDICT
信赖	hope	v.	ECDICT
信风	trade	n.	ECDICT
修养	culture	n.	ECDICT
修剪	clip	v.	ECDICT
修剪	prune	v.	ECDICT
修剪	crop	v.	ECDICT
修剪	shave	v.	ECDICT
修理	fix	v.	ECDICT
修理	mend	v.	ECDICT
修缮	remedy	v.	ECDICT
修补	restore	v.	ECDICT
修补	remedy	v.	ECDICT
修饰	embellish	v.	ECDICT
修饰	ornament	v.	ECDICT
倒下	fall	v.	ECDICT
倒塌	tumble	v.	ECDICT
倒退	retrograde	v.	ECDICT
倒霉	hapless	adj.	ECDICT
倔强	obstinate	adj.	ECDICT
债务	liability	n.	Wordtrail-reviewed
值得	merit	v.	ECDICT
倾吐	pour	v.	ECDICT
倾向	inclination	n.	ECDICT
倾向	propensity	n.	ECDICT
倾向	trend	n.	ECDICT
倾听	hear	v.	ECDICT
倾斜	tip	v.	ECDICT
倾斜	lean	v.	ECDICT
倾斜	pitch	v.	ECDICT
倾覆	tip	v.	ECDICT
倾覆	overthrow	v.	ECDICT
假定	presume	v.	ECDICT
假的	mock	adj.	ECDICT
假的	bogus	adj.	ECDICT
假的	sham	adj.	ECDICT
假的	unreal	adj.	ECDICT
假的	pseudo	adj.	ECDICT
假的	false	adj.	ECDICT
假的	artificial	adj.	ECDICT
假装	sham	v.	ECDICT
假装	feign	v.	ECDICT
假装	act	v.	ECDICT
假装	affect	v.	ECDICT
假设	hypothesize	v.	ECDICT
假造	fake	v.	ECDICT
假造	manufacture	v.	ECDICT
偏僻	secret	adj.	ECDICT
偏狭	intolerant	adj.	ECDICT
偏袒	favour	v.	ECDICT
偏见	bias	n.	ECDICT
做声	utter	v.	ECDICT
停止	cease	v.	ECDICT
停止	quit	v.	ECDICT
停止	halt	v.	ECDICT
停留	abide	v.	ECDICT
停留	stick	v.	ECDICT
停顿	hesitate	v.	ECDICT
健全	wholesome	adj.	ECDICT
健康	sound	adj.	ECDICT
健谈	communicative	adj.	ECDICT
健身房	gymnasium	n.	ECDICT
偶然	fortuitous	adj.	ECDICT
偷听	overhear	v.	Wordtrail-reviewed
偿还	refund	v.	ECDICT
傀儡	tool	n.	ECDICT
储藏室	storeroom	n.	ECDICT
催促	press	v.	ECDICT
傲慢	overbearing	adj.	ECDICT
傲慢	snooty	adj.	ECDICT
傻的	foolish	adj.	ECDICT
僵局	deadlock	n.	ECDICT
允许	grant	v.	ECDICT
元件	element	n.	ECDICT
充足	abundance	n.	Wordtrail-reviewed
充足的	enough	adj.	ECDICT
先兆	prognostic	n.	ECDICT
先见之明	foresightedness	n.	ECDICT
先锋	van	n.	ECDICT
先驱	herald	n.	ECDICT
光亮	shining	adj.	ECDICT
光源	light	n.	ECDICT
光滑	sleek	adj.	ECDICT
光秃	bald	adj.	ECDICT
光线	beam	n.	ECDICT
免费的	gratuitous	adj.	ECDICT
兑换	change	v.	ECDICT
兑换	convert	v.	ECDICT
兔唇	harelip	n.	ECDICT
兜售	hawk	v.	ECDICT
入口	entry	n.	ECDICT
全世界的	universal	adj.	ECDICT
全然	all	adv.	ECDICT
全面	general	adj.	ECDICT
公共	common	adj.	ECDICT
公共汽车	omnibus	n.	ECDICT
公平	equitable	adj.	ECDICT
公有	communal	adj.	ECDICT
公正的	righteous	adj.	ECDICT
公正的	upright	adj.	ECDICT
公鸡	cock	n.	ECDICT
共同	collective	adj.	ECDICT
共和国	commonwealth	n.	ECDICT
共计	number	v.	ECDICT
共谋	collude	v.	ECDICT
关心的	solicitous	adj.	ECDICT
关押	jug	v.	ECDICT
关节	articulation	n.	ECDICT
兴奋	excitement	n.	Wordtrail-reviewed
典型的	representative	adj.	ECDICT
养料	food	n.	ECDICT
养育	rear	v.	ECDICT
养育	nurture	v.	ECDICT
兽医	vet	n.	ECDICT
兽医	veterinary	n.	ECDICT
兽性	savagery	n.	ECDICT
内心的	inward	adj.	ECDICT
内心的	innermost	adj.	ECDICT
冒烟	fume	v.	ECDICT
冒险	chance	v.	ECDICT
冒险	venture	v.	ECDICT
冗长	long	adj.	ECDICT
写作	compose	v.	ECDICT
写作	pen	v.	ECDICT
军刀	sabre	n.	ECDICT
农业	farming	n.	ECDICT
农事	husbandry	n.	ECDICT
冬季	wintertime	n.	ECDICT
冰冷	icy	adj.	ECDICT
冰山	berg	n.	ECDICT
冰球	hockey	n.	ECDICT
冰的	glacial	adj.	ECDICT
冲击	shock	n.	ECDICT
冲力	impulse	n.	ECDICT
冲动	urge	n.	ECDICT
冲突	strife	n.	Wordtrail-reviewed
决定	settle	v.	ECDICT
决定	resolve	v.	ECDICT
决定性的	crucial	adj.	ECDICT
决定性的	determinant	adj.	ECDICT
决定性的	critical	adj.	ECDICT
决心	decision	n.	ECDICT
决心	purpose	n.	ECDICT
决裂	break	v.	ECDICT
冷淡	cool	adj.	ECDICT
冷淡	icy	adj.	ECDICT
冷淡	detached	adj.	ECDICT
冷静	cool	adj.	ECDICT
净利	net	n.	ECDICT
准备	fix	v.	ECDICT
准确	precise	adj.	Wordtrail-reviewed
准确	exact	adj.	ECDICT
凌辱	outrage	v.	ECDICT
减去	deduct	v.	ECDICT
减少	curtail	v.	Wordtrail-reviewed
减少	diminish	v.	Wordtrail-reviewed
减少	lessen	v.	ECDICT
减少	cut	v.	ECDICT
减少	shorten	v.	ECDICT
减弱	fall	v.	ECDICT
减肥	reduce	v.	ECDICT
减轻	ease	v.	ECDICT
减轻	relieve	v.	ECDICT
减速	retard	v.	ECDICT
凝视	stare	v.	ECDICT
几乎	nearly	adv.	ECDICT
几乎	practically	adv.	Wordtrail-reviewed
几乎不	barely	adv.	ECDICT
几率	odds	n.	Wordtrail-reviewed
凶暴	violent	adj.	ECDICT
凸出	project	v.	ECDICT
凸出	bulge	v.	ECDICT
出价	offer	v.	ECDICT
出众	superior	adj.	ECDICT
出众	conspicuous	adj.	ECDICT
出发	leave	v.	ECDICT
出发	departure	n.	Wordtrail-reviewed
出发	start	v.	ECDICT
出口	outlet	n.	ECDICT
出口	issue	n.	ECDICT
出席	presence	n.	Wordtrail-reviewed
出汗	perspire	v.	ECDICT
出生率	birthrate	n.	ECDICT
出租	let	v.	ECDICT
出租	hire	v.	ECDICT
出租车	cab	n.	ECDICT
出租车	taxicab	n.	ECDICT
出租车	hack	n.	ECDICT
出身	parentage	n.	ECDICT
分享	partake	v.	ECDICT
分发	dispense	v.	ECDICT
分开	part	v.	ECDICT
分开	divide	v.	ECDICT
分开	split	v.	ECDICT
分手	part	v.	ECDICT
分支	offshoot	n.	ECDICT
分数	mark	n.	ECDICT
分析	analyse	v.	ECDICT
分析	analysis	n.	Wordtrail-reviewed
分枝	ramification	n.	ECDICT
分歧	variance	n.	ECDICT
分水岭	divide	n.	ECDICT
分离	split	v.	ECDICT
分离	part	v.	ECDICT
分类	class	v.	ECDICT
分类	sort	v.	ECDICT
分部	subdivision	n.	ECDICT
分配	deal	v.	ECDICT
分配	allot	v.	ECDICT
分配	apportion	v.	ECDICT
分配	dispense	v.	ECDICT
切断	cut	v.	ECDICT
切题	pertinent	adj.	ECDICT
列举	name	v.	ECDICT
刚刚	hardly	adv.	ECDICT
刚强	stiff	adj.	ECDICT
创伤	hurt	n.	ECDICT
创立	institute	v.	ECDICT
创立	found	v.	ECDICT
创造	make	v.	ECDICT
初级	simple	adj.	ECDICT
删去	cancel	v.	ECDICT
删节	cut	v.	ECDICT
判决	judgement	n.	ECDICT
判刑	condemn	v.	ECDICT
判断	estimate	v.	ECDICT
利润	gain	n.	ECDICT
利用	utilise	v.	ECDICT
到达	get	v.	ECDICT
到达	make	v.	ECDICT
到达	come	v.	ECDICT
制造	fabricate	v.	ECDICT
制造	production	n.	Wordtrail-reviewed
制造厂	mill	n.	ECDICT
刺激	excite	v.	ECDICT
刺激	stimulus	n.	Wordtrail-reviewed
刺痛	bite	v.	ECDICT
刺耳	strident	adj.	ECDICT
刺耳	sharp	adj.	ECDICT
刻板	rigid	adj.	ECDICT
刻苦	industrious	adj.	ECDICT
剂量	dosage	n.	ECDICT
削弱	impair	v.	Wordtrail-reviewed
削弱	break	v.	ECDICT
前线	front	n.	ECDICT
前言	foreword	n.	ECDICT
前辈	elder	n.	ECDICT
前途	outlook	n.	ECDICT
剥夺	strip	v.	ECDICT
剥皮	skin	v.	ECDICT
剥落	flake	v.	ECDICT
剥落	peel	v.	ECDICT
剧作家	dramatist	n.	ECDICT
剧场	theatre	n.	ECDICT
剧烈	smart	adj.	ECDICT
剩余	remnant	n.	ECDICT
剩余	residual	n.	ECDICT
剪辑	cut	v.	ECDICT
副业	avocation	n.	ECDICT
副产品	byproduct	n.	ECDICT
副歌	refrain	n.	ECDICT
剽窃	lift	v.	ECDICT
力图	endeavour	v.	ECDICT
力量	might	n.	ECDICT
力量	force	n.	ECDICT
力量	potency	n.	ECDICT
劝告	recommend	v.	ECDICT
劝告	counsel	v.	ECDICT
加快	quicken	v.	ECDICT
加速	speed	v.	ECDICT
动人	touching	adj.	ECDICT
动作	motion	n.	ECDICT
动向	drift	n.	ECDICT
动态的	dynamical	adj.	ECDICT
动摇	sway	v.	ECDICT
动机	motivation	n.	ECDICT
动机	incentive	n.	Wordtrail-reviewed
动物	creature	n.	ECDICT
动物	beast	n.	ECDICT
助长	further	v.	ECDICT
努力	endeavor	v.	ECDICT
努力	endeavour	v.	ECDICT
努力	strain	v.	ECDICT
劳动	labour	n.	ECDICT
勇敢的	game	adj.	ECDICT
勇敢的	hardy	adj.	ECDICT
勇敢的	fearless	adj.	ECDICT
勒索	wring	v.	ECDICT
勤勉	industrious	adj.	ECDICT
勤勉	assiduous	adj.	ECDICT
包含	comprise	v.	ECDICT
包含	carry	v.	ECDICT
包围	ring	v.	ECDICT
包扎	bind	v.	ECDICT
包裹	package	n.	ECDICT
包起来	wrap	v.	ECDICT
化合	compound	v.	ECDICT
化装	mask	v.	ECDICT
北方	northward	n.	ECDICT
区分	separate	v.	ECDICT
区分	differentiate	v.	ECDICT
区别	distinction	n.	Wordtrail-reviewed
区域	region	n.	ECDICT
医药	medication	n.	ECDICT
医院	infirmary	n.	ECDICT
十分	full	adv.	ECDICT
十足	rank	adj.	ECDICT
升起	lift	v.	ECDICT
升高	lift	v.	ECDICT
升高	heighten	v.	ECDICT
协助	assistance	n.	Wordtrail-reviewed
协定	pact	n.	ECDICT
卑贱	ignoble	adj.	ECDICT
卑贱	low	adj.	ECDICT
卑鄙	wretched	adj.	ECDICT
卓著	distinguished	adj.	ECDICT
卓越的	prominent	adj.	ECDICT
卓越的	transcendent	adj.	ECDICT
单一	singular	adj.	ECDICT
单独的	sole	adj.	ECDICT
单调	monotone	adj.	ECDICT
单调	flat	adj.	ECDICT
南风	southerly	n.	ECDICT
博学	erudite	adj.	ECDICT
博得	earn	v.	ECDICT
博览会	exposition	n.	ECDICT
占有	possession	n.	Wordtrail-reviewed
印记	marking	n.	ECDICT
印象	effect	n.	ECDICT
危及	peril	v.	ECDICT
危害	scathe	n.	ECDICT
危急	desperate	adj.	ECDICT
危险的	risky	adj.	ECDICT
危险的	hazardous	adj.	ECDICT
危险的	perilous	adj.	ECDICT
危险的	critical	adj.	ECDICT
即时	instantaneous	adj.	ECDICT
卷尺	tape	n.	ECDICT
卷烟	cigaret	n.	ECDICT
卸下	discharge	v.	ECDICT
压低	depress	v.	ECDICT
压倒	overtake	v.	ECDICT
压制	repress	v.	ECDICT
压制	subdue	v.	ECDICT
压力	press	n.	ECDICT
压榨	press	v.	ECDICT
压榨	rack	v.	ECDICT
压缩	constrict	v.	ECDICT
压缩	compact	v.	ECDICT
厕所	lavatory	n.	ECDICT
厕所	bathroom	n.	ECDICT
厕所	stool	n.	ECDICT
原始的	rude	adj.	ECDICT
原始的	savage	adj.	ECDICT
原料	staple	n.	ECDICT
去世	exit	v.	ECDICT
参加	enter	v.	ECDICT
友善的	amicable	adj.	ECDICT
友谊	fellowship	n.	Wordtrail-reviewed
反冲	kick	n.	ECDICT
反对	opposition	n.	Wordtrail-reviewed
反射率	reflectivity	n.	ECDICT
反应	response	n.	ECDICT
反省	meditate	v.	ECDICT
发光	radiate	v.	ECDICT
发展	development	n.	Wordtrail-reviewed
发展	grow	v.	ECDICT
发布	issue	v.	ECDICT
发掘	dig	v.	ECDICT
发明	contrive	v.	ECDICT
发明	devise	v.	ECDICT
发现	detect	v.	ECDICT
发现	discovery	n.	Wordtrail-reviewed
发电机	dynamo	n.	Wordtrail-reviewed
发祥地	cradle	n.	ECDICT
发芽	germinate	v.	ECDICT
发芽	shoot	v.	ECDICT
发行	publish	v.	ECDICT
发表	utter	v.	ECDICT
发言人	spokesman	n.	Wordtrail-reviewed
发起	originate	v.	ECDICT
发酵	sour	v.	ECDICT
发霉	mildew	v.	ECDICT
发霉	mould	v.	ECDICT
取回	regain	v.	ECDICT
变化	transformation	n.	Wordtrail-reviewed
变化	variation	n.	Wordtrail-reviewed
变形	transmute	v.	ECDICT
变得	get	v.	ECDICT
变成	get	v.	ECDICT
变换	switch	v.	ECDICT
变更	modify	v.	ECDICT
变种	variation	n.	ECDICT
叙述	recite	v.	ECDICT
叛乱	revolt	n.	ECDICT
叛逆	treasonable	adj.	ECDICT
口号	catchword	n.	ECDICT
口径	calibre	n.	ECDICT
口腔	mouth	n.	ECDICT
口试	oral	n.	ECDICT
古典	classic	adj.	ECDICT
古怪	rum	adj.	ECDICT
古怪	antic	adj.	ECDICT
古怪	odd	adj.	ECDICT
古怪	curious	adj.	ECDICT
古老	antique	adj.	ECDICT
只是	simply	adv.	ECDICT
叫卖	peddle	v.	ECDICT
叫卖	huckster	v.	ECDICT
叫喊	call	v.	ECDICT
叫喊	cry	v.	ECDICT
叫声	yell	n.	ECDICT
叫醒	wake	v.	ECDICT
召集	call	v.	ECDICT
可信	believable	adj.	ECDICT
可取	desirable	adj.	Wordtrail-reviewed
可叹	deplorable	adj.	ECDICT
可怕	awful	adj.	ECDICT
可怕	horrible	adj.	ECDICT
可怕	fearful	adj.	ECDICT
可怕	dire	adj.	ECDICT
可怕	dread	adj.	ECDICT
可怕	dreadful	adj.	ECDICT
可怕	gruesome	adj.	ECDICT
可怕	horrendous	adj.	ECDICT
可怖	dread	adj.	ECDICT
可怜	wretched	adj.	ECDICT
可怜	pathetic	adj.	ECDICT
可怜	poor	adj.	ECDICT
可恶	damned	adj.	ECDICT
可悲的	regrettable	adj.	ECDICT
可憎	obnoxious	adj.	ECDICT
可憎	obscene	adj.	ECDICT
可有可无	dispensable	adj.	Wordtrail-reviewed
可爱	lovable	adj.	ECDICT
可爱	cunning	adj.	ECDICT
可用	useable	adj.	ECDICT
可疑	questionable	adj.	ECDICT
可疑	dubious	adj.	ECDICT
可疑	doubtful	adj.	ECDICT
可疑	suspect	adj.	ECDICT
可笑	ludicrous	adj.	ECDICT
可笑	absurd	adj.	ECDICT
可耻的	disgraceful	adj.	ECDICT
可耻的	ignominious	adj.	ECDICT
可能性	likelihood	n.	Wordtrail-reviewed
可能的	potential	adj.	ECDICT
可靠的	authentic	adj.	ECDICT
可靠的	honest	adj.	ECDICT
司令官	commandant	n.	ECDICT
司法	judicial	adj.	Wordtrail-reviewed
各种	miscellaneous	adj.	ECDICT
各种各样	assorted	adj.	ECDICT
合作	collaboration	n.	Wordtrail-reviewed
合并	coalesce	v.	ECDICT
合并	conflate	v.	ECDICT
合拢	fold	v.	ECDICT
合法	legitimate	adj.	ECDICT
合理	rational	adj.	Wordtrail-reviewed
合理的	rational	adj.	ECDICT
合理的	tenable	adj.	ECDICT
合理的	sound	adj.	ECDICT
合理的	logical	adj.	ECDICT
合计	sum	v.	ECDICT
合适	applicable	adj.	Wordtrail-reviewed
合金	metal	n.	ECDICT
同事	fellow	n.	ECDICT
同伴	associate	n.	ECDICT
同化	absorb	v.	ECDICT
同情	sympathise	v.	ECDICT
同意	concur	v.	ECDICT
同样	like	adj.	ECDICT
同样	alike	adj.	ECDICT
同等	coordinate	adj.	ECDICT
同等	tantamount	adj.	ECDICT
同辈	equal	n.	ECDICT
名声	celebrity	n.	ECDICT
名声	renown	n.	ECDICT
名誉	honour	n.	ECDICT
后悔	repent	v.	ECDICT
后悔	rue	v.	ECDICT
后援	backup	n.	ECDICT
后来	after	adv.	ECDICT
后来	subsequently	adv.	ECDICT
后来	afterward	adv.	Wordtrail-reviewed
后果	issue	n.	ECDICT
后面	rear	n.	ECDICT
吐出	spit	v.	ECDICT
向前	onward	adv.	ECDICT
向前	forwards	adv.	ECDICT
向前	onwards	adv.	ECDICT
向前	ahead	adv.	ECDICT
向后	backwards	adv.	ECDICT
吓人的	fearsome	adj.	ECDICT
吝啬	miserly	adj.	ECDICT
吝啬	mean	adj.	ECDICT
吝啬	tight	adj.	ECDICT
含义	import	n.	ECDICT
启迪	edify	v.	ECDICT
吵闹	clamorous	adj.	ECDICT
吸入	inspire	v.	ECDICT
吸墨纸	blotter	n.	ECDICT
吸引	pull	v.	ECDICT
吸引	draw	v.	ECDICT
吸收	suck	v.	ECDICT
吸收	assimilate	v.	ECDICT
吹牛	boast	v.	ECDICT
呆板	pedestrian	adj.	ECDICT
告示	notification	n.	ECDICT
呕吐	sick	v.	ECDICT
呕吐	cat	v.	ECDICT
呕吐	spew	v.	ECDICT
周围	milieu	n.	ECDICT
呼吸	respire	v.	ECDICT
呼喊	exclaim	v.	ECDICT
呼气	expire	v.	ECDICT
命令	bidding	n.	ECDICT
命令	instruction	n.	ECDICT
命令	dictation	n.	ECDICT
命名	denominate	v.	ECDICT
命名	nominate	v.	ECDICT
命运	portion	n.	ECDICT
命运	fortune	n.	ECDICT
咀嚼	masticate	v.	ECDICT
咆哮	growl	v.	Wordtrail-reviewed
咆哮	howl	v.	ECDICT
和约	peace	n.	ECDICT
和蔼	genial	adj.	ECDICT
和蔼	kind	adj.	ECDICT
和谐	harmonic	adj.	ECDICT
咒骂	swear	v.	ECDICT
咨询	counseling	n.	Wordtrail-reviewed
咨询	refer	v.	ECDICT
哀叹	bemoan	v.	ECDICT
哀求	implore	v.	ECDICT
响应	answer	v.	ECDICT
哑剧	mime	n.	ECDICT
哨兵	sentinel	n.	ECDICT
哭出	cry	v.	ECDICT
哭泣	weep	v.	ECDICT
哺乳动物	mammalian	n.	ECDICT
唐突	brusque	adj.	ECDICT
唤起	raise	v.	ECDICT
唤起	awake	v.	ECDICT
唤醒	awake	v.	ECDICT
唤醒	arouse	v.	ECDICT
唤醒	rouse	v.	ECDICT
唤醒	waken	v.	ECDICT
唯一的	exclusive	adj.	ECDICT
唾液	spit	n.	ECDICT
商业	commercial	adj.	Wordtrail-reviewed
商品	merchandise	n.	ECDICT
商品	commodity	n.	Wordtrail-reviewed
商品	ware	n.	ECDICT
喂奶	nurse	v.	ECDICT
善良的	benign	adj.	ECDICT
喊叫	outcry	v.	ECDICT
喘气	gasp	v.	ECDICT
喘气	puff	v.	ECDICT
喜剧演员	comic	n.	ECDICT
喜欢	care	v.	ECDICT
喧嚣	blatant	adj.	ECDICT
喷出	spurt	v.	ECDICT
喷雾器	spray	n.	ECDICT
嗅到	nose	v.	ECDICT
嗅觉	scent	n.	ECDICT
嘲弄	guy	v.	ECDICT
嘲笑	roast	v.	ECDICT
回到	recur	v.	ECDICT
回忆	recollect	v.	ECDICT
回忆	retrieve	v.	ECDICT
回忆起	remember	v.	ECDICT
回想	recollect	v.	ECDICT
回收	reclaim	v.	ECDICT
回答	respond	v.	ECDICT
回答	reply	v.	ECDICT
回顾	retrospect	v.	ECDICT
因此	hence	adv.	Wordtrail-reviewed
因素	ingredient	n.	ECDICT
园艺	horticulture	n.	ECDICT
困惑	bemused	adj.	ECDICT
固定的	stationary	adj.	ECDICT
固定的	immobile	adj.	ECDICT
固定的	set	adj.	ECDICT
固执	persistent	adj.	ECDICT
固有	integral	adj.	ECDICT
固有	implicit	adj.	ECDICT
国书	credential	n.	ECDICT
国土	soil	n.	ECDICT
国家	state	n.	ECDICT
图形	figure	n.	ECDICT
圆盘	disk	n.	ECDICT
土地	ground	n.	ECDICT
在场的	attendant	adj.	ECDICT
在附近的	nigh	adj.	ECDICT
地下室	cellar	n.	ECDICT
地位	position	n.	ECDICT
地区	country	n.	ECDICT
地基	groundwork	n.	ECDICT
地带	region	n.	ECDICT
地方病	endemic	n.	ECDICT
地点	place	n.	ECDICT
地点	point	n.	ECDICT
地铁	underground	n.	ECDICT
地面	land	n.	ECDICT
场所	lieu	n.	ECDICT
均等	even	adj.	ECDICT
坏的	wicked	adj.	ECDICT
坚固	hard	adj.	ECDICT
坚固	consistent	adj.	ECDICT
坚固	stable	adj.	ECDICT
坚定的	steadfast	adj.	ECDICT
坚定的	stable	adj.	ECDICT
坚定的	steady	adj.	ECDICT
坚强的	firm	adj.	ECDICT
坚忍	patient	adj.	ECDICT
坚持	persevere	v.	Wordtrail-reviewed
坚硬	solid	adj.	ECDICT
坚硬	stiff	adj.	ECDICT
坚硬	firm	adj.	ECDICT
坚称	assert	v.	ECDICT
坟墓	tomb	n.	ECDICT
坡度	gradient	n.	ECDICT
坦率	blunt	adj.	ECDICT
垂直	plumb	adj.	ECDICT
垂直	upright	adj.	ECDICT
垃圾	rubbish	n.	ECDICT
垃圾桶	ashcan	n.	ECDICT
垃圾箱	dustbin	n.	ECDICT
垄断	monopolise	v.	ECDICT
埋葬	inter	v.	ECDICT
埋葬	entomb	v.	ECDICT
培养	educate	v.	ECDICT
基因	factor	n.	ECDICT
基底	floor	n.	ECDICT
基本	rudimentary	adj.	ECDICT
基本	elemental	adj.	ECDICT
基本	primary	adj.	ECDICT
基本	elementary	adj.	ECDICT
基本	radical	adj.	ECDICT
基础	basis	n.	ECDICT
基础	base	n.	ECDICT
基础	cornerstone	n.	ECDICT
堆叠	pile	v.	ECDICT
堡垒	fort	n.	ECDICT
堵塞	jam	v.	ECDICT
塑造	model	v.	ECDICT
增加	augment	v.	Wordtrail-reviewed
增强	tone	v.	ECDICT
增添	lend	v.	ECDICT
增进	further	v.	ECDICT
增长	rise	v.	ECDICT
壮丽	proud	adj.	ECDICT
壮丽	splendid	adj.	ECDICT
壮观	grand	adj.	ECDICT
处境	place	n.	ECDICT
处境	spot	n.	ECDICT
处理	deal	v.	ECDICT
处理	manage	v.	ECDICT
处理	dispose	v.	Wordtrail-reviewed
处理	tackle	v.	Wordtrail-reviewed
备件	spare	n.	ECDICT
备忘录	memorandum	n.	ECDICT
备注	comment	n.	ECDICT
备货	stock	v.	ECDICT
复写纸	carbon	n.	ECDICT
复制品	reproduction	n.	ECDICT
复原	rejuvenate	v.	ECDICT
复杂	intricate	adj.	Wordtrail-reviewed
复述	repeat	v.	ECDICT
外交	diplomatic	adj.	Wordtrail-reviewed
外伤	trauma	n.	ECDICT
外国人	alien	n.	ECDICT
外国的	alien	adj.	ECDICT
外在	extrinsic	adj.	ECDICT
外地人	foreigner	n.	ECDICT
外形	configuration	n.	ECDICT
外来	extraneous	adj.	ECDICT
外来	exotic	adj.	ECDICT
多余的	spare	adj.	ECDICT
多余的	redundant	adj.	ECDICT
多余的	superfluous	adj.	ECDICT
多彩	polychrome	adj.	ECDICT
多毛	hirsute	adj.	ECDICT
多种	manifold	adj.	ECDICT
大便	stool	n.	ECDICT
大厦	edifice	n.	ECDICT
大叫	exclaim	v.	ECDICT
大叫	yell	v.	ECDICT
大堆	mountain	n.	ECDICT
大堆	pile	n.	ECDICT
大声	aloud	adv.	Wordtrail-reviewed
大多数	bulk	n.	ECDICT
大屠杀	carnage	n.	ECDICT
大方	lavish	adj.	ECDICT
大方	handsome	adj.	ECDICT
大熊猫	panda	n.	ECDICT
大的	great	adj.	ECDICT
大的	large	adj.	ECDICT
大约	about	adv.	ECDICT
大约	some	adv.	ECDICT
大胆的	fearless	adj.	ECDICT
大胆的	audacious	adj.	ECDICT
大脑半球	hemisphere	n.	ECDICT
大致	approximately	adv.	ECDICT
大豆	soy	n.	ECDICT
天堂	nirvana	n.	ECDICT
天生	congenital	adj.	ECDICT
天生	inborn	adj.	ECDICT
天线	aerial	n.	ECDICT
夫人	lady	n.	ECDICT
失业	unemployment	n.	Wordtrail-reviewed
失败	bomb	v.	ECDICT
失败	flunk	v.	ECDICT
头脑	head	n.	ECDICT
头脑	wit	n.	ECDICT
夸大	magnify	v.	ECDICT
奇妙	fantastic	adj.	ECDICT
奇怪的	queer	adj.	ECDICT
奇怪的	grotesque	adj.	ECDICT
奋起	rouse	v.	ECDICT
奖学金	fellowship	n.	Wordtrail-reviewed
奢侈的	sumptuous	adj.	ECDICT
女佣	housemaid	n.	ECDICT
女士	madam	n.	ECDICT
女巫	hag	n.	ECDICT
奶奶	grandma	n.	ECDICT
奸污	dishonour	v.	ECDICT
好吃	tasty	adj.	ECDICT
好战	militant	adj.	ECDICT
好战	belligerent	adj.	ECDICT
好的	fine	adj.	ECDICT
好笑的	comical	adj.	ECDICT
如此	thus	adv.	ECDICT
妨碍	impede	v.	ECDICT
妨碍	preclude	v.	Wordtrail-reviewed
妨碍	handicap	v.	ECDICT
妨碍	hamper	v.	ECDICT
委托	leave	v.	ECDICT
姿势	position	n.	ECDICT
姿势	attitude	n.	ECDICT
娇养	coddle	v.	ECDICT
娱乐	amusement	n.	ECDICT
婚礼	marriage	n.	ECDICT
婴儿	infant	n.	ECDICT
婴孩	baby	n.	ECDICT
嫁妆	portion	n.	ECDICT
嫉妒	begrudge	v.	ECDICT
嫉妒的	envious	adj.	ECDICT
子孙	posterity	n.	ECDICT
子宫	womb	n.	ECDICT
字幕	caption	n.	ECDICT
存储器	store	n.	ECDICT
存在	existence	n.	Wordtrail-reviewed
孤单	lone	adj.	ECDICT
孤独的	alone	adj.	ECDICT
孤独的	solitary	adj.	ECDICT
学到	acquire	v.	ECDICT
学生	pupil	n.	ECDICT
学问	scholarship	n.	ECDICT
宁愿	choose	v.	ECDICT
宇宙	cosmos	n.	ECDICT
守护	ward	v.	ECDICT
安全	safely	adv.	Wordtrail-reviewed
安全的	secure	adj.	ECDICT
安家	settle	v.	ECDICT
安慰	solace	v.	ECDICT
安慰	soothe	v.	ECDICT
安抚	conciliate	v.	ECDICT
安置	position	v.	ECDICT
安置	station	v.	ECDICT
安置	put	v.	ECDICT
安置	set	v.	ECDICT
安装	installation	n.	Wordtrail-reviewed
安逸	cozy	adj.	ECDICT
安静的	tranquil	adj.	ECDICT
安静的	silent	adj.	ECDICT
完全	entirely	adv.	ECDICT
完全	perfectly	adv.	Wordtrail-reviewed
完成	finish	v.	ECDICT
完成	fulfil	v.	Wordtrail-reviewed
完整	intact	adj.	ECDICT
完美的	faultless	adj.	ECDICT
完美的	pure	adj.	ECDICT
完美的	ideal	adj.	ECDICT
宏伟	majestic	adj.	ECDICT
宏伟	grandiose	adj.	ECDICT
宏伟	massive	adj.	ECDICT
宏伟	magnificent	adj.	ECDICT
宗族	tribe	n.	ECDICT
官方	authoritative	adj.	ECDICT
定居	locate	v.	ECDICT
定期	periodical	adj.	ECDICT
宝石	stone	n.	ECDICT
宝贵	precious	adj.	ECDICT
实习	practise	v.	ECDICT
实数	real	n.	ECDICT
实施	implementation	n.	Wordtrail-reviewed
实物	objective	n.	ECDICT
实现	materialize	v.	Wordtrail-reviewed
实践	practise	v.	ECDICT
实际	practical	adj.	ECDICT
实际	effective	adj.	ECDICT
实际	pragmatic	adj.	ECDICT
实际上	really	adv.	ECDICT
实验	experimentation	n.	ECDICT
实验室	lab	n.	ECDICT
审理	judge	v.	ECDICT
审问	question	v.	ECDICT
客厅	parlor	n.	ECDICT
客厅	parlour	n.	ECDICT
客观的	impersonal	adj.	ECDICT
宣布	herald	v.	ECDICT
宣称	allege	v.	Wordtrail-reviewed
害怕	dread	v.	ECDICT
宴会	feast	n.	ECDICT
家事	housekeeping	n.	ECDICT
家人	folk	n.	ECDICT
家庭	house	n.	ECDICT
家庭	household	n.	ECDICT
家族	kindred	n.	ECDICT
家族	house	n.	ECDICT
家族	household	n.	ECDICT
家族	kin	n.	ECDICT
家禽	fowl	n.	ECDICT
家系	descent	n.	ECDICT
家系	line	n.	ECDICT
容忍	brook	v.	ECDICT
容易的	light	adj.	ECDICT
容纳	lodge	v.	ECDICT
容许	allow	v.	ECDICT
容许	tolerate	v.	ECDICT
宽大	large	adj.	ECDICT
宽大	massive	adj.	ECDICT
宽广	spacious	adj.	ECDICT
宽度	breadth	n.	ECDICT
宽敞	commodious	adj.	ECDICT
宿舍	dorm	n.	ECDICT
宿营	tent	v.	ECDICT
寂寞的	lonesome	adj.	ECDICT
富有	well-heeled	adj.	ECDICT
富裕	rich	adj.	ECDICT
富裕	affluent	adj.	ECDICT
寒冷	chilly	adj.	ECDICT
寓言	parable	n.	ECDICT
寓言	allegory	n.	ECDICT
察觉	detect	v.	ECDICT
对称	symmetric	adj.	ECDICT
对话	dialog	n.	ECDICT
寿命	life	n.	ECDICT
封锁	block	v.	ECDICT
封闭	seal	v.	ECDICT
射中	shoot	v.	ECDICT
射手	shot	n.	ECDICT
尊敬	honor	v.	ECDICT
尊敬	esteem	v.	ECDICT
尊敬	honour	v.	ECDICT
尊重	esteem	v.	ECDICT
小便	piss	n.	ECDICT
小册子	brochure	n.	ECDICT
小册子	pamphlet	n.	ECDICT
小包	packet	n.	ECDICT
小孩	youngster	n.	ECDICT
小孩	kid	n.	ECDICT
小岛	isle	n.	ECDICT
小提琴	fiddle	n.	ECDICT
小数点	point	n.	ECDICT
小熊猫	panda	n.	ECDICT
小的	little	adj.	ECDICT
小的	diminutive	adj.	ECDICT
小规模	miniature	adj.	ECDICT
小说	fiction	n.	Wordtrail-reviewed
小费	gratuity	n.	ECDICT
小路	footpath	n.	Wordtrail-reviewed
小道	track	n.	ECDICT
少女	maid	n.	ECDICT
尖刻	acid	adj.	ECDICT
尖叫	squall	v.	ECDICT
尖的	pointed	adj.	ECDICT
尖锐	acute	adj.	ECDICT
尖锐	shrill	adj.	ECDICT
尖顶	steeple	n.	ECDICT
尝试	sample	v.	ECDICT
尤其	notably	adv.	Wordtrail-reviewed
尤其	particularly	adv.	Wordtrail-reviewed
尺寸	measurement	n.	Wordtrail-reviewed
尾部	stern	n.	ECDICT
尾随	dog	v.	ECDICT
尾随	trail	v.	ECDICT
尾随	tag	v.	ECDICT
尿布	nappy	n.	ECDICT
尿布	napkin	n.	ECDICT
屁股	ass	n.	ECDICT
居中	centre	v.	ECDICT
居住	dwell	v.	ECDICT
居住	shack	v.	ECDICT
居民	inhabitant	n.	Wordtrail-reviewed
屈从	succumb	v.	ECDICT
屈尊	descend	v.	ECDICT
展开	open	v.	ECDICT
展开	spread	v.	ECDICT
展开	evolve	v.	ECDICT
展现	exhibit	v.	ECDICT
展览会	exposition	n.	ECDICT
属于	belong	v.	ECDICT
屠宰	butcher	v.	ECDICT
屠杀	slaughter	v.	ECDICT
履行	fulfil	v.	ECDICT
山崩	landslip	n.	ECDICT
山脉	range	n.	ECDICT
山顶	peak	n.	ECDICT
峡湾	fiord	n.	ECDICT
峻峭	sheer	adj.	ECDICT
崇敬	reverence	v.	ECDICT
崩溃	crumple	v.	ECDICT
崩溃	crumble	v.	ECDICT
工业	industrial	adj.	Wordtrail-reviewed
工人	workman	n.	Wordtrail-reviewed
工会	union	n.	ECDICT
工作	task	n.	ECDICT
工作	employment	n.	ECDICT
工具	instrument	n.	ECDICT
工匠	artisan	n.	ECDICT
工匠	workman	n.	Wordtrail-reviewed
工资	earnings	n.	ECDICT
左派	left	n.	ECDICT
巧妙的	smart	adj.	ECDICT
巧妙的	neat	adj.	ECDICT
巧妙的	cunning	adj.	ECDICT
巨大	immense	adj.	Wordtrail-reviewed
巨大	tremendous	adj.	Wordtrail-reviewed
巨大的	vast	adj.	ECDICT
巨大的	tremendous	adj.	ECDICT
巨大的	monstrous	adj.	ECDICT
巨大的	colossal	adj.	ECDICT
巨大的	jumbo	adj.	ECDICT
巨大的	gigantic	adj.	ECDICT
巨大的	giant	adj.	ECDICT
巨大的	mountainous	adj.	ECDICT
差劲	pathetic	adj.	ECDICT
已故	deceased	adj.	ECDICT
市场	marketplace	n.	ECDICT
布料	cloth	n.	ECDICT
布料	material	n.	ECDICT
布景	scene	n.	ECDICT
希望	like	v.	ECDICT
带来	fetch	v.	ECDICT
帮助	aid	v.	ECDICT
帮助	facilitate	v.	ECDICT
常常	oft	adv.	ECDICT
常见的	familiar	adj.	ECDICT
干涉	intervene	v.	ECDICT
干燥	arid	adj.	ECDICT
干燥	thirsty	adj.	ECDICT
干预	intervention	n.	Wordtrail-reviewed
平凡	commonplace	adj.	ECDICT
平均	mean	adj.	ECDICT
平均数	norm	n.	ECDICT
平坦	even	adj.	ECDICT
平坦	horizontal	adj.	ECDICT
平局	tie	n.	ECDICT
平常	everyday	adj.	ECDICT
平常	average	adj.	ECDICT
平常	habitual	adj.	ECDICT
平的	plane	adj.	ECDICT
平衡	equilibrium	n.	ECDICT
平静的	placid	adj.	ECDICT
年少	junior	adj.	ECDICT
年老	ancient	adj.	ECDICT
年老	gray	adj.	ECDICT
年轻	youthful	adj.	ECDICT
年长	senior	adj.	ECDICT
年长	elder	adj.	ECDICT
年长	old	adj.	ECDICT
幸福的	fortunate	adj.	ECDICT
幸运的	fortunate	adj.	ECDICT
幸运的	prosperous	adj.	ECDICT
幻想	fancy	n.	ECDICT
幼小	little	adj.	ECDICT
幽灵	spook	n.	ECDICT
幽灵	spectre	n.	ECDICT
幽灵	shadow	n.	ECDICT
广博	large	adj.	ECDICT
广告	ad	n.	ECDICT
广告	advert	n.	ECDICT
广大	spacious	adj.	ECDICT
广泛的	comprehensive	adj.	ECDICT
广泛的	catholic	adj.	ECDICT
广泛的	extensive	adj.	ECDICT
庄重	grave	adj.	ECDICT
庆祝	observe	v.	ECDICT
庇护	harbour	v.	Wordtrail-reviewed
床单	sheet	n.	ECDICT
床罩	bedcover	n.	ECDICT
序数	ordinal	n.	ECDICT
库存	stock	n.	ECDICT
店员	salesclerk	n.	ECDICT
庞大的	giant	adj.	ECDICT
庞大的	bulky	adj.	ECDICT
庞大的	prodigious	adj.	ECDICT
庞大的	astronomical	adj.	ECDICT
庞大的	enormous	adj.	ECDICT
座位	place	n.	ECDICT
庭院	court	n.	ECDICT
延迟	retard	v.	ECDICT
延长	protract	v.	ECDICT
延长	continue	v.	ECDICT
建立	found	v.	ECDICT
建筑	construction	n.	ECDICT
建筑物	construction	n.	ECDICT
建议	proposition	n.	ECDICT
建造	fabricate	v.	ECDICT
开化	civilise	v.	ECDICT
开发	tap	v.	ECDICT
开头	outset	n.	ECDICT
开始	begin	v.	ECDICT
开始	initiate	v.	ECDICT
开支	expenditure	n.	ECDICT
开端	start	n.	ECDICT
开端	origin	n.	ECDICT
开花	blossom	v.	ECDICT
开辟	pioneer	v.	ECDICT
异常的	exceptional	adj.	ECDICT
弄脏	soil	v.	ECDICT
引出	elicit	v.	ECDICT
引出	educe	v.	ECDICT
引力	gravitation	n.	ECDICT
引导	lead	v.	ECDICT
引导	steer	v.	ECDICT
引导	draw	v.	ECDICT
引渡	deliver	v.	ECDICT
引用	cite	v.	ECDICT
引见	present	v.	ECDICT
引诱	allure	v.	ECDICT
引起	make	v.	ECDICT
弯曲	crook	v.	ECDICT
弯曲	flex	v.	ECDICT
弯曲	twist	v.	ECDICT
弯曲	curl	v.	ECDICT
弱的	weakly	adj.	ECDICT
弱的	infirm	adj.	ECDICT
弹力	bounce	n.	ECDICT
弹跳	spring	v.	ECDICT
强健	sturdy	adj.	ECDICT
强制	oblige	v.	ECDICT
强制	coerce	v.	ECDICT
强壮的	muscular	adj.	ECDICT
强大	mighty	adj.	ECDICT
强烈	stiff	adj.	ECDICT
强烈	keen	adj.	ECDICT
强调	accent	v.	ECDICT
强调	underline	v.	ECDICT
归还	refund	v.	ECDICT
当今	nowadays	n.	ECDICT
录音	tape	v.	ECDICT
形势	position	n.	ECDICT
形式	shape	n.	ECDICT
形成	mold	v.	ECDICT
形成	mould	v.	ECDICT
形状	figure	n.	ECDICT
影响到	touch	v.	ECDICT
彷徨	stray	v.	ECDICT
彻底的	sound	adj.	ECDICT
往前	forth	adv.	ECDICT
征兵	draught	v.	ECDICT
很多	numerous	adj.	ECDICT
律师	attorney	n.	Wordtrail-reviewed
得体	decent	adj.	ECDICT
得到	find	v.	ECDICT
得到	receive	v.	ECDICT
徜徉	roam	v.	ECDICT
微光	gleam	n.	ECDICT
微小的	minute	adj.	ECDICT
微小的	slim	adj.	ECDICT
微弱的	feeble	adj.	ECDICT
微粒	atom	n.	ECDICT
微薄	slender	adj.	ECDICT
心情	humor	n.	ECDICT
心情	temper	n.	ECDICT
心烦	upset	adj.	ECDICT
心理的	mental	adj.	ECDICT
必然	necessary	adj.	ECDICT
必要的	essential	adj.	ECDICT
必要的	requisite	adj.	ECDICT
必需品	requisite	n.	ECDICT
忍受	stand	v.	ECDICT
忍受	abide	v.	ECDICT
忍受	go	v.	ECDICT
忍受	support	v.	ECDICT
忍受	suffer	v.	ECDICT
忍受	stomach	v.	ECDICT
志向	ambition	n.	ECDICT
志愿者	voluntary	n.	ECDICT
忙碌的	engaged	adj.	ECDICT
忠实	loyal	adj.	ECDICT
忧伤的	dolorous	adj.	ECDICT
忧虑	care	n.	ECDICT
忧郁的	blue	adj.	ECDICT
快照	snap	n.	ECDICT
快的	quick	adj.	ECDICT
快的	speedy	adj.	ECDICT
快的	express	adj.	ECDICT
快的	swift	adj.	ECDICT
快速	fleet	adj.	ECDICT
忽视	disregard	v.	ECDICT
怀有	bear	v.	ECDICT
态度	posture	n.	ECDICT
怒吼	bellow	v.	ECDICT
怜悯	compassionate	v.	ECDICT
思想	idea	n.	ECDICT
思想	thinking	n.	ECDICT
思维	thought	n.	ECDICT
思考	consider	v.	ECDICT
怠惰	slothful	adj.	ECDICT
急切	impatient	adj.	ECDICT
急速	quick	adj.	ECDICT
怨恨	bitterness	n.	ECDICT
怪癖	peculiarity	n.	Wordtrail-reviewed
怪诞	eerie	adj.	ECDICT
怪诞	uncanny	adj.	ECDICT
怯懦	cowardly	adj.	ECDICT
怯懦	craven	adj.	ECDICT
总数	amount	n.	ECDICT
总数	sum	n.	ECDICT
总的	general	adj.	ECDICT
总计	aggregate	n.	ECDICT
恐怖	horror	n.	Wordtrail-reviewed
恐怖	terror	n.	Wordtrail-reviewed
恐慌	scare	n.	ECDICT
恢复	recovery	n.	Wordtrail-reviewed
恢复	repair	v.	ECDICT
恢复	regain	v.	ECDICT
恢复	retrieve	v.	ECDICT
恩惠	favour	n.	ECDICT
恭敬	deferential	adj.	ECDICT
恳求	pray	v.	ECDICT
恶作剧	trick	n.	ECDICT
恶劣	vile	adj.	ECDICT
恶劣	wicked	adj.	ECDICT
恶意	spite	n.	ECDICT
恶棍	scoundrel	n.	ECDICT
恶毒的	poisonous	adj.	ECDICT
悠闲的	easygoing	adj.	ECDICT
悲伤的	sorrowful	adj.	ECDICT
悲伤的	woeful	adj.	ECDICT
悲哀	plaintive	adj.	ECDICT
悲哀	doleful	adj.	ECDICT
悲哀	mournful	adj.	ECDICT
悲恸	mournful	adj.	ECDICT
情味	flavour	n.	ECDICT
惊人的	spectacular	adj.	ECDICT
惊人的	striking	adj.	ECDICT
惊骇	aghast	adj.	ECDICT
惋惜	bemoan	v.	Wordtrail-reviewed
惬意	cozy	adj.	ECDICT
惯常	accustomed	adj.	ECDICT
惯常	habitual	adj.	ECDICT
惯用语	phrase	n.	ECDICT
想法	notion	n.	Wordtrail-reviewed
想象	envisage	v.	ECDICT
愁闷	glum	adj.	ECDICT
愉快的	good	adj.	ECDICT
意向	purpose	n.	ECDICT
意味	significance	n.	ECDICT
意图	intent	n.	ECDICT
意外地	accidentally	adv.	ECDICT
意见	sight	n.	ECDICT
意见	sentiment	n.	ECDICT
意识	awareness	n.	ECDICT
愚蠢	silly	adj.	ECDICT
愚蠢	foolish	adj.	ECDICT
感到	find	v.	ECDICT
感觉	sense	v.	ECDICT
愤怒	indignant	adj.	ECDICT
愤怒	incensed	adj.	ECDICT
慎重	discreet	adj.	ECDICT
慢慢地	easy	adv.	ECDICT
慷慨	liberal	adj.	ECDICT
慷慨	bountiful	adj.	ECDICT
慷慨	handsome	adj.	ECDICT
懊悔	repent	v.	ECDICT
懒惰	idle	adj.	ECDICT
懒惰	indolent	adj.	ECDICT
懦弱	fainthearted	adj.	ECDICT
戏剧	theatre	n.	ECDICT
戏弄	rag	v.	ECDICT
戏院	theatre	n.	ECDICT
成为	get	v.	ECDICT
成分	constituent	n.	ECDICT
成功	success	n.	Wordtrail-reviewed
成功	win	v.	ECDICT
成功的	prosperous	adj.	ECDICT
成就	accomplishment	n.	ECDICT
成熟	ripe	adj.	ECDICT
成熟	mellow	adj.	ECDICT
成熟	adult	adj.	ECDICT
成绩单	report	n.	ECDICT
成语	phrase	n.	ECDICT
戒律	commandment	n.	ECDICT
战争	warfare	n.	ECDICT
战利品	prize	n.	ECDICT
战利品	plunder	n.	ECDICT
战场	field	n.	ECDICT
战栗	shudder	v.	ECDICT
战胜	surmount	v.	ECDICT
所以	consequently	adv.	Wordtrail-reviewed
所有	every	adj.	ECDICT
所有者	proprietor	n.	ECDICT
手势	motion	n.	ECDICT
手工	handiwork	n.	ECDICT
手帕	hankie	n.	ECDICT
手术	operation	n.	ECDICT
手术室	surgery	n.	ECDICT
手枪	handgun	n.	ECDICT
手艺	workmanship	n.	ECDICT
手艺	craft	n.	ECDICT
手迹	script	n.	ECDICT
手迹	hand	n.	ECDICT
扑灭	eradicate	v.	ECDICT
打乱	discomfit	v.	ECDICT
打伤	wound	v.	ECDICT
打动	strike	v.	ECDICT
打开	unfold	v.	ECDICT
打扫	scavenge	v.	ECDICT
打断	break	v.	ECDICT
打滑	skid	v.	ECDICT
打电话	phone	v.	ECDICT
打电话	telephone	v.	ECDICT
打电话给	phone	v.	ECDICT
打瞌睡	drowse	v.	ECDICT
打碎	smash	v.	ECDICT
打赌	wager	v.	ECDICT
执照	licence	n.	ECDICT
执照	permit	n.	ECDICT
执行	execution	n.	Wordtrail-reviewed
执行	perform	v.	ECDICT
执行	enforce	v.	ECDICT
扩大	dilate	v.	ECDICT
扩大	extend	v.	ECDICT
扩大	magnify	v.	ECDICT
扩大	amplify	v.	ECDICT
扫除	broom	v.	ECDICT
扬声器	speaker	n.	ECDICT
扭伤	wrench	v.	ECDICT
批准	approval	n.	Wordtrail-reviewed
批准	okay	v.	ECDICT
批发商	jobber	n.	ECDICT
批评	criticise	v.	ECDICT
找到	discover	v.	ECDICT
承担	accept	v.	ECDICT
承担	assume	v.	ECDICT
承租人	renter	n.	ECDICT
承认	recognize	v.	ECDICT
承认	allow	v.	ECDICT
承认	accept	v.	ECDICT
承诺	commitment	n.	Wordtrail-reviewed
抄本	transcript	n.	ECDICT
抑制	curb	v.	ECDICT
抑制	subdue	v.	ECDICT
抒情诗	lyric	n.	ECDICT
抓住	get	v.	ECDICT
投掷	project	v.	ECDICT
投标	tender	v.	ECDICT
抗争	oppose	v.	ECDICT
折磨	rack	v.	ECDICT
折磨	torture	v.	ECDICT
抚育	foster	v.	ECDICT
抛弃	fling	v.	ECDICT
抛弃	forsake	v.	ECDICT
护照	pass	n.	ECDICT
报偿	recompense	n.	ECDICT
报告	account	n.	ECDICT
报复	revenge	v.	ECDICT
报纸	paper	n.	ECDICT
报酬	payoff	n.	ECDICT
抱怨	grumble	v.	Wordtrail-reviewed
抵制	reject	v.	ECDICT
抵销	cancel	v.	ECDICT
抹去	efface	v.	ECDICT
抽象	pure	adj.	ECDICT
拂晓	dawning	n.	ECDICT
拂晓	sunrise	n.	ECDICT
担保	ensure	v.	ECDICT
担保	assure	v.	ECDICT
担保	warrant	v.	ECDICT
拆卸	strip	v.	ECDICT
拉屎	shit	v.	ECDICT
拉皮条	procure	v.	ECDICT
拍卖	auctioneer	v.	ECDICT
拍子	pulse	n.	ECDICT
拍打	flap	v.	ECDICT
拐骗	kidnap	v.	ECDICT
拒绝	reject	v.	ECDICT
拒绝	deny	v.	ECDICT
拖网	trawl	n.	ECDICT
招牌	sign	n.	ECDICT
招致	induce	v.	ECDICT
拥有	possession	n.	Wordtrail-reviewed
拱门	archway	n.	ECDICT
拷问	rack	v.	ECDICT
拷问	torment	v.	ECDICT
持久	enduring	adj.	ECDICT
持久	durable	adj.	ECDICT
持久	long-lasting	adj.	ECDICT
持久	permanent	adj.	ECDICT
持久	everlasting	adj.	ECDICT
持续	endure	v.	ECDICT
指令	statement	n.	ECDICT
指定	specify	v.	ECDICT
指导	direct	v.	ECDICT
指挥	lead	v.	ECDICT
指挥	direct	v.	ECDICT
指控	accusation	n.	Wordtrail-reviewed
指标	index	n.	ECDICT
挤出	extrude	v.	ECDICT
挤压	pinch	v.	ECDICT
挥舞	flourish	v.	ECDICT
挨饿	hunger	v.	ECDICT
挪用	peculate	v.	ECDICT
挫折	reverse	n.	ECDICT
挫败	foil	v.	ECDICT
振动	oscillation	n.	ECDICT
挽回	retrieve	v.	ECDICT
损害	impair	v.	Wordtrail-reviewed
授予	give	v.	ECDICT
授权	authorise	v.	ECDICT
排出	expel	v.	ECDICT
排列	range	v.	ECDICT
排泄物	excreta	n.	ECDICT
排队	queue	v.	ECDICT
掠夺	rape	v.	ECDICT
掠夺	spoil	v.	ECDICT
探求	search	v.	ECDICT
探索	exploration	n.	Wordtrail-reviewed
接受	acceptance	n.	Wordtrail-reviewed
接受	admit	v.	ECDICT
接受者	receiver	n.	ECDICT
接合	unite	v.	ECDICT
接济	help	v.	ECDICT
接种	inoculate	v.	ECDICT
接触	meet	v.	ECDICT
接近	near	v.	ECDICT
控制	contain	v.	ECDICT
控制	master	v.	ECDICT
控制	command	v.	ECDICT
控制器	control	n.	ECDICT
控告	impeach	v.	ECDICT
控诉	charge	v.	ECDICT
推动	force	v.	ECDICT
推动	drive	v.	ECDICT
推广	generalize	v.	ECDICT
推断	extrapolate	v.	ECDICT
推翻	overturn	v.	ECDICT
推翻	override	v.	ECDICT
推翻	subvert	v.	ECDICT
推荐	recommendation	n.	Wordtrail-reviewed
推荐	commend	v.	ECDICT
推行	push	v.	ECDICT
推进	boost	v.	ECDICT
推进	propel	v.	Wordtrail-reviewed
推进	push	v.	ECDICT
推迟	defer	v.	ECDICT
掩饰	cover	v.	ECDICT
措辞	diction	n.	ECDICT
描绘	portray	v.	ECDICT
描绘	trace	v.	ECDICT
描述	depict	v.	ECDICT
提供	supply	v.	ECDICT
提供	tender	v.	ECDICT
提供	furnish	v.	ECDICT
提出	pose	v.	Wordtrail-reviewed
提出	produce	v.	ECDICT
提出	advance	v.	ECDICT
提到	refer	v.	ECDICT
提名	name	v.	ECDICT
提拔	elevate	v.	ECDICT
提议	suggest	v.	ECDICT
提议	offer	v.	ECDICT
提高	enhance	v.	ECDICT
提高	lift	v.	ECDICT
提高	advance	v.	ECDICT
提高	heighten	v.	ECDICT
插条	slip	n.	ECDICT
揭开	unveil	v.	ECDICT
揭露	disclose	v.	ECDICT
揭露	uncover	v.	ECDICT
援助	assistance	n.	Wordtrail-reviewed
揶揄	rag	v.	ECDICT
搁浅	ground	v.	ECDICT
搁置	table	v.	ECDICT
搏动	pulsate	v.	ECDICT
搜索	seek	v.	ECDICT
搜集	gather	v.	ECDICT
摇动	sway	v.	ECDICT
摇动	rock	v.	ECDICT
摇动	stir	v.	ECDICT
摇摆	rock	v.	ECDICT
摇滚乐	rock	n.	ECDICT
摘录	extract	v.	ECDICT
摘要	precis	n.	ECDICT
摩擦	chafe	v.	ECDICT
摸索	fumble	v.	ECDICT
撤退	retire	v.	ECDICT
播种	seed	v.	ECDICT
操纵	control	v.	ECDICT
操纵	rig	v.	ECDICT
攫取	grab	v.	ECDICT
支持	hold	v.	ECDICT
支持	endorse	v.	ECDICT
支持	back	v.	ECDICT
支持	sustain	v.	ECDICT
支持者	friend	n.	ECDICT
支柱	backbone	n.	ECDICT
支流	affluent	n.	ECDICT
支票	cheque	n.	ECDICT
支配	predominate	v.	ECDICT
支配	rule	v.	ECDICT
收入	earnings	n.	Wordtrail-reviewed
收养	adoption	n.	Wordtrail-reviewed
收拾	tidy	v.	ECDICT
收益	profits	n.	ECDICT
收缩	shrink	v.	ECDICT
收缩	constrict	v.	ECDICT
收集	assemble	v.	ECDICT
收集	compile	v.	ECDICT
改动	alteration	n.	Wordtrail-reviewed
改变	vary	v.	ECDICT
改变	alteration	n.	Wordtrail-reviewed
改变	shift	v.	ECDICT
改变	transfer	v.	ECDICT
改善	ameliorate	v.	ECDICT
改善	amend	v.	ECDICT
改正	rectify	v.	ECDICT
改良	amend	v.	ECDICT
改造	reclaim	v.	ECDICT
攻击	assail	v.	ECDICT
攻击	assault	v.	ECDICT
攻击者	assailant	n.	ECDICT
放下	drop	v.	ECDICT
放出	issue	v.	ECDICT
放出	discharge	v.	ECDICT
放回	replace	v.	ECDICT
放大	amplify	v.	ECDICT
放宽	broaden	v.	Wordtrail-reviewed
放射	ray	v.	ECDICT
放弃	forgo	v.	Wordtrail-reviewed
放弃	relinquish	v.	Wordtrail-reviewed
放弃	renounce	v.	Wordtrail-reviewed
放弃	desert	v.	ECDICT
放弃	forsake	v.	ECDICT
放弃	forego	v.	ECDICT
放弃	abandonment	n.	Wordtrail-reviewed
放弃	release	v.	ECDICT
放晴	clear	v.	ECDICT
放松	loosen	v.	ECDICT
放松	slack	v.	ECDICT
放牧	pasture	v.	ECDICT
放牧	range	v.	ECDICT
放纵	pamper	v.	ECDICT
放置	lay	v.	ECDICT
放置	set	v.	ECDICT
放荡	riotous	adj.	ECDICT
政党	party	n.	ECDICT
政治	political	adj.	Wordtrail-reviewed
政治学	politics	n.	ECDICT
政治家	statesman	n.	Wordtrail-reviewed
故事	tale	n.	ECDICT
故事	narrative	n.	ECDICT
故事	narration	n.	ECDICT
效力	force	n.	ECDICT
效果	impression	n.	ECDICT
敌对	opponent	adj.	ECDICT
敌意	enmity	n.	ECDICT
敏感的	alive	adj.	ECDICT
敏感的	sensible	adj.	ECDICT
敏捷	nimble	adj.	ECDICT
敏捷	smart	adj.	ECDICT
敏捷	prompt	adj.	ECDICT
敏捷	fleet	adj.	ECDICT
敏捷	swift	adj.	ECDICT
敏锐	subtle	adj.	ECDICT
敏锐	astute	adj.	ECDICT
敏锐	penetrating	adj.	ECDICT
敏锐	incisive	adj.	ECDICT
敏锐	acid	adj.	ECDICT
敏锐	acute	adj.	ECDICT
敏锐	keen	adj.	ECDICT
教养	breeding	n.	ECDICT
教室	schoolroom	n.	ECDICT
教育	educational	adj.	Wordtrail-reviewed
教育学	education	n.	ECDICT
散射	scatter	n.	ECDICT
散布	distribute	v.	ECDICT
散播	disseminate	v.	ECDICT
散播	diffuse	v.	ECDICT
散播	scatter	v.	ECDICT
散置	sprinkle	v.	ECDICT
敬畏	fear	v.	ECDICT
数不清	innumerable	adj.	ECDICT
数字	figure	n.	ECDICT
数字	numeral	n.	ECDICT
数学	maths	n.	ECDICT
敲击	rap	v.	ECDICT
整洁	neat	adj.	ECDICT
整理	tidy	v.	ECDICT
整齐的	trim	adj.	ECDICT
整齐的	tidy	adj.	ECDICT
整齐的	orderly	adj.	ECDICT
文体	mode	n.	ECDICT
文学	literary	adj.	Wordtrail-reviewed
文明	civilisation	n.	ECDICT
文雅	polite	adj.	ECDICT
斑点	fleck	n.	ECDICT
斑纹	dapple	n.	ECDICT
斑纹	streak	n.	ECDICT
斜坡	incline	n.	ECDICT
斜率	gradient	n.	ECDICT
斜面	incline	n.	ECDICT
斥责	chide	v.	ECDICT
斧头	ax	n.	ECDICT
断气	expire	v.	ECDICT
断裂	part	v.	ECDICT
断言	affirm	v.	ECDICT
断言	allege	v.	Wordtrail-reviewed
新奇	fresh	adj.	ECDICT
新手	novice	n.	ECDICT
新鲜	crisp	adj.	ECDICT
方向盘	wheel	n.	ECDICT
方式	mode	n.	ECDICT
方案	design	n.	ECDICT
方法	means	n.	ECDICT
方言	idiom	n.	ECDICT
方面	facet	n.	ECDICT
旅行	journey	v.	ECDICT
旅行者	traveller	n.	ECDICT
旋律	air	n.	ECDICT
旋律	strain	n.	ECDICT
旋转	reel	v.	ECDICT
旋转	whirl	v.	ECDICT
无人	void	adj.	ECDICT
无价	invaluable	adj.	ECDICT
无党派	unaffiliated	adj.	ECDICT
无力	pale	adj.	ECDICT
无力	faint	adj.	ECDICT
无名	anonymous	adj.	ECDICT
无声的	mute	adj.	ECDICT
无心	unintended	adj.	ECDICT
无情的	stony	adj.	ECDICT
无意义	insignificant	adj.	ECDICT
无意识	senseless	adj.	ECDICT
无效	void	adj.	ECDICT
无敌	unbeatable	adj.	ECDICT
无数的	myriad	adj.	ECDICT
无数的	innumerable	adj.	ECDICT
无数的	uncounted	adj.	ECDICT
无数的	incalculable	adj.	ECDICT
无条件	unlimited	adj.	ECDICT
无比	unparalleled	adj.	ECDICT
无比	unmatched	adj.	ECDICT
无比	peerless	adj.	ECDICT
无用	futile	adj.	ECDICT
无畏	intrepid	adj.	ECDICT
无知	unknowing	adj.	ECDICT
无知	uninformed	adj.	ECDICT
无知	innocent	adj.	ECDICT
无礼	impolite	adj.	ECDICT
无线电	wireless	n.	ECDICT
无能	inefficient	adj.	ECDICT
无色	colourless	adj.	ECDICT
无色	neutral	adj.	ECDICT
无论如何	anyhow	adv.	ECDICT
无趣	dull	adj.	ECDICT
无限的	unlimited	adj.	ECDICT
无限的	boundless	adj.	ECDICT
无限的	immeasurable	adj.	ECDICT
日常	everyday	adj.	Wordtrail-reviewed
日记	journal	n.	ECDICT
旧式	antique	adj.	ECDICT
旧的	ancient	adj.	ECDICT
早熟	early	adj.	ECDICT
时代	epoch	n.	ECDICT
时尚	style	n.	ECDICT
时期	epoch	n.	ECDICT
时髦	modern	adj.	ECDICT
昂贵	costly	adj.	ECDICT
昂贵	dear	adj.	ECDICT
明亮	light	adj.	ECDICT
明亮	luminous	adj.	ECDICT
明亮	radiant	adj.	ECDICT
明显	apparent	adj.	Wordtrail-reviewed
明显	evident	adj.	Wordtrail-reviewed
明显的	evident	adj.	ECDICT
明确的	express	adj.	ECDICT
昏暗	somber	adj.	ECDICT
昏暗	sombre	adj.	ECDICT
昏暗	obscure	adj.	ECDICT
易燃	combustible	adj.	ECDICT
易燃	inflammable	adj.	ECDICT
春天	springtime	n.	ECDICT
春季	springtime	n.	ECDICT
显得	look	v.	ECDICT
显示	indicate	v.	ECDICT
显示	prove	v.	ECDICT
显著的	noted	adj.	ECDICT
显要	important	adj.	ECDICT
显露	unveil	v.	ECDICT
晋升	promotion	n.	Wordtrail-reviewed
晒太阳	sun	v.	ECDICT
普通	commonplace	adj.	ECDICT
普通	vulgar	adj.	ECDICT
普遍	prevalent	adj.	Wordtrail-reviewed
普遍	general	adj.	ECDICT
景色	scene	n.	ECDICT
景观	sight	n.	ECDICT
晴朗	fine	adj.	ECDICT
晴朗	fair	adj.	ECDICT
智力	intellect	n.	Wordtrail-reviewed
智能	intelligent	adj.	ECDICT
暂停	break	v.	ECDICT
暗淡	dingy	adj.	ECDICT
暴露	discover	v.	ECDICT
暴露	uncover	v.	ECDICT
暴风雪	snowstorm	n.	ECDICT
曙光	aurora	n.	ECDICT
曲子	melody	n.	ECDICT
曲解	strain	v.	ECDICT
曲调	strain	n.	ECDICT
更换	replacement	n.	Wordtrail-reviewed
更远	further	adj.	ECDICT
最优	optimum	adj.	ECDICT
最佳	optimal	adj.	ECDICT
最初	outset	n.	ECDICT
最大	supreme	adj.	ECDICT
最大限度	utmost	n.	ECDICT
最小	minimal	adj.	ECDICT
最终	ultimately	adv.	ECDICT
最终的	net	adj.	ECDICT
最近的	new	adj.	ECDICT
最近的	last	adj.	ECDICT
最远	utmost	adj.	ECDICT
有价值的	worthy	adj.	ECDICT
有力的	potent	adj.	ECDICT
有力的	mighty	adj.	ECDICT
有力的	muscular	adj.	ECDICT
有名的	renowned	adj.	ECDICT
有吸引力	magnetic	adj.	ECDICT
有害	detrimental	adj.	ECDICT
有害	pernicious	adj.	ECDICT
有害	deleterious	adj.	ECDICT
有害	injurious	adj.	ECDICT
有感觉的	sensible	adj.	ECDICT
有效	efficacious	adj.	Wordtrail-reviewed
有效的	telling	adj.	ECDICT
有效的	efficacious	adj.	ECDICT
有效的	active	adj.	ECDICT
有效的	competent	adj.	ECDICT
有教养	genteel	adj.	ECDICT
有教养	polite	adj.	ECDICT
有毒	toxic	adj.	ECDICT
有毒	venomous	adj.	ECDICT
有用	serviceable	adj.	ECDICT
有益	good	adj.	ECDICT
有益	advantageous	adj.	ECDICT
有礼	civilized	adj.	ECDICT
有礼貌	civil	adj.	ECDICT
有罪	criminal	adj.	ECDICT
有趣的	amusing	adj.	ECDICT
有趣的	intriguing	adj.	ECDICT
有趣的	entertaining	adj.	ECDICT
有轨电车	streetcar	n.	ECDICT
有限的	finite	adj.	ECDICT
有限的	narrow	adj.	ECDICT
服侍	attend	v.	ECDICT
服装	wear	n.	ECDICT
朝向	front	v.	ECDICT
期中考试	midterm	n.	ECDICT
期刊	periodical	n.	Wordtrail-reviewed
期待	look	v.	ECDICT
期末考试	final	n.	ECDICT
朦胧	shadowy	adj.	ECDICT
木材	lumber	n.	ECDICT
未完成	incomplete	adj.	ECDICT
末尾	last	n.	ECDICT
末端	terminal	n.	ECDICT
本质	substance	n.	ECDICT
术语	terminology	n.	Wordtrail-reviewed
朴素	severe	adj.	ECDICT
机会	hazard	n.	ECDICT
机械的	automatic	adj.	ECDICT
机灵	wise	adj.	ECDICT
机灵	shrewd	adj.	ECDICT
杀害	slay	v.	ECDICT
杂乱	wild	adj.	ECDICT
杂种	crossbreed	n.	ECDICT
权力	might	n.	ECDICT
材料	stuff	n.	ECDICT
束缚	curb	v.	ECDICT
束缚	restrain	v.	ECDICT
条件	term	n.	ECDICT
条款	article	n.	ECDICT
条约	pact	n.	ECDICT
来临	fall	v.	ECDICT
杰出的	excellent	adj.	ECDICT
杰出的	splendid	adj.	ECDICT
松弛	slack	adj.	ECDICT
松散	unconsolidated	adj.	ECDICT
松树	pine	n.	ECDICT
松紧带	elastic	n.	ECDICT
极大的	huge	adj.	ECDICT
极好的	select	adj.	ECDICT
极好的	super	adj.	ECDICT
极好的	superb	adj.	ECDICT
极端	terrific	adj.	ECDICT
极端	violent	adj.	ECDICT
极端	excessive	adj.	ECDICT
构成	make	v.	ECDICT
构成	comprise	v.	ECDICT
构造	construction	n.	ECDICT
染上	get	v.	ECDICT
染料	dyestuff	n.	ECDICT
柔弱	feminine	adj.	ECDICT
柔滑	soft	adj.	ECDICT
柔软	tender	adj.	ECDICT
柔顺	tame	adj.	ECDICT
查明	ascertain	v.	ECDICT
查究	inquire	v.	ECDICT
查询	inquiry	n.	Wordtrail-reviewed
查阅	refer	v.	ECDICT
柴油机	diesel	n.	ECDICT
标准	criterion	n.	ECDICT
标志	mark	n.	ECDICT
标签	ticket	n.	ECDICT
栏杆	rail	n.	ECDICT
树叶	foliage	n.	ECDICT
树立	set	v.	ECDICT
树立	rear	v.	ECDICT
树立	erect	v.	ECDICT
栖息	roost	v.	ECDICT
校对	proof	v.	ECDICT
样式	mode	n.	ECDICT
核准	sanction	v.	ECDICT
核心	nucleus	n.	ECDICT
核心	kernel	n.	ECDICT
格外	particularly	adv.	ECDICT
格言	adage	n.	ECDICT
桃树	peach	n.	ECDICT
桑树	mulberry	n.	ECDICT
梨树	pear	n.	ECDICT
梯级	stair	n.	ECDICT
检验	prove	v.	ECDICT
棘手	awkward	adj.	ECDICT
森林	woods	n.	ECDICT
楼层	storey	n.	ECDICT
楼梯	staircase	n.	Wordtrail-reviewed
楼梯	stairway	n.	Wordtrail-reviewed
概念	notion	n.	Wordtrail-reviewed
概念	conception	n.	ECDICT
概括	summarise	v.	ECDICT
概括	sum	v.	ECDICT
概要	schema	n.	ECDICT
概要	synopsis	n.	ECDICT
榆树	elm	n.	ECDICT
榛子	hazel	n.	ECDICT
榨取	rack	v.	ECDICT
模仿	simulate	v.	ECDICT
模子	mould	n.	ECDICT
模态	mode	n.	ECDICT
模糊的	faint	adj.	ECDICT
模糊的	obscure	adj.	ECDICT
模糊的	dim	adj.	ECDICT
横断	traverse	v.	ECDICT
横越	traverse	v.	ECDICT
横过	traverse	v.	ECDICT
橡皮筋	elastic	n.	ECDICT
次等	inferior	adj.	ECDICT
次要的	subsidiary	adj.	ECDICT
次要的	subordinate	adj.	ECDICT
欢快的	gay	adj.	ECDICT
正午	midday	n.	ECDICT
正常	natural	adj.	ECDICT
正式的	ceremonial	adj.	ECDICT
正式的	official	adj.	ECDICT
正的	plus	adj.	ECDICT
正直	just	adj.	ECDICT
正直	sincere	adj.	ECDICT
正确的	right	adj.	ECDICT
正确的	accurate	adj.	ECDICT
正规	normal	adj.	ECDICT
步兵	foot	n.	ECDICT
步幅	step	n.	ECDICT
武器	arm	n.	ECDICT
歧视	discrimination	n.	Wordtrail-reviewed
歪曲	color	v.	ECDICT
歪曲	twist	v.	ECDICT
死亡	decease	v.	ECDICT
死亡	perish	v.	ECDICT
死亡率	mortality	n.	ECDICT
死刑	execution	n.	ECDICT
死尸	stiff	n.	ECDICT
死的	defunct	adj.	ECDICT
残余	end	n.	ECDICT
残余	remainder	n.	ECDICT
残忍	brute	adj.	ECDICT
残忍	inhuman	adj.	ECDICT
残杀	massacre	v.	ECDICT
残渣	residual	n.	ECDICT
残酷的	savage	adj.	ECDICT
残骸	wreck	n.	Wordtrail-reviewed
殖民地	settlement	n.	ECDICT
毁坏	demolish	v.	ECDICT
毁坏	ruin	v.	ECDICT
毁灭	ruin	v.	ECDICT
毁灭	destruction	n.	Wordtrail-reviewed
比得上	equal	v.	ECDICT
比率	proportion	n.	ECDICT
比较	comparison	n.	Wordtrail-reviewed
毕业典礼	commencement	n.	Wordtrail-reviewed
民主	democratic	adj.	Wordtrail-reviewed
气味	scent	n.	ECDICT
气味	odour	n.	ECDICT
气味	flavour	n.	ECDICT
气氛	aura	n.	ECDICT
氨水	ammonia	n.	ECDICT
水塘	pool	n.	ECDICT
水道	watercourse	n.	ECDICT
水鸟	waterfowl	n.	ECDICT
永久	lasting	adj.	ECDICT
永久	perpetual	adj.	ECDICT
永久	abiding	adj.	ECDICT
永远	evermore	adv.	ECDICT
求婚	offer	v.	ECDICT
求爱	woo	v.	ECDICT
汇票	draught	n.	ECDICT
汗背心	vest	n.	ECDICT
污染	pollution	n.	Wordtrail-reviewed
污点	spot	n.	ECDICT
污点	smear	n.	ECDICT
污点	blot	n.	ECDICT
污物	soil	n.	ECDICT
污秽	nasty	adj.	ECDICT
污秽	foul	adj.	ECDICT
污秽	lousy	adj.	ECDICT
污秽	grimy	adj.	ECDICT
污秽	squalid	adj.	ECDICT
污秽	begrimed	adj.	ECDICT
汽油	petrol	n.	ECDICT
汽油	gas	n.	ECDICT
汽船	steamer	n.	ECDICT
汽车	auto	n.	ECDICT
沉思	muse	v.	ECDICT
沉思	contemplate	v.	ECDICT
沉淀	subside	v.	ECDICT
沉重的	ponderous	adj.	ECDICT
沉闷	tedious	adj.	ECDICT
沉闷	dreary	adj.	ECDICT
沉闷	sullen	adj.	ECDICT
沉闷	depressing	adj.	ECDICT
沉默	mute	adj.	ECDICT
沙哑	raucous	adj.	ECDICT
沙皇	czar	n.	ECDICT
没收	seize	v.	ECDICT
沮丧	depressed	adj.	ECDICT
沮丧	dispirited	adj.	ECDICT
河马	hippo	n.	ECDICT
油船	tanker	n.	ECDICT
治愈	cure	v.	ECDICT
沼泽	fen	n.	ECDICT
法庭	tribunal	n.	ECDICT
法衣	gown	n.	ECDICT
泛滥	overrun	v.	ECDICT
泥土	clay	n.	ECDICT
泥土	dirt	n.	ECDICT
泥沼	mire	n.	ECDICT
泥泞	sloppy	adj.	ECDICT
注定	fate	v.	ECDICT
注意到	observe	v.	ECDICT
注解	note	n.	ECDICT
注释	notation	n.	ECDICT
活力	vigor	n.	ECDICT
活力	vigour	n.	ECDICT
活动	action	n.	ECDICT
活泼的	breezy	adj.	ECDICT
活泼的	alive	adj.	ECDICT
活泼的	brisk	adj.	ECDICT
派遣	despatch	v.	ECDICT
流动性	fluidity	n.	ECDICT
流口水	dribble	v.	ECDICT
流氓	rascal	n.	ECDICT
流浪	rove	v.	ECDICT
流浪	tramp	v.	ECDICT
流浪	stray	v.	ECDICT
流畅的	easy	adj.	ECDICT
流行性感冒	flu	n.	ECDICT
流行音乐	pop	n.	ECDICT
浅滩	shallow	n.	ECDICT
浇铸	mould	v.	ECDICT
测量	quantify	v.	ECDICT
测验	examination	n.	ECDICT
测验	exam	n.	ECDICT
浑浊	turbid	adj.	ECDICT
浑浊	cloudy	adj.	ECDICT
浓的	thick	adj.	ECDICT
浓缩	condense	v.	ECDICT
浪费	squander	v.	ECDICT
浴室	bath	n.	ECDICT
浴盆	tub	n.	ECDICT
海关	custom	n.	ECDICT
海岸	seashore	n.	ECDICT
海岸	seacoast	n.	ECDICT
海峡	sound	n.	ECDICT
海拔	elevation	n.	ECDICT
海拔	height	n.	ECDICT
海港	seaport	n.	ECDICT
浸泡	douse	v.	ECDICT
消失	vanish	v.	ECDICT
消失	evaporate	v.	ECDICT
消散	scatter	v.	ECDICT
消沉	low	adj.	ECDICT
消灭	annihilate	v.	ECDICT
消灭	eradicate	v.	ECDICT
消耗	waste	v.	ECDICT
消遣	recreation	n.	Wordtrail-reviewed
淡的	fresh	adj.	ECDICT
淤塞	silt	v.	ECDICT
深厚的	profound	adj.	ECDICT
深思	speculate	v.	ECDICT
深思	reflect	v.	ECDICT
深深地	profoundly	adv.	ECDICT
混乱	upset	adj.	ECDICT
混合	commingle	v.	ECDICT
混合物	mix	n.	ECDICT
淹没	overwhelm	v.	ECDICT
淹没	drown	v.	ECDICT
清扫	scavenge	v.	ECDICT
清晰的	legible	adj.	ECDICT
清晰的	plain	adj.	ECDICT
清晰的	vivid	adj.	ECDICT
清晰的	transparent	adj.	ECDICT
清楚	clearly	adv.	Wordtrail-reviewed
清楚的	distinct	adj.	ECDICT
清澈	limpid	adj.	ECDICT
清理	straighten	v.	ECDICT
渗入	filter	v.	ECDICT
渗出	ooze	v.	ECDICT
渗流	ooze	n.	ECDICT
渗透	filter	v.	ECDICT
渗透	penetrate	v.	ECDICT
渡船	ferryboat	n.	ECDICT
温和	gentle	adj.	ECDICT
温和	temperate	adj.	ECDICT
温和	soft	adj.	ECDICT
温室	glasshouse	n.	ECDICT
温柔	soft	adj.	ECDICT
温柔	mild	adj.	ECDICT
渴望	hunger	v.	ECDICT
渴望	thirst	v.	ECDICT
渴望的	anxious	adj.	ECDICT
游乐园	funfair	n.	ECDICT
游历	journey	v.	ECDICT
游行	parade	v.	ECDICT
渺小	peanut	adj.	ECDICT
湿气	wet	n.	ECDICT
湿润	humid	adj.	ECDICT
湿的	watery	adj.	ECDICT
溜冰场	rink	n.	ECDICT
滑动	slip	v.	ECDICT
滑稽	comic	adj.	ECDICT
滑稽	zany	adj.	ECDICT
滑稽	facetious	adj.	ECDICT
滑稽	humorous	adj.	ECDICT
满意的	content	adj.	ECDICT
满足	fulfil	v.	ECDICT
满足	meet	v.	ECDICT
满足	fill	v.	ECDICT
满足	fulfill	v.	ECDICT
演员	player	n.	ECDICT
演戏	play	v.	ECDICT
演算	figure	v.	ECDICT
演讲	talk	v.	ECDICT
演说	address	n.	ECDICT
漫游	range	v.	ECDICT
漫游	ramble	v.	ECDICT
漫长	lengthy	adj.	ECDICT
潇洒	smart	adj.	ECDICT
潜在	possible	adj.	ECDICT
潜行	creep	v.	ECDICT
潮湿的	damp	adj.	ECDICT
潮湿的	moist	adj.	ECDICT
激怒	irritate	v.	Wordtrail-reviewed
激烈	drastic	adj.	Wordtrail-reviewed
激烈	violent	adj.	ECDICT
激烈	acute	adj.	ECDICT
激烈	furious	adj.	ECDICT
激烈	stormy	adj.	ECDICT
激起	stir	v.	ECDICT
火漆	seal	n.	ECDICT
火花	light	n.	ECDICT
火花	sparkle	n.	ECDICT
火药	powder	n.	ECDICT
灰熊	grizzly	n.	ECDICT
灰色	grey	n.	ECDICT
灵巧	adroit	adj.	ECDICT
灵敏	quick	adj.	ECDICT
灵活	adaptable	adj.	Wordtrail-reviewed
灵魂	psyche	n.	ECDICT
灾难	calamity	n.	ECDICT
灿烂的	splendid	adj.	ECDICT
点滴	dribble	n.	ECDICT
炽热	fiery	adj.	ECDICT
烦恼	trouble	n.	ECDICT
烧毁	burn	v.	ECDICT
烧焦	singe	v.	ECDICT
热心	ardent	adj.	ECDICT
热心	zealous	adj.	ECDICT
热烈的	hearty	adj.	ECDICT
热的	thermal	adj.	ECDICT
热的	fervent	adj.	ECDICT
热的	fervid	adj.	ECDICT
热门	pop	adj.	ECDICT
热闹	alive	adj.	ECDICT
烽火	beacon	n.	ECDICT
照亮	lighten	v.	Wordtrail-reviewed
照亮	light	v.	ECDICT
照片	photograph	n.	ECDICT
照耀	beam	v.	ECDICT
熄灭	quench	v.	ECDICT
熟练	adept	adj.	ECDICT
熟练	skillful	adj.	ECDICT
熟练	proficient	adj.	ECDICT
爆炸	detonate	v.	ECDICT
爆裂	bust	v.	ECDICT
爬上	mount	v.	ECDICT
爬行动物	reptilian	n.	ECDICT
爬行者	creeper	n.	ECDICT
爱好者	lover	n.	ECDICT
爱抚	fondle	v.	ECDICT
爸爸	daddy	n.	ECDICT
片刻	minute	n.	ECDICT
版本	edition	n.	ECDICT
牢固	entrenched	adj.	ECDICT
牧场	grass	n.	ECDICT
牧师	minister	n.	ECDICT
物质的	natural	adj.	ECDICT
物质的	substantial	adj.	ECDICT
牲畜	stock	n.	ECDICT
特产	speciality	n.	ECDICT
特别	particular	adj.	ECDICT
特别	especial	adj.	ECDICT
特别	particularly	adv.	Wordtrail-reviewed
特别	extra	adj.	ECDICT
特别	extraordinary	adj.	ECDICT
特别	peculiar	adj.	ECDICT
特别	exceptional	adj.	ECDICT
特好	bully	adj.	ECDICT
特征	characteristic	n.	ECDICT
特性	peculiarity	n.	Wordtrail-reviewed
特有	characteristic	adj.	ECDICT
特权	prerogative	n.	ECDICT
特殊	specific	adj.	ECDICT
特殊	peculiar	adj.	ECDICT
特许	licence	n.	ECDICT
犬齿	canine	n.	ECDICT
状况	circumstance	n.	ECDICT
状态	status	n.	ECDICT
犹豫	waver	v.	ECDICT
狂人	maniac	n.	ECDICT
狂热	enthusiastic	adj.	ECDICT
狂热	fanatic	adj.	ECDICT
狂热	nuts	adj.	ECDICT
狂热	wild	adj.	ECDICT
狡猾	tricky	adj.	ECDICT
狡诈	crafty	adj.	ECDICT
独有	particular	adj.	ECDICT
独裁	despotism	n.	ECDICT
狭窄的	close	adj.	ECDICT
狭窄的	strait	adj.	ECDICT
猛增	zoom	v.	ECDICT
猛烈的	boisterous	adj.	ECDICT
猛烈的	hot	adj.	ECDICT
猛烈的	violent	adj.	ECDICT
猜想	reckon	v.	ECDICT
猜测	imagine	v.	ECDICT
猪栏	sty	n.	ECDICT
献出	dedicate	v.	ECDICT
献出	give	v.	ECDICT
率直	straightforward	adj.	ECDICT
王国	realm	n.	ECDICT
王牌	trump	n.	ECDICT
玩味	relish	v.	ECDICT
环境	surroundings	n.	ECDICT
环绕	circle	v.	ECDICT
现代化的	up-to-date	adj.	ECDICT
现实的	practical	adj.	ECDICT
现时	nowadays	n.	ECDICT
现行的	active	adj.	ECDICT
现行的	actual	adj.	ECDICT
玷污	sully	v.	ECDICT
珠宝	jewellery	n.	ECDICT
理性	rational	adj.	Wordtrail-reviewed
理想的	perfect	adj.	ECDICT
理解	read	v.	ECDICT
理解	interpret	v.	ECDICT
理论	theoretical	adj.	Wordtrail-reviewed
琐事	trifle	n.	ECDICT
琐碎	petty	adj.	ECDICT
琐碎	little	adj.	ECDICT
琐碎	insignificant	adj.	ECDICT
瓢虫	ladybird	n.	ECDICT
瓦解	crumble	v.	ECDICT
生产	production	n.	Wordtrail-reviewed
生动	graphic	adj.	ECDICT
生动	live	adj.	ECDICT
生存	subsist	v.	ECDICT
生存	live	v.	ECDICT
生存	exist	v.	ECDICT
生根	root	v.	ECDICT
生物	creature	n.	Wordtrail-reviewed
生物	being	n.	ECDICT
生物技术	biotech	n.	ECDICT
生疏	strange	adj.	ECDICT
生计	keep	n.	ECDICT
生计	living	n.	ECDICT
生长	develop	v.	ECDICT
用具	utensil	n.	Wordtrail-reviewed
用意	mean	v.	ECDICT
甲壳	carapace	n.	ECDICT
甲胄	armour	n.	ECDICT
电冰箱	fridge	n.	Wordtrail-reviewed
电子	electronic	adj.	Wordtrail-reviewed
电容	capacitance	n.	ECDICT
电影	cinema	n.	ECDICT
电报	wire	n.	ECDICT
电灯泡	bulb	n.	ECDICT
电的	electrical	adj.	ECDICT
电视	video	n.	ECDICT
电话	phone	n.	ECDICT
电车	trolley	n.	ECDICT
电阻	resistance	n.	ECDICT
男性	mankind	n.	ECDICT
画像	icon	n.	ECDICT
界限	limit	n.	ECDICT
畏缩	wince	v.	ECDICT
畏缩	cringe	v.	ECDICT
畏缩	funk	v.	ECDICT
留住	retain	v.	ECDICT
留声机	gramophone	n.	Wordtrail-reviewed
疏忽	neglect	n.	ECDICT
疑问	query	n.	ECDICT
疯人	lunatic	n.	ECDICT
疯狂	mad	adj.	ECDICT
疯狂	wild	adj.	ECDICT
疯癫	lunatic	adj.	ECDICT
疲乏	beat	adj.	ECDICT
疲倦	weary	adj.	ECDICT
疲劳	tiredness	n.	ECDICT
疲惫	stale	adj.	ECDICT
病菌	bug	n.	ECDICT
痕迹	print	n.	ECDICT
痛的	sore	adj.	ECDICT
痛苦的	bitter	adj.	ECDICT
痛苦的	miserable	adj.	ECDICT
痰盂	cuspidor	n.	ECDICT
瘟疫	pestilence	n.	ECDICT
瘟疫	pest	n.	ECDICT
瘦的	lean	adj.	ECDICT
瘦的	slim	adj.	ECDICT
瘦的	scrawny	adj.	ECDICT
瘦的	lank	adj.	ECDICT
瘦的	spare	adj.	ECDICT
登陆	landing	n.	Wordtrail-reviewed
白天	day	n.	ECDICT
白昼	daylight	n.	ECDICT
白血病	leukaemia	n.	ECDICT
百分数	percent	n.	ECDICT
百分比	percent	n.	ECDICT
百科全书	encyclopaedia	n.	ECDICT
皇室	royalty	n.	ECDICT
皱缩	contract	v.	ECDICT
盐的	saline	adj.	ECDICT
监督	monitor	v.	ECDICT
监禁	jail	v.	ECDICT
监禁	gaol	v.	ECDICT
盗用	embezzle	v.	ECDICT
盛大	royal	adj.	ECDICT
目击者	eyewitness	n.	Wordtrail-reviewed
目击者	spectator	n.	ECDICT
目录	catalogue	n.	ECDICT
目标	aim	n.	ECDICT
目标	end	n.	ECDICT
目标	object	n.	ECDICT
目标	objective	n.	ECDICT
目标	destination	n.	ECDICT
目的	intention	n.	ECDICT
盲目	eyeless	adj.	ECDICT
直率	bluff	adj.	ECDICT
相互	reciprocal	adj.	ECDICT
相似的	like	adj.	ECDICT
相似的	alike	adj.	ECDICT
相似的	analogous	adj.	ECDICT
相信	trust	v.	ECDICT
相反的	converse	adj.	ECDICT
相反的	adverse	adj.	ECDICT
相对	comparative	adj.	ECDICT
相当	pretty	adv.	ECDICT
相当	rather	adv.	ECDICT
相当大的	sizable	adj.	ECDICT
相当大的	sizeable	adj.	ECDICT
相片	photograph	n.	ECDICT
盼望	trust	v.	ECDICT
眉毛	brow	n.	ECDICT
看法	perspective	n.	ECDICT
真实的	actual	adj.	ECDICT
真实的	genuine	adj.	ECDICT
真正	genuine	adj.	ECDICT
真正	authentic	adj.	ECDICT
眨眼	wink	v.	ECDICT
眩晕	vertigo	n.	ECDICT
眼眶	orbit	n.	ECDICT
眼睑	lid	n.	ECDICT
眼花	giddy	adj.	ECDICT
着急	impatient	adj.	ECDICT
着手	embark	v.	Wordtrail-reviewed
睡意	drowsiness	n.	ECDICT
睡眠	slumber	n.	ECDICT
睫毛	lash	n.	ECDICT
睿智	sagacious	adj.	ECDICT
瞬间	second	n.	ECDICT
瞬间	wink	n.	ECDICT
知识分子	intellect	n.	ECDICT
矫正	remedy	v.	ECDICT
短暂	little	adj.	ECDICT
短跑	dash	n.	ECDICT
矮小	little	adj.	ECDICT
矮胖	dumpy	adj.	ECDICT
石头	rock	n.	ECDICT
石蜡	paraffin	n.	ECDICT
码头	pier	n.	ECDICT
研究室	lab	n.	ECDICT
研究生	postgraduate	n.	ECDICT
破产	bankruptcy	n.	Wordtrail-reviewed
破产	ruin	v.	ECDICT
破产	smash	v.	ECDICT
破坏	destruction	n.	Wordtrail-reviewed
破坏	ruin	v.	ECDICT
破烂	tattered	adj.	ECDICT
硫磺	sulphur	n.	ECDICT
硫酸盐	sulphate	n.	ECDICT
确保	insure	v.	ECDICT
确定	ascertain	v.	ECDICT
确定	set	v.	ECDICT
确定	fix	v.	ECDICT
确认	affirm	v.	ECDICT
礼貌	civility	n.	ECDICT
社团	society	n.	ECDICT
祖国	fatherland	n.	ECDICT
神圣的	blessed	adj.	ECDICT
神圣的	spiritual	adj.	ECDICT
神圣的	divine	adj.	ECDICT
神奇的	marvellous	adj.	ECDICT
神秘	mystical	adj.	ECDICT
神秘	mystic	adj.	ECDICT
神秘	cryptic	adj.	ECDICT
神秘	secret	adj.	ECDICT
神经细胞	neuron	n.	ECDICT
神色	look	n.	ECDICT
祷文	petition	n.	ECDICT
禁令	prohibition	n.	ECDICT
禁止	veto	v.	ECDICT
离开	depart	v.	ECDICT
离开	departure	n.	Wordtrail-reviewed
离题	wander	v.	ECDICT
私人的	personal	adj.	ECDICT
私生子	bastard	n.	ECDICT
秋天	fall	n.	ECDICT
种子	germ	n.	ECDICT
种族主义	racialism	n.	ECDICT
种类	sort	n.	ECDICT
种类	variety	n.	ECDICT
科学	scientific	adj.	Wordtrail-reviewed
秘密	mystery	n.	ECDICT
积聚	amass	v.	ECDICT
积聚	gather	v.	ECDICT
称呼	name	v.	ECDICT
移交	remove	v.	ECDICT
移动	locomote	v.	ECDICT
稀奇	fantastic	adj.	ECDICT
稀少	infrequent	adj.	ECDICT
稀薄	tenuous	adj.	ECDICT
稀薄	rare	adj.	ECDICT
程序	process	n.	ECDICT
程度	grade	n.	ECDICT
税收	revenue	n.	ECDICT
稳固	solid	adj.	ECDICT
稳固	steady	adj.	ECDICT
稳定的	steady	adj.	ECDICT
穷困	impoverished	adj.	ECDICT
穷困	destitute	adj.	ECDICT
空军	airforce	n.	ECDICT
空格	blank	n.	ECDICT
空气	atmosphere	n.	ECDICT
空白	lacuna	n.	ECDICT
空白	space	n.	ECDICT
空的	vacant	adj.	ECDICT
空的	void	adj.	ECDICT
空的	hollow	adj.	ECDICT
空虚	blank	adj.	ECDICT
空虚	vacant	adj.	ECDICT
空运	lift	v.	ECDICT
空闲	spare	adj.	ECDICT
空间	place	n.	ECDICT
穿上	don	v.	ECDICT
穿过	traverse	v.	ECDICT
突然的	abrupt	adj.	ECDICT
突起	prominence	n.	ECDICT
突进	dart	v.	ECDICT
窃笑	snigger	v.	ECDICT
窒息	stifle	v.	ECDICT
窒息	gag	v.	ECDICT
窒息	smother	v.	ECDICT
窒息	throttle	v.	ECDICT
窟窿	hollow	n.	ECDICT
立交桥	flyover	n.	ECDICT
立体	solid	adj.	ECDICT
立刻	forthwith	adv.	ECDICT
立即	instantly	adv.	Wordtrail-reviewed
立法	legislation	n.	Wordtrail-reviewed
竞争	contend	v.	ECDICT
竞争者	rival	n.	ECDICT
竞赛	contest	n.	ECDICT
笑声	laugh	n.	ECDICT
笑柄	butt	n.	ECDICT
笔直	straightforward	adj.	ECDICT
笔直	erect	adj.	ECDICT
符号	mark	n.	ECDICT
符合	correspond	v.	ECDICT
符合	fit	v.	ECDICT
笨拙	awkward	adj.	ECDICT
第一流	crack	adj.	ECDICT
第一流	first-rate	adj.	ECDICT
等候	await	v.	ECDICT
等同	equate	v.	ECDICT
筋斗	flip	n.	ECDICT
答案	result	n.	ECDICT
答辩	answer	n.	ECDICT
筛子	screen	n.	ECDICT
签署	subscribe	v.	ECDICT
简单的	plain	adj.	ECDICT
简洁	terse	adj.	ECDICT
简洁	succinct	adj.	ECDICT
简洁	compact	adj.	ECDICT
简略	curt	adj.	ECDICT
简略	summary	adj.	ECDICT
简短的	curt	adj.	ECDICT
简陋	rough	adj.	ECDICT
管理	administrative	adj.	Wordtrail-reviewed
管理	supervise	v.	ECDICT
类似的	analogous	adj.	ECDICT
粗俗	crass	adj.	ECDICT
粗俗	coarse	adj.	ECDICT
粗哑	gruff	adj.	ECDICT
粗暴的	tough	adj.	ECDICT
粗暴的	rude	adj.	ECDICT
粗暴的	stormy	adj.	ECDICT
粗糙的	harsh	adj.	ECDICT
粗糙的	coarse	adj.	ECDICT
粗糙的	crude	adj.	ECDICT
粗野	robust	adj.	ECDICT
粗陋	humble	adj.	ECDICT
粗陋	rude	adj.	ECDICT
粗陋	clumsy	adj.	ECDICT
粗鲁	crude	adj.	ECDICT
粪便	stool	n.	ECDICT
精力	vigor	n.	ECDICT
精力	vigour	n.	ECDICT
精力充沛	vigorous	adj.	ECDICT
精密	nice	adj.	ECDICT
精密	exact	adj.	ECDICT
精明	canny	adj.	ECDICT
精明	sharp	adj.	ECDICT
精明	clever	adj.	ECDICT
精液	ejaculate	n.	ECDICT
精液	seed	n.	ECDICT
精确的	exact	adj.	ECDICT
精确的	accurate	adj.	ECDICT
精神	heart	n.	ECDICT
精装本	hardback	n.	ECDICT
精髓	kernel	n.	ECDICT
糊涂	silly	adj.	ECDICT
系统	scheme	n.	ECDICT
紧张的	tense	adj.	ECDICT
紧张的	strained	adj.	ECDICT
紧急	instant	adj.	ECDICT
繁殖	multiply	v.	ECDICT
繁盛	golden	adj.	ECDICT
繁茂	exuberant	adj.	ECDICT
纠正	redress	v.	ECDICT
纠缠	badger	v.	ECDICT
红的	ruddy	adj.	ECDICT
纤小	miniature	adj.	ECDICT
纤细	slight	adj.	ECDICT
纤维	fibre	n.	ECDICT
约束	tie	v.	ECDICT
约束	restrict	v.	ECDICT
纪念	remember	v.	ECDICT
纯洁的	white	adj.	ECDICT
纯洁的	virgin	adj.	ECDICT
纯的	virgin	adj.	ECDICT
纯真	naive	adj.	ECDICT
纸烟	cigaret	n.	ECDICT
线索	cue	n.	ECDICT
练习	exercise	v.	ECDICT
练习	practise	v.	ECDICT
组成	constitute	v.	ECDICT
组织	organise	v.	ECDICT
细腻	exquisite	adj.	ECDICT
细菌	bacterium	n.	ECDICT
织品	cloth	n.	ECDICT
终了	cease	v.	ECDICT
终于	eventually	adv.	ECDICT
终极	final	adj.	ECDICT
终极	supreme	adj.	ECDICT
绊倒	stumble	v.	ECDICT
经典	classical	adj.	ECDICT
经济	economic	adj.	Wordtrail-reviewed
经过	transit	v.	ECDICT
结婚	wed	v.	ECDICT
结实	stout	adj.	ECDICT
结实	hard	adj.	ECDICT
结实	firm	adj.	ECDICT
结实	substantial	adj.	ECDICT
结尾	conclusion	n.	ECDICT
结晶	crystallization	n.	ECDICT
结束	terminate	v.	ECDICT
结果	effect	n.	ECDICT
结果	consequence	n.	ECDICT
结果	outcome	n.	ECDICT
结果	resultant	n.	ECDICT
结果	event	n.	ECDICT
给予	impart	v.	ECDICT
给予	afford	v.	ECDICT
给予	yield	v.	ECDICT
绝对	sheer	adj.	ECDICT
绝对	implicit	adj.	ECDICT
绝对	utter	adj.	ECDICT
绝望	desperation	n.	ECDICT
统一	unite	v.	ECDICT
统治	reign	v.	ECDICT
统统	wholly	adv.	ECDICT
统计	statistical	adj.	Wordtrail-reviewed
继续进行	proceed	v.	ECDICT
绰号	sobriquet	n.	ECDICT
维修	maintenance	n.	Wordtrail-reviewed
维护	maintenance	n.	Wordtrail-reviewed
维持	keep	v.	ECDICT
维持	preserve	v.	ECDICT
综合性	omnibus	adj.	ECDICT
绿色	jade	adj.	ECDICT
缓冲	cushion	v.	ECDICT
缓慢的	lazy	adj.	ECDICT
缓解	alleviate	v.	Wordtrail-reviewed
缓解	mitigate	v.	Wordtrail-reviewed
缝制	tailor	v.	ECDICT
缠绕	wrap	v.	ECDICT
缠绕	twist	v.	ECDICT
缩小	reduce	v.	ECDICT
缩短	abridge	v.	ECDICT
缩短	cut	v.	ECDICT
缺席	absence	n.	Wordtrail-reviewed
缺点	flaw	n.	ECDICT
罕见的	unusual	adj.	ECDICT
罪犯	outlaw	n.	ECDICT
羊毛	fleece	n.	ECDICT
美丽	fair	adj.	ECDICT
美人儿	peach	n.	ECDICT
美味的	yummy	adj.	ECDICT
美观	handsome	adj.	ECDICT
羞怯	timid	adj.	ECDICT
群众	multitude	n.	ECDICT
群众	mass	n.	ECDICT
群集	herd	v.	ECDICT
羽毛	plume	n.	ECDICT
翻译	interpret	v.	ECDICT
老年	age	n.	ECDICT
老的	aged	adj.	ECDICT
老练	old	adj.	ECDICT
老练	veteran	adj.	ECDICT
考虑	view	v.	ECDICT
考虑	regard	v.	ECDICT
考虑	weigh	v.	ECDICT
考试	examination	n.	ECDICT
考验	trial	n.	ECDICT
耗尽	consume	v.	ECDICT
耗尽	deplete	v.	ECDICT
耳机	phone	n.	ECDICT
耻辱	ignominy	n.	ECDICT
耽搁	detain	v.	ECDICT
职业	vocation	n.	Wordtrail-reviewed
职业	job	n.	ECDICT
职务	place	n.	ECDICT
联合	connect	v.	ECDICT
联合	link	v.	ECDICT
聚焦	focalize	v.	ECDICT
聚集	collect	v.	ECDICT
聪明的	intelligent	adj.	ECDICT
聪明的	bright	adj.	ECDICT
聪明的	wise	adj.	ECDICT
聪明的	apt	adj.	ECDICT
聪明的	ingenious	adj.	ECDICT
肌肉	sinew	n.	ECDICT
肚子	stomach	n.	ECDICT
股东	stockholder	n.	ECDICT
肤色	complexion	n.	ECDICT
肮脏的	sordid	adj.	ECDICT
肮脏的	foul	adj.	ECDICT
肯定的	positive	adj.	ECDICT
胁迫	menace	v.	ECDICT
胆怯	shy	adj.	ECDICT
背包	knapsack	n.	ECDICT
背后	rear	n.	ECDICT
背景	setting	n.	ECDICT
背离	depart	v.	ECDICT
胜利	triumph	n.	ECDICT
胜利者	victor	n.	ECDICT
胜过	excel	v.	ECDICT
胜过	outperform	v.	ECDICT
胜过	exceed	v.	ECDICT
胜过	transcend	v.	ECDICT
胡闹	monkey	v.	ECDICT
胫骨	shin	n.	ECDICT
胸部	bosom	n.	ECDICT
能力	capacity	n.	ECDICT
能干的	able	adj.	ECDICT
能干的	competent	adj.	ECDICT
能干的	efficient	adj.	ECDICT
脆弱的	frail	adj.	ECDICT
脆弱的	brittle	adj.	ECDICT
脆弱的	slight	adj.	ECDICT
脆弱的	tender	adj.	ECDICT
脉冲	impulse	n.	ECDICT
脊椎	backbone	n.	ECDICT
脊髓灰质炎	polio	n.	ECDICT
脚手架	scaffolding	n.	Wordtrail-reviewed
脚踏车	bike	n.	ECDICT
脱衣	strip	v.	ECDICT
腐蚀	eat	v.	ECDICT
腐蚀	rust	v.	ECDICT
腕关节	wrist	n.	ECDICT
腰带	girdle	n.	ECDICT
腹泻	diarrhoea	n.	ECDICT
腹部	belly	n.	ECDICT
自动	robotic	adj.	ECDICT
自动	automatically	adv.	Wordtrail-reviewed
自在	easy	adj.	ECDICT
自大	proud	adj.	ECDICT
自然的	spontaneous	adj.	ECDICT
自然的	physical	adj.	ECDICT
自由	freedom	n.	Wordtrail-reviewed
自由	liberty	n.	Wordtrail-reviewed
自由的	loose	adj.	ECDICT
自行车	bike	n.	ECDICT
自行车	cycle	n.	ECDICT
自负	conceited	adj.	ECDICT
自负	vain	adj.	ECDICT
至今	hitherto	adv.	ECDICT
至高无上	sovereign	adj.	ECDICT
致命的	lethal	adj.	ECDICT
舒适的	cozy	adj.	ECDICT
舒适的	snug	adj.	ECDICT
舒适的	easy	adj.	ECDICT
舞厅	ballroom	n.	ECDICT
航行	voyage	v.	ECDICT
船长	skipper	n.	ECDICT
良好的	favourable	adj.	ECDICT
艰苦的	laborious	adj.	ECDICT
艰苦的	tough	adj.	ECDICT
艰难的	hard	adj.	ECDICT
艰难的	rough	adj.	ECDICT
节俭	economical	adj.	ECDICT
节俭	thrifty	adj.	ECDICT
节奏	tempo	n.	Wordtrail-reviewed
节目	programme	n.	ECDICT
节约	spare	v.	ECDICT
芬芳	aromatic	adj.	ECDICT
芬芳	redolent	adj.	ECDICT
芬芳	odorous	adj.	ECDICT
花坛	flowerbed	n.	ECDICT
花环	wreath	n.	ECDICT
花费	expend	v.	ECDICT
芳香	sweetness	n.	ECDICT
苍白	wan	adj.	ECDICT
苍白	white	adj.	ECDICT
苗条	slender	adj.	ECDICT
苗条	slight	adj.	ECDICT
苛刻	rigorous	adj.	ECDICT
英勇	heroic	adj.	ECDICT
英勇	valiant	adj.	ECDICT
英勇	gallant	adj.	ECDICT
茁壮	vigorous	adj.	ECDICT
范围	reach	n.	ECDICT
范围	compass	n.	ECDICT
茫然	vacant	adj.	ECDICT
草书	cursive	n.	ECDICT
草稿	draught	n.	ECDICT
荒凉	bleak	adj.	ECDICT
荒地	barren	n.	ECDICT
荒地	waste	n.	ECDICT
荒野	wild	n.	ECDICT
荣誉	honour	n.	ECDICT
荣誉	laurels	n.	ECDICT
药剂师	chemist	n.	ECDICT
药房	drugstore	n.	ECDICT
药物治疗	medication	n.	Wordtrail-reviewed
获利	gain	v.	ECDICT
获得	acquire	v.	ECDICT
获得	acquisition	n.	Wordtrail-reviewed
获得	capture	v.	ECDICT
萌芽	seed	n.	ECDICT
营养	nourishment	n.	ECDICT
萧条	flat	adj.	ECDICT
落差	fall	n.	ECDICT
著名的	famed	adj.	ECDICT
著名的	noted	adj.	ECDICT
著名的	illustrious	adj.	ECDICT
董事长	president	n.	ECDICT
葬礼	burial	n.	Wordtrail-reviewed
蒙受	sustain	v.	ECDICT
蒙昧	uninformed	adj.	ECDICT
蒸气	vapour	n.	ECDICT
蓬乱	unkempt	adj.	ECDICT
蓬乱	scraggly	adj.	ECDICT
蔑视	disdain	v.	ECDICT
蔓延	propagate	v.	ECDICT
薪资	pay	n.	ECDICT
藻类	alga	n.	ECDICT
虐待	maltreat	v.	ECDICT
虔诚的	religious	adj.	ECDICT
虚伪的	false	adj.	ECDICT
虚构	invent	v.	ECDICT
蛋白	white	n.	ECDICT
蜂房	hive	n.	ECDICT
融化	thaw	v.	ECDICT
螺旋	helix	n.	ECDICT
蠕动	squirm	v.	ECDICT
蠕动	writhe	v.	ECDICT
血统	lineage	n.	ECDICT
血统	pedigree	n.	ECDICT
血统	descent	n.	ECDICT
血统	blood	n.	ECDICT
血统	stock	n.	ECDICT
行为	conduct	n.	ECDICT
行为	deed	n.	ECDICT
行为	behaviour	n.	ECDICT
行为	demeanour	n.	ECDICT
行军床	cot	n.	ECDICT
行动	activity	n.	ECDICT
行政	administrative	adj.	Wordtrail-reviewed
行李	baggage	n.	ECDICT
衣服	apparel	n.	ECDICT
衣服	garment	n.	Wordtrail-reviewed
补偿	pay	v.	ECDICT
补偿	repair	v.	ECDICT
补充	supply	v.	ECDICT
补救	repair	v.	ECDICT
补遗	supplement	n.	ECDICT
表白	profess	v.	ECDICT
表皮	cuticle	n.	ECDICT
表示	denote	v.	Wordtrail-reviewed
表示	render	v.	ECDICT
表露	express	v.	ECDICT
衬里	liner	n.	ECDICT
衰退	recession	n.	Wordtrail-reviewed
衷心	heartfelt	adj.	ECDICT
袖子	arm	n.	ECDICT
袭击	assault	v.	ECDICT
裁决	find	v.	ECDICT
裁定	judge	v.	ECDICT
裂缝	crevice	n.	ECDICT
裂缝	fissure	n.	ECDICT
裂缝	cleft	n.	ECDICT
装作	act	v.	ECDICT
装假	sham	v.	ECDICT
装满	fill	v.	ECDICT
装饰	deck	v.	ECDICT
装饰	ornament	v.	ECDICT
装饰	adorn	v.	ECDICT
要塞	fort	n.	ECDICT
要求	postulate	v.	ECDICT
要求	ask	v.	ECDICT
见解	sight	n.	ECDICT
观念	conception	n.	ECDICT
观念	notion	n.	Wordtrail-reviewed
观点	standpoint	n.	ECDICT
规则	regulation	n.	ECDICT
规范	criterion	n.	ECDICT
视察	visit	v.	ECDICT
觉醒	waken	v.	ECDICT
角色	part	n.	ECDICT
角落	nook	n.	ECDICT
解决	resolve	v.	ECDICT
解开	undo	v.	ECDICT
解散	dismiss	v.	ECDICT
解答	resolution	n.	ECDICT
解释	explanation	n.	Wordtrail-reviewed
解雇	discharge	v.	ECDICT
触犯	outrage	v.	ECDICT
触觉	touch	n.	ECDICT
触角	feeler	n.	ECDICT
警告	admonish	v.	ECDICT
警报	alert	n.	ECDICT
计划	program	n.	ECDICT
计算	figure	v.	ECDICT
计算	count	v.	ECDICT
计算	reckon	v.	ECDICT
计算	cipher	v.	ECDICT
订正	rectify	v.	ECDICT
认为	deem	v.	Wordtrail-reviewed
认为	consider	v.	ECDICT
认为	conceive	v.	ECDICT
认为	reckon	v.	ECDICT
认出	spot	v.	ECDICT
认可	okay	v.	ECDICT
认可	sanction	v.	ECDICT
认真的	earnest	adj.	ECDICT
认知	cognitive	adj.	Wordtrail-reviewed
训练	coach	v.	ECDICT
训练	discipline	v.	ECDICT
训练	educate	v.	ECDICT
训诫	lecture	v.	ECDICT
记忆	retention	n.	ECDICT
记时	clock	v.	ECDICT
讲坛	rostrum	n.	ECDICT
讲师	reader	n.	ECDICT
讲话	talk	v.	ECDICT
许可	permit	n.	ECDICT
许可证	permit	n.	ECDICT
许可证	licence	n.	ECDICT
论文	dissertation	n.	ECDICT
讽刺	satirise	v.	ECDICT
设计	devise	v.	Wordtrail-reviewed
设计	plan	v.	ECDICT
设计	project	v.	ECDICT
设计	contrive	v.	ECDICT
设计者	architect	n.	ECDICT
访问	call	v.	ECDICT
诀窍	hang	n.	ECDICT
证实	support	v.	ECDICT
证实	sustain	v.	ECDICT
证明	testify	v.	ECDICT
证明	attest	v.	ECDICT
证明	demonstrate	v.	ECDICT
证明	manifest	v.	ECDICT
证明书	credential	n.	ECDICT
评价	valuation	n.	ECDICT
评价	appraisal	n.	Wordtrail-reviewed
评估	appraisal	n.	Wordtrail-reviewed
评分	grade	v.	ECDICT
评论	remark	n.	ECDICT
评论	commentary	n.	ECDICT
诅咒	damn	v.	ECDICT
诅咒	swear	v.	ECDICT
诉讼	suit	n.	ECDICT
词根	radical	n.	ECDICT
译文	version	n.	ECDICT
试图	essay	v.	ECDICT
试图	undertake	v.	ECDICT
诙谐	jocular	adj.	ECDICT
诙谐	witty	adj.	ECDICT
诚实的	sincere	adj.	ECDICT
诚恳	genuine	adj.	ECDICT
诚恳	cordial	adj.	ECDICT
话题	theme	n.	ECDICT
诡计	deception	n.	ECDICT
诡辩	sophistication	n.	ECDICT
询问	enquire	v.	ECDICT
详尽	full	adj.	ECDICT
详尽	particular	adj.	ECDICT
详尽	elaborate	adj.	ECDICT
详细	minute	adj.	ECDICT
详述	expand	v.	ECDICT
详述	enlarge	v.	ECDICT
误会	misapprehend	v.	ECDICT
误导	misguide	v.	ECDICT
误解	misconceive	v.	ECDICT
诱拐	abduct	v.	ECDICT
诱骗	entice	v.	ECDICT
说出	mouth	v.	ECDICT
说明	explanation	n.	Wordtrail-reviewed
说服	convince	v.	Wordtrail-reviewed
读物	reading	n.	ECDICT
诽谤	defame	v.	ECDICT
调动	remove	v.	ECDICT
调味料	flavoring	n.	ECDICT
调情	mash	v.	ECDICT
调情	toy	v.	ECDICT
调整	modulate	v.	ECDICT
调整	set	v.	ECDICT
调查	investigation	n.	Wordtrail-reviewed
谈判	negotiation	n.	Wordtrail-reviewed
谈话	discourse	v.	ECDICT
谚语	byword	n.	ECDICT
谚语	saw	n.	ECDICT
谣言	rumour	n.	ECDICT
谦逊	unassuming	adj.	ECDICT
谦逊	humble	adj.	ECDICT
谨慎	circumspect	adj.	Wordtrail-reviewed
谨慎	prudent	adj.	Wordtrail-reviewed
象形文字	hieroglyphic	n.	ECDICT
豪华	grand	adj.	ECDICT
豪猪	hedgehog	n.	ECDICT
贞洁	virgin	adj.	ECDICT
负的	minus	adj.	ECDICT
财产	belongings	n.	ECDICT
财政	fiscal	adj.	Wordtrail-reviewed
责任	duty	n.	ECDICT
责任	liability	n.	Wordtrail-reviewed
责任	obligation	n.	ECDICT
责骂	rag	v.	ECDICT
贤明	sage	adj.	ECDICT
货运	freight	n.	Wordtrail-reviewed
贪吃	voracious	adj.	ECDICT
贪婪	ravenous	adj.	ECDICT
贪婪	avaricious	adj.	ECDICT
贪婪	covetous	adj.	ECDICT
贪婪	acquisitive	adj.	ECDICT
贫乏	indigent	adj.	ECDICT
贫乏	lean	adj.	ECDICT
贫困	poverty	n.	Wordtrail-reviewed
贫困	needy	adj.	ECDICT
贫穷	needy	adj.	ECDICT
贫血	anaemia	n.	ECDICT
贴切	apposite	adj.	ECDICT
贴现率	discount	n.	ECDICT
贵族	nobleman	n.	ECDICT
资产	asset	n.	Wordtrail-reviewed
资深	elder	adj.	ECDICT
赋予	gift	v.	ECDICT
赌注	wager	n.	ECDICT
赌注	bet	n.	ECDICT
赔偿	indemnify	v.	ECDICT
赝品	sham	n.	ECDICT
赞赏	admiration	n.	Wordtrail-reviewed
赤裸	bare	adj.	ECDICT
赤裸	bald	adj.	ECDICT
走近	near	v.	ECDICT
起义	insurrection	n.	ECDICT
起伏	wave	n.	ECDICT
起居室	living-room	n.	ECDICT
起来	arise	v.	ECDICT
起立	rise	v.	ECDICT
起草	draught	v.	ECDICT
起跑线	scratch	n.	ECDICT
起身	rise	v.	ECDICT
超自然	weird	adj.	ECDICT
超越	transcend	v.	ECDICT
超越	outdo	v.	ECDICT
超越	exceed	v.	ECDICT
趋向	tendency	n.	ECDICT
足够	adequate	adj.	Wordtrail-reviewed
足够	sufficient	adj.	ECDICT
跑道	racetrack	n.	ECDICT
距离	space	n.	ECDICT
跟踪	dog	v.	ECDICT
跟踪	tail	v.	ECDICT
跨越	span	v.	ECDICT
路线	course	n.	ECDICT
路线	path	n.	ECDICT
路障	barricade	n.	ECDICT
跳跃	leap	v.	ECDICT
跳跃	bound	v.	ECDICT
践踏	tread	v.	ECDICT
踌躇	pause	v.	ECDICT
蹲伏	squat	v.	ECDICT
身材	shape	n.	ECDICT
躯干	torso	n.	ECDICT
躲闪	hedge	v.	ECDICT
轨道	path	n.	ECDICT
转化	translate	v.	ECDICT
转变	switch	v.	ECDICT
转变	shift	v.	ECDICT
转向	twist	v.	ECDICT
转换	shift	v.	ECDICT
轮流	alternate	v.	ECDICT
轮胎	tyre	n.	ECDICT
轻微	light	adj.	ECDICT
轻微	trivial	adj.	ECDICT
轻松的	comfortable	adj.	ECDICT
轻浮	flighty	adj.	ECDICT
轻浮	light	adj.	ECDICT
轻率	imprudent	adj.	ECDICT
辉煌	proud	adj.	ECDICT
辉煌	noble	adj.	ECDICT
输入	introduce	v.	ECDICT
辛辣	salt	adj.	ECDICT
辨别	discern	v.	ECDICT
辩解	apologize	v.	ECDICT
辩论	argue	v.	ECDICT
辩驳	rebut	v.	ECDICT
边界	borderline	n.	ECDICT
边界	mete	n.	ECDICT
边界	limit	n.	ECDICT
边界	bound	n.	ECDICT
边缘	border	n.	ECDICT
辽阔	broad	adj.	ECDICT
达到	attain	v.	ECDICT
达到	touch	v.	ECDICT
达到	accomplish	v.	ECDICT
迁移	migration	n.	Wordtrail-reviewed
迄今	hitherto	adv.	ECDICT
迅速的	prompt	adj.	ECDICT
迅速的	swift	adj.	ECDICT
迅速的	quick	adj.	ECDICT
过剩	surplus	adj.	ECDICT
过失	error	n.	ECDICT
过度的	exorbitant	adj.	ECDICT
过度的	inordinate	adj.	ECDICT
过度的	unreasonable	adj.	ECDICT
过滤	sift	v.	Wordtrail-reviewed
过程	procedure	n.	ECDICT
迎接	receive	v.	ECDICT
运气	lot	n.	ECDICT
运气	fate	n.	ECDICT
运行	move	v.	ECDICT
运行	function	v.	ECDICT
运费	freight	n.	Wordtrail-reviewed
运转	go	v.	ECDICT
运送	carry	v.	ECDICT
近似	near	adj.	ECDICT
近来	lately	adv.	ECDICT
近视的	shortsighted	adj.	ECDICT
进一步的	farther	adj.	ECDICT
进化	evolution	n.	Wordtrail-reviewed
进去	enter	v.	ECDICT
进展	advance	n.	ECDICT
进行中	ongoing	adj.	Wordtrail-reviewed
进货	stock	v.	ECDICT
远的	distant	adj.	ECDICT
远足	hike	n.	ECDICT
违反	transgress	v.	ECDICT
违反	break	v.	ECDICT
违反	offend	v.	ECDICT
连接	join	v.	ECDICT
连接起来	link	v.	ECDICT
连结	link	v.	ECDICT
连衣裙	frock	n.	ECDICT
迟钝	thick	adj.	ECDICT
迫使	pressure	v.	ECDICT
迫切	insistent	adj.	ECDICT
迷人	glamorous	adj.	Wordtrail-reviewed
迷住	charm	v.	ECDICT
迷住	captivate	v.	ECDICT
迷住	capture	v.	ECDICT
迷宫	labyrinth	n.	ECDICT
追捕	hound	v.	ECDICT
追求	pursuit	n.	Wordtrail-reviewed
追求	follow	v.	ECDICT
追踪	trail	v.	ECDICT
追随	pursue	v.	ECDICT
退休	retirement	n.	Wordtrail-reviewed
退却	retire	v.	ECDICT
退却	recede	v.	ECDICT
退回	regress	v.	ECDICT
适合	become	v.	ECDICT
适合	fit	v.	ECDICT
适合的	suited	adj.	ECDICT
适宜	fit	adj.	ECDICT
适应	accommodate	v.	ECDICT
适应	conform	v.	ECDICT
适度	modest	adj.	ECDICT
适度	mild	adj.	ECDICT
适当	apt	adj.	Wordtrail-reviewed
适当	adequate	adj.	Wordtrail-reviewed
逃脱	miss	v.	ECDICT
逃走	fly	v.	ECDICT
逃跑	bunk	v.	ECDICT
逃避	elude	v.	ECDICT
逆向	converse	adj.	ECDICT
选举	election	n.	Wordtrail-reviewed
选举权	vote	n.	ECDICT
选择	opt	v.	ECDICT
选择	selection	n.	Wordtrail-reviewed
选择权	choice	n.	ECDICT
选段	extract	n.	ECDICT
选票	vote	n.	ECDICT
透明的	crystalline	adj.	ECDICT
透明的	sheer	adj.	ECDICT
透明的	liquid	adj.	ECDICT
透露	disclose	v.	ECDICT
逐出	oust	v.	ECDICT
途径	path	n.	ECDICT
逗弄	tantalize	v.	ECDICT
逗留	remain	v.	ECDICT
通俗	pop	adj.	ECDICT
通俗	vulgar	adj.	ECDICT
通告	notification	n.	ECDICT
通常	ordinarily	adv.	ECDICT
通常	commonly	adv.	Wordtrail-reviewed
通用	universal	adj.	ECDICT
通知	apprise	v.	ECDICT
通知	advise	v.	ECDICT
通行证	passport	n.	ECDICT
通道	passageway	n.	ECDICT
速度	velocity	n.	ECDICT
造成	pose	v.	Wordtrail-reviewed
造成	make	v.	ECDICT
逼真	living	adj.	ECDICT
逼真	realistic	adj.	ECDICT
逼迫	push	v.	ECDICT
遇见	encounter	v.	ECDICT
道德	ethical	adj.	Wordtrail-reviewed
道路	path	n.	ECDICT
遗产	inheritance	n.	ECDICT
遗嘱	testament	n.	ECDICT
遗弃	desert	v.	ECDICT
遗忘	leave	v.	ECDICT
遗漏	drop	v.	ECDICT
遥远的	remote	adj.	ECDICT
遥远的	far	adj.	ECDICT
遵守	keep	v.	ECDICT
遵守	respect	v.	ECDICT
避免	avert	v.	ECDICT
邋遢	slovenly	adj.	ECDICT
邋遢	sluttish	adj.	ECDICT
邪恶	vicious	adj.	ECDICT
邪恶	ugly	adj.	ECDICT
邪恶	wicked	adj.	ECDICT
邮政	post	n.	ECDICT
邮政	mail	n.	ECDICT
邮政编码	postcode	n.	ECDICT
邮递员	postman	n.	ECDICT
邮递员	carrier	n.	ECDICT
邻人	neighbour	n.	ECDICT
邻居	neighbour	n.	ECDICT
邻近的	adjacent	adj.	ECDICT
部下	underling	n.	ECDICT
部件	piece	n.	ECDICT
部分	share	n.	ECDICT
部分	portion	n.	ECDICT
部分	partially	adv.	Wordtrail-reviewed
部分	partly	adv.	Wordtrail-reviewed
部分	piece	n.	ECDICT
部分	percentage	n.	ECDICT
部分	segment	n.	ECDICT
部分的	half	adj.	ECDICT
酋长	chieftain	n.	ECDICT
配偶	mate	n.	ECDICT
配备	outfit	v.	ECDICT
酒席	feast	n.	ECDICT
酒醉	drunken	adj.	ECDICT
酱油	soy	n.	ECDICT
酸的	acid	adj.	ECDICT
酸的	tart	adj.	ECDICT
醒来	wake	v.	ECDICT
醒来	awake	v.	ECDICT
醒来	arouse	v.	ECDICT
醒来	rouse	v.	ECDICT
醒来	waken	v.	ECDICT
醒目	striking	adj.	ECDICT
采用	adoption	n.	Wordtrail-reviewed
释放	free	v.	ECDICT
释放	loose	v.	ECDICT
释放	liberate	v.	ECDICT
重复	echo	v.	ECDICT
重复	retell	v.	ECDICT
重大的	momentous	adj.	ECDICT
重新	afresh	adv.	ECDICT
重点	stress	n.	ECDICT
重申	reaffirm	v.	Wordtrail-reviewed
重要	crucial	adj.	Wordtrail-reviewed
重要	paramount	adj.	Wordtrail-reviewed
重要	pivotal	adj.	Wordtrail-reviewed
重要	vital	adj.	Wordtrail-reviewed
重要的	significant	adj.	ECDICT
重要的	measurable	adj.	ECDICT
重要的	big	adj.	ECDICT
重要的	central	adj.	ECDICT
重要的	serious	adj.	ECDICT
重要的	main	adj.	ECDICT
重要的	essential	adj.	ECDICT
重要的	fundamental	adj.	ECDICT
重视	treasure	v.	ECDICT
重音	accent	n.	ECDICT
野蛮	barbarian	adj.	ECDICT
野蛮	barbarous	adj.	ECDICT
野蛮	wild	adj.	ECDICT
野蛮	savage	adj.	ECDICT
金的	gold	adj.	ECDICT
金融	financial	adj.	Wordtrail-reviewed
金额	sum	n.	ECDICT
钓鱼	angle	v.	ECDICT
钟声	chime	n.	ECDICT
钟声	toll	n.	ECDICT
钦佩	admiration	n.	Wordtrail-reviewed
钻孔	bore	v.	ECDICT
铁路	railroad	n.	ECDICT
铸件	cast	n.	ECDICT
销子	peg	n.	ECDICT
锁上	lock	v.	ECDICT
锋利	keen	adj.	ECDICT
锐利	shrewd	adj.	ECDICT
错觉	delusion	n.	ECDICT
错过	lose	v.	ECDICT
镇压	repress	v.	ECDICT
镇民	townsfolk	n.	ECDICT
镇静	composed	adj.	ECDICT
长久	long	adj.	ECDICT
长处	forte	n.	ECDICT
长矛	lance	n.	ECDICT
门厅	hall	n.	ECDICT
门厅	foyer	n.	ECDICT
闪光	flare	n.	ECDICT
闪光	spark	n.	ECDICT
闪光灯	photoflash	n.	ECDICT
闪烁	wink	v.	ECDICT
闪电战	blitz	n.	ECDICT
闪耀	glint	v.	ECDICT
闪避	duck	v.	ECDICT
闲聊	gossip	v.	ECDICT
闲谈	jaw	v.	ECDICT
闲谈	visit	v.	ECDICT
闲逛	saunter	v.	ECDICT
间接	mediate	adj.	ECDICT
阁楼	loft	n.	ECDICT
阐明	elucidate	v.	ECDICT
防止	avert	v.	ECDICT
阴暗的	opaque	adj.	ECDICT
阴暗的	dull	adj.	ECDICT
阴沉	dismal	adj.	ECDICT
阴沉	depressing	adj.	ECDICT
阴湿	dank	adj.	ECDICT
阴谋	intrigue	n.	Wordtrail-reviewed
阶段	phase	n.	ECDICT
阻挡	bar	v.	ECDICT
阻止	preclude	v.	ECDICT
阻止	check	v.	ECDICT
阻止	arrest	v.	ECDICT
阻碍	hamper	v.	ECDICT
阻碍	embarrass	v.	ECDICT
阻碍	barricade	v.	ECDICT
阻隔	obstruct	v.	ECDICT
陀螺	top	n.	ECDICT
附加	additional	adj.	Wordtrail-reviewed
附着	cohere	v.	ECDICT
附着	cling	v.	ECDICT
陈列	expose	v.	ECDICT
陈列	exhibit	v.	ECDICT
陌生的	unknown	adj.	ECDICT
降低	depress	v.	ECDICT
降落	landing	n.	Wordtrail-reviewed
限制	limit	v.	ECDICT
限制	confine	v.	ECDICT
限制	constrain	v.	Wordtrail-reviewed
限制	qualify	v.	ECDICT
限制	bound	v.	ECDICT
限定	qualify	v.	ECDICT
限额	limitation	n.	ECDICT
陡峭	precipitous	adj.	ECDICT
陡峭	abrupt	adj.	ECDICT
陡峭	perpendicular	adj.	ECDICT
除去	obviate	v.	ECDICT
除外	except	v.	ECDICT
险恶	ugly	adj.	ECDICT
陪伴	company	v.	ECDICT
陪伴	companion	v.	ECDICT
陷阱	snare	n.	ECDICT
随便	easy	adj.	ECDICT
随后	later	adv.	ECDICT
随后	subsequently	adv.	ECDICT
隐瞒	hide	v.	ECDICT
隐藏	obscure	v.	ECDICT
隐藏	veil	v.	ECDICT
隐退	retreat	v.	ECDICT
隔离	isolation	n.	Wordtrail-reviewed
隔离	insulate	v.	ECDICT
障碍	obstruction	n.	ECDICT
难以置信	incredible	adj.	ECDICT
难以置信	implausible	adj.	ECDICT
难得的	scarce	adj.	ECDICT
难忘	memorable	adj.	ECDICT
难的	hard	adj.	ECDICT
难过的	sorry	adj.	ECDICT
雄伟	grand	adj.	ECDICT
集中	center	v.	ECDICT
集中	centralize	v.	ECDICT
集中	centre	v.	ECDICT
集会	assembly	n.	ECDICT
集合	gather	n.	ECDICT
集合	assemblage	n.	ECDICT
集市	bazaar	n.	ECDICT
雇佣	engage	v.	ECDICT
雕刻	grave	v.	ECDICT
雪豹	ounce	n.	ECDICT
需求	requirement	n.	ECDICT
需要	necessitate	v.	ECDICT
需要	want	v.	ECDICT
需要	ask	v.	ECDICT
露天	outdoor	adj.	ECDICT
青少年	teenager	n.	Wordtrail-reviewed
静静地	softly	adv.	ECDICT
非常	exceedingly	adv.	Wordtrail-reviewed
非常	highly	adv.	Wordtrail-reviewed
非常	terribly	adv.	Wordtrail-reviewed
非正式	unofficial	adj.	ECDICT
非法	unlawful	adj.	ECDICT
面容	look	n.	ECDICT
面对	front	v.	ECDICT
面貌	aspect	n.	ECDICT
靶子	mark	n.	ECDICT
鞭子	lash	n.	ECDICT
鞭打	lash	v.	ECDICT
鞭打	thrash	v.	Wordtrail-reviewed
音域	compass	n.	ECDICT
韵文	poetry	n.	ECDICT
顶点	acme	n.	ECDICT
顶点	peak	n.	ECDICT
顽固	dogged	adj.	ECDICT
顽固	bullheaded	adj.	ECDICT
顽固	obstinate	adj.	ECDICT
顾客	client	n.	ECDICT
顾问	adviser	n.	ECDICT
预先	beforehand	adv.	ECDICT
预先	ahead	adv.	ECDICT
预感	foreboding	n.	ECDICT
预报	prediction	n.	Wordtrail-reviewed
预报	predict	v.	ECDICT
预期	anticipation	n.	ECDICT
预测	calculate	v.	ECDICT
预示	omen	v.	ECDICT
预示	bode	v.	ECDICT
预示	presage	v.	ECDICT
预示	betoken	v.	ECDICT
预言	prediction	n.	Wordtrail-reviewed
预防	prevention	n.	Wordtrail-reviewed
预防	preclude	v.	ECDICT
领土	dominion	n.	ECDICT
领带	tie	n.	ECDICT
领悟	perception	n.	Wordtrail-reviewed
领航	pilot	v.	ECDICT
题目	subject	n.	ECDICT
题目	theme	n.	ECDICT
颜色	colour	n.	ECDICT
额外	additional	adj.	Wordtrail-reviewed
额外	special	adj.	ECDICT
额外	excess	adj.	ECDICT
颠倒	overturn	v.	ECDICT
颠覆	upset	v.	ECDICT
风味	smack	n.	ECDICT
风味	relish	n.	ECDICT
风味	flavour	n.	ECDICT
风尚	mode	n.	ECDICT
风景画	landscape	n.	ECDICT
风格	manner	n.	ECDICT
飞奔	scud	v.	ECDICT
飞机	aeroplane	n.	ECDICT
飞机	plane	n.	ECDICT
飞溅	spatter	v.	ECDICT
飞禽	fowl	n.	ECDICT
飞行	wing	v.	ECDICT
飞行者	flier	n.	ECDICT
食指	forefinger	n.	ECDICT
饲养	rear	v.	ECDICT
饶舌	garrulous	adj.	ECDICT
首相	premier	n.	ECDICT
首要	principal	adj.	ECDICT
香味	scent	n.	ECDICT
香味	odor	n.	ECDICT
香槟酒	bubbly	n.	ECDICT
香气	perfume	n.	ECDICT
香气	odour	n.	ECDICT
香水	scent	n.	ECDICT
香烟	cigaret	n.	ECDICT
马上	directly	adv.	ECDICT
驯养	tame	v.	ECDICT
驱使	propel	v.	Wordtrail-reviewed
驱散	dispel	v.	ECDICT
驱散	dissipate	v.	ECDICT
驳船	lighter	n.	ECDICT
驾车	motor	v.	ECDICT
骄傲的	haughty	adj.	ECDICT
骑兵	horse	n.	ECDICT
骗取	swindle	v.	ECDICT
骗子	cheater	n.	ECDICT
骚动	commotion	n.	ECDICT
骚动	uproar	n.	Wordtrail-reviewed
高兴的	glad	adj.	ECDICT
高出	top	v.	ECDICT
高地	tableland	n.	ECDICT
高处	altitude	n.	ECDICT
高射炮	flak	n.	ECDICT
高尚	sublime	adj.	ECDICT
高尚	exalted	adj.	ECDICT
高尚	high	adj.	ECDICT
高尚	magnificent	adj.	ECDICT
高的	lofty	adj.	ECDICT
高级	high	adj.	ECDICT
高级	lofty	adj.	ECDICT
高龄	senile	adj.	ECDICT
魅力	fascination	n.	Wordtrail-reviewed
魅力	spell	n.	ECDICT
魔鬼	fiend	n.	ECDICT
鲜明的	bright	adj.	ECDICT
鸡冠	comb	n.	ECDICT
鹤嘴锄	pick	n.	ECDICT
麻木	callous	adj.	ECDICT
麻木	anaesthetic	adj.	ECDICT
麻木	asleep	adj.	ECDICT
麻木	dead	adj.	ECDICT
麻醉剂	anaesthetic	n.	ECDICT
黄昏	twilight	n.	ECDICT
黎明	daybreak	n.	ECDICT
黎明	sunrise	n.	ECDICT
黑暗	gloomy	adj.	ECDICT
黑猩猩	chimp	n.	ECDICT
鼓掌	clap	v.	ECDICT
