废除	abolition	n.	Wordtrail-batch02-reviewed
冷漠	apathy	n.	Wordtrail-batch02-reviewed
挪用	appropriation	n.	Wordtrail-batch02-reviewed
授权	authorization	n.	Wordtrail-batch02-reviewed
燃烧	combustion	n.	Wordtrail-batch02-reviewed
一致	conformity	n.	Wordtrail-batch02-reviewed
咨询	consultancy	n.	Wordtrail-batch02-reviewed
污染	contamination	n.	Wordtrail-batch02-reviewed
争论	contention	n.	Wordtrail-batch02-reviewed
转变	conversion	n.	Wordtrail-batch02-reviewed
询问	enquiry	n.	Wordtrail-batch02-reviewed
平等	equality	n.	Wordtrail-batch02-reviewed
理发	haircut	n.	Wordtrail-batch02-reviewed
移民	immigration	n.	Wordtrail-batch02-reviewed
干涉	interference	n.	Wordtrail-batch02-reviewed
灌溉	irrigation	n.	Wordtrail-batch02-reviewed
解放	liberation	n.	Wordtrail-batch02-reviewed
毫米	millimetre	n.	Wordtrail-batch02-reviewed
现代化	modernize	v.	Wordtrail-batch02-reviewed
修改	modification	n.	Wordtrail-batch02-reviewed
中立	neutrality	n.	Wordtrail-batch02-reviewed
流行	prevalence	n.	Wordtrail-batch02-reviewed
宣传	publicity	n.	Wordtrail-batch02-reviewed
拒绝	refusal	n.	Wordtrail-batch02-reviewed
拒绝	rejection	n.	Wordtrail-batch02-reviewed
预定	reservation	n.	Wordtrail-batch02-reviewed
严格	rigor	n.	Wordtrail-batch02-reviewed
缺乏	scarcity	n.	Wordtrail-batch02-reviewed
隔离	segregation	n.	Wordtrail-batch02-reviewed
起飞	takeoff	n.	Wordtrail-batch02-reviewed
利用	utilization	n.	Wordtrail-batch02-reviewed
违反	violation	n.	Wordtrail-batch02-reviewed
