word	chinese	pos	review_note
compulsory	必修	adj.	强制必修之义；用于必修课程或义务事项。
disastrous	惨重	adj.	造成严重损失或后果的形容词义。
derivation	推导	n.	推导或推论过程的名词义。
rural	乡间	adj.	乡村、农村相关的形容词义。
prior	在先	adj.	先前的、在时间或次序上较早的形容词义。
thoughtless	粗心	adj.	欠考虑、轻率或不体贴的形容词义。
hurl	投掷	v.	用力投掷或猛投的动词义。
rattle	动摇	v.	使不安、使动摇的动词义。
victimize	害人	v.	使某人受害或牺牲的动词义。
throng	拥挤	v.	人群蜂拥聚集或使拥塞的动词义。
rug	地毯	n.	小块地毯的名词义。
inaccessible	闭塞	adj.	难以到达或难以接近的形容词义。
fussy	挑剔	adj.	爱挑剔、难取悦的形容词义。
forthcoming	坦白	adj.	坦率、愿意坦诚提供信息的形容词义；区别于“即将来临”义。
exploitation	剥削	n.	利用他人并从中获利的名词义。
heavily	重重	adv.	以很重或严重的程度发生。
fret	发愁	v.	为某事烦恼、担忧的动词义。
preventive	防范	adj.	用于预防或防止问题发生的形容词义。
radioactive	放射性	adj.	具有放射性的形容词义。
aside	一旁	adv.	在一侧或旁边的副词义。
upwards	上边	adv.	向上或在上方的副词义。
blond	金发	adj.	金黄色头发的形容词义。
perspiration	汗水	n.	汗液或出汗的名词义。
photoelectric	光电	adj.	光与电相互作用或光电设备相关的形容词义。
intertwine	交错	v.	使交织、缠绕或交错的动词义。
cubic	立方体	adj.	立方体或立方形状相关的形容词义。
adjustable	伸缩	adj.	可伸展、收缩或调节的形容词义。
moderately	适度	adv.	适当地、适度地。
delightful	怡人	adj.	令人愉快、使人舒适的形容词义。
spelling	写法	n.	拼写或书写形式的名词义。
empirical	实证	adj.	依据经验或观察证据的形容词义。
qualitative	定性	adj.	基于性质而非数量的形容词义。
unrest	动乱	n.	社会或政治上的骚动、不安状态。
dutiful	本分	adj.	尽职、守本分或顺从的形容词义。
disillusioned	寒心	adj.	幻想破灭或大失所望的形容词义。
pointless	无谓	adj.	没有意义或不值得做的形容词义。
yielding	柔顺	adj.	顺从、柔韧或容易弯曲的形容词义。
discrete	分立	adj.	彼此分开、非连续的形容词义。
downfall	倒台	n.	失势、垮台的名词义。
dependent	附庸	n.	依赖他人者或附属者的名词义。
alongside	并肩	adv.	在旁边、并排或共同进行。
saucer	碟子	n.	茶杯下承托的小碟。
stillness	沉寂	n.	静止、沉静或寂静状态。
squash	压扁	v.	挤压、压碎或压扁的动词义。
extinction	绝种	n.	物种灭绝、消失的名词义。
impetus	势头	n.	推动事物发展的动力或势头。
surprising	出人意料	adj.	令人惊讶、出乎意料的形容词义。
technical	技术性	adj.	技术或专业领域相关的形容词义。
infamous	臭名昭著	adj.	因坏事而恶名昭著的形容词义。
justifiable	说得过去	adj.	可以解释、辩护或证明为合理的形容词义。
overcharge	宰客	v.	向顾客收取过高费用的动词义。
plough	破土	v.	用犁开垦土地或破土开路的动词义。
imperative	急迫	adj.	紧急、急需或势在必行的形容词义。
marine	海产	adj.	海洋或海产品相关的形容词义。
genetic	遗传性	adj.	遗传或基因相关的形容词义。
exclamation	感叹词	n.	表达惊呼或感叹的词。
exciting	扣人心弦	adj.	令人兴奋、刺激或紧张的形容词义。
vex	烦扰	v.	使烦恼、使苦恼的动词义。
displease	开罪	v.	使人不快或惹恼的动词义。
unanimous	众口一词	adj.	全体意见一致、无异议的形容词义。
saleable	适销	adj.	适合出售或有销路的形容词义。
tangled	错综	adj.	纠缠、复杂或紊乱的形容词义。
satisfactorily	妥帖	adv.	以令人满意或合适的方式完成。
skyrocket	扶摇直上	v.	迅速上升或飞涨的动词义。
shipment	装运	n.	装船、发货或运送货物的名词义。
efficiently	三下五除二	adv.	迅速而有效地完成；采用固定汉语习语对应。
