word	chinese	pos	target_tags	ecdict_pos_evidence	cedict_english_gloss	match_kind	cedict_pinyin	traditional	pinyin	pinyin_frequency	source_line	source_url	review_note	pos_reference_url
p.m.	下午	n.	cet4		p.m.	exact	xia4 wu3	下午	xia wu	65300	1926	https://github.com/TeaPearce/chinese-english-dictionary/blob/a9aea223269eb9820590e5bca783eb299c317439/data/cedict_ts_june2026.u8	缩写 p.m.（post meridiem），表示中午以后；青简词性枚举没有 abbr.，按内核词库生成约定以 n. 展示。CC-CEDICT 整词释义与本机音标可核对，词性参考 Cambridge 缩写条目。	https://dictionary.cambridge.org/dictionary/english/pm
entrepreneurship	创业	n.	cet6		entrepreneurship	exact	chuang4 ye4	創業	chuang ye	3332	14864	https://github.com/TeaPearce/chinese-english-dictionary/blob/a9aea223269eb9820590e5bca783eb299c317439/data/cedict_ts_june2026.u8	名词指创业活动或创业能力，中文“创业”可作该活动名词；固定 ECDICT 未提供可解析词性，词性与名词用法参考 Cambridge 条目。	https://dictionary.cambridge.org/dictionary/english/entrepreneurship
batter	冲击	v.	cet6,tem4,tem8,toefl,ielts	v. 连续猛打（尤其指妇女），猛击	to batter	to-verb	chong1 ji1	衝擊	chong ji	2746	98199	https://github.com/TeaPearce/chinese-english-dictionary/blob/a9aea223269eb9820590e5bca783eb299c317439/data/cedict_ts_june2026.u8	仅取“用力反复击打/冲击”动词义，CC-CEDICT 原行写作 to batter；不映射面糊、击球手等名词义。	-
processing	加工	n.	cet6,ielts		processing	exact	jia1 gong1	加工	jia gong	2439	15251	https://github.com/TeaPearce/chinese-english-dictionary/blob/a9aea223269eb9820590e5bca783eb299c317439/data/cedict_ts_june2026.u8	名词/动名词，表示加工处理这一过程；与原词库的动词 process 区分。固定 ECDICT 未提供可解析词性，参考 Cambridge 的 noun 释义。	https://dictionary.cambridge.org/dictionary/english/processing
prospective	有希望	adj.	cet6,tem8,toefl,ielts	adj. 预期的, 将来的	prospective	exact	you3 xi1 wang4	有希望	you xi wang	2389	54919	https://github.com/TeaPearce/chinese-english-dictionary/blob/a9aea223269eb9820590e5bca783eb299c317439/data/cedict_ts_june2026.u8	形容将来可能成为或预期会发生的对象；限定在 prospective buyer/student 等“有望成为”语境，不泛指乐观或有前途。	-
philanthropy	善心	n.	cet6	n. 慈善, 仁慈, 博爱, 慈善事业, 慈善机构(团体)	philanthropy	exact	shan4 xin1	善心	shan xin	490	22470	https://github.com/TeaPearce/chinese-english-dictionary/blob/a9aea223269eb9820590e5bca783eb299c317439/data/cedict_ts_june2026.u8	取慈善、仁慈的名词义，强调助人及行善意愿，不指慈善机构本身。CC-CEDICT、ECDICT 均列 kindness/benevolence 相关义项。	-
expertise	两手	n.	cet6,tem4,tem8,toefl,ielts	n. 专家意见, 专门技术	expertise	exact	liang3 shou3	兩手	liang shou	443	11524	https://github.com/TeaPearce/chinese-english-dictionary/blob/a9aea223269eb9820590e5bca783eb299c317439/data/cedict_ts_june2026.u8	“两手”取本领、技能义（如“有两手”），不取字面上的双手；expertise 对应专门技能/专长。	-
processing	制程	n.	cet6,ielts		processing	exact	zhi4 cheng2	製程	zhi cheng	436	98904	https://github.com/TeaPearce/chinese-english-dictionary/blob/a9aea223269eb9820590e5bca783eb299c317439/data/cedict_ts_june2026.u8	仅取工业制造中的处理流程/制程名词义；固定 ECDICT 未提供可解析词性，参考 Cambridge 的 production/processing noun 释义。	https://dictionary.cambridge.org/dictionary/english/processing
specifically	专程	adv.	cet4,cet6,tem4,toefl	adv. 特定地, 明确地, 按特性	specifically	exact	zhuan1 cheng2	專程	zhuan cheng	432	34029	https://github.com/TeaPearce/chinese-english-dictionary/blob/a9aea223269eb9820590e5bca783eb299c317439/data/cedict_ts_june2026.u8	限定为“为某个特定目的专程去/做”义；不覆盖 specifically 的“明确地、具体地”义。	-
sophisticate	人精	n.	cet6,tem8,toefl,ielts	n. 久经世故的人, 精于...之道的人	sophisticate	exact	ren2 jing1	人精	ren jing	105	5930	https://github.com/TeaPearce/chinese-english-dictionary/blob/a9aea223269eb9820590e5bca783eb299c317439/data/cedict_ts_june2026.u8	正式且较少见的名词义，指久经世故、精明练达的人；不取其动词义。	-
tradesman	坐商	n.	cet6,tem4,tem8	n. 零售商, 工匠	tradesman	exact	zuo4 shang1	坐商	zuo shang	17	25342	https://github.com/TeaPearce/chinese-english-dictionary/blob/a9aea223269eb9820590e5bca783eb299c317439/data/cedict_ts_june2026.u8	限定为商业义的店主/固定店铺商人，不取建筑工匠等职业义。	-
contemptuous	眼高	adj.	cet6,tem4,tem8,toefl	adj. 轻蔑的, 鄙视的, 瞧不起人的	contemptuous	exact	yan3 gao1	眼高	yan gao	14	78496	https://github.com/TeaPearce/chinese-english-dictionary/blob/a9aea223269eb9820590e5bca783eb299c317439/data/cedict_ts_june2026.u8	限定为傲慢、瞧不起人的贬义，与“眼高于顶”一类用法相近；不把“眼高”泛化成标准高或有抱负。	-
