chinese	english	ecdict_pos	source_records	source_fields	source_traditional	source_mainland	pinyin	pinyin_frequency	ipa_sources	already_mapped	existing_headword	already_computer_tag	spare_capacity	decision	runtime_pos	review_note
中断	break	n.	90	traditional	破裂；中斷；斷線；斷路；截斷	停歇	zhong duan	2337	UK,US	false	true	false	true	accept	n.	The NAER computer glossary lists 中断 for break; this is a standard interruption or communication-break sense.
中止	suspend	v.	1336	traditional	懸置；停止；中止；懸掛；中繼；停話	挂起【动】	zhong zhi	1338	UK,US	false	true	false	true	accept	v.	The glossary lists 中止 for suspend; suspending a process or operation is a standard computing action.
亮度	luminosity	n.	699	traditional	亮度	光度	liang du	1114	UK	false	true	false	true	accept	n.	亮度 is the exact local noun gloss and a useful display/graphics property.
优先	priority	n.	986	traditional	優先	优先级	you xian	3012	UK,US	false	true	false	true	accept	n.	Priority is a standard scheduling and computing concept; 优先 is an exact local gloss.
传染	infection	n.	558	traditional	傳染	感染	chuan ran	2262	UK,US	false	true	false	true	accept	n.	The glossary's information-security context and the exact local gloss support computer-virus infection.
修正	modification	n.	768	traditional	修改；修正	修改	xiu zheng	3088	UK,US	false	true	false	true	accept	n.	The source lists 修改/修正; this is a useful software or data modification sense.
允许	permission	n.	928	traditional	允許	许可[权]	yun xu	13357	UK,US	false	true	false	true	reject	n.	允许 reads as an action; the usual standalone noun translation is 权限/许可, so this exact source variant is not added.
净化	purge	n.	1019	mainland	清除；去除	净化【动】	jing hua	1669	UK,US	false	true	false	true	defer	n.	Exact source term, ECDICT gloss, pinyin, and IPA passed; computing-specific usefulness or the standalone Chinese sense needs stronger context, so it is kept out pending review.
分割	partition	n.,v.	908	traditional	分區；分割；區間；劃分	分区	fen ge	2629	UK,US	false	true	true	true	defer	n.	Exact source term, ECDICT gloss, pinyin, and IPA passed; computing-specific usefulness or the standalone Chinese sense needs stronger context, so it is kept out pending review.
包装	pack	n.,v.	873	traditional	包裝；磁碟組；壓縮；縮緊；縮整；聚集；包裹；組裝；封裝	紧缩【动】	bao zhuang	4933	UK,US	false	true	false	true	defer	n.	Exact source term, ECDICT gloss, pinyin, and IPA passed; computing-specific usefulness or the standalone Chinese sense needs stronger context, so it is kept out pending review.
包装	packing	n.	875	traditional	壓縮；包裝	压紧	bao zhuang	4933	UK,US	false	false	false	true	defer	n.	Exact source term, ECDICT gloss, pinyin, and IPA passed; computing-specific usefulness or the standalone Chinese sense needs stronger context, so it is kept out pending review.
包裹	pack	n.	873	traditional	包裝；磁碟組；壓縮；縮緊；縮整；聚集；包裹；組裝；封裝	紧缩【动】	bao guo	2869	UK,US	false	true	false	true	defer	n.	Exact source term, ECDICT gloss, pinyin, and IPA passed; computing-specific usefulness or the standalone Chinese sense needs stronger context, so it is kept out pending review.
参考	reference	n.	1061	traditional	參考資料；參考	引用【动】	can kao	6851	UK,US	false	true	false	true	defer	n.	Exact source term, ECDICT gloss, pinyin, and IPA passed; computing-specific usefulness or the standalone Chinese sense needs stronger context, so it is kept out pending review.
取消	undo	v.	1447	traditional	取消；廢除	撤消所做【动】	qu xiao	15453	UK,US	false	true	false	true	reject	v.	取消 means cancel; the usual UI action for undo is 撤销, so this source variant could mislead.
变形	morphing	n.	779	mainland	漸變	变形	bian xing	3996	UK,US	false	false	false	true	accept	n.	Morphing is a computer-graphics transformation; 变形 is the exact source and local gloss.
否定	negation	n.	799	traditional	非；負；否定	“反”[运算]	fou ding	2910	UK,US	false	true	false	true	accept	n.	Negation is a formal logic and programming concept; 否定 is exact.
否认	repudiation	n.	1092	traditional	否認	抵赖	fou ren	4143	UK,US	false	false	false	true	defer	n.	Exact source term, ECDICT gloss, pinyin, and IPA passed; computing-specific usefulness or the standalone Chinese sense needs stronger context, so it is kept out pending review.
哄骗	spoofing	n.	1294	mainland	電子欺騙	哄骗【动】	hong pian	81	UK,US	false	false	false	true	reject	n.	哄骗 is too broad and does not express the technical impersonation/forgery sense precisely.
响应	response	n.	1106	mainland,traditional	回應；響應	响应	xiang ying	2717	UK,US	false	true	false	true	accept	n.	Response is a standard system, client/server, and interface term; 响应 is exact.
图形	graph	n.	483	traditional	圖形；圖	图	tu xing	1153	UK,US	false	true	true	true	accept	n.	The source lists 图形/图 for graph; this is a valid graph-theory and computing sense.
地点	site	n.	1244	traditional	現場;地點	站点	di dian	9652	UK,US	false	true	false	true	reject	n.	地点 means a place; it is not an appropriate translation of a website/site in this context.
基底	substrate	n.	1329	traditional	基體；基底	衬底	ji di	509	UK,US	false	true	false	true	defer	n.	Exact source term, ECDICT gloss, pinyin, and IPA passed; computing-specific usefulness or the standalone Chinese sense needs stronger context, so it is kept out pending review.
基数	radix	n.	1033	mainland	數基	基数	ji shu	535	UK	false	false	false	true	accept	n.	Radix is the base of a numeral system; 基数 is the exact technical translation.
复制	replication	n.	1088	mainland,traditional	複製	[同步]复制	fu zhi	1774	UK,US	false	false	false	true	accept	n.	Replication is a standard data/database operation; 复制 is exact.
威胁	threat	n.	1382	mainland,traditional	威脅	威胁	wei xie	7542	UK,US	false	true	false	true	accept	n.	Threat is a core information-security term; 威胁 is exact.
学习	learning	n.	655	mainland,traditional	學習	学习	xue xi	31925	UK,US	false	true	false	true	defer	n.	Exact source term, ECDICT gloss, pinyin, and IPA passed; computing-specific usefulness or the standalone Chinese sense needs stronger context, so it is kept out pending review.
定义	definition	n.	296	traditional	定義；確定	清晰度	ding yi	10334	UK,US	false	true	false	true	accept	n.	Definition is a standard programming and data-model term; 定义 is exact.
宣告	declaration	n.	291	traditional	宣告	声明	xuan gao	2212	UK,US	false	true	false	true	defer	n.	Exact source term, ECDICT gloss, pinyin, and IPA passed; computing-specific usefulness or the standalone Chinese sense needs stronger context, so it is kept out pending review.
对比	contrast	n.	216	traditional	對比	反差	dui bi	5052	US	false	true	false	true	defer	n.	Exact source term, ECDICT gloss, pinyin, and IPA passed; computing-specific usefulness or the standalone Chinese sense needs stronger context, so it is kept out pending review.
布景	setting	n.	1224	mainland	設定	布景	bu jing	433	UK,US	false	true	false	true	defer	n.	Exact source term, ECDICT gloss, pinyin, and IPA passed; computing-specific usefulness or the standalone Chinese sense needs stronger context, so it is kept out pending review.
干线	trunk	n.	1427	mainland,traditional	幹線；中繼線	干线	gan xian	3620	UK,US	false	true	false	true	accept	n.	Trunk is a networking/telecommunications term; 干线 is the exact source gloss.
引用	reference	v.	1061	mainland	參考資料；參考	引用【动】	yin yong	2929	UK,US	false	true	false	true	accept	v.	The source distinguishes 引用 as a verb; referencing is a standard programming action.
拥挤	congestion	n.	200	traditional	擁擠；擁塞；阻塞	拥塞	yong ji	860	UK,US	false	true	false	true	defer	n.	Exact source term, ECDICT gloss, pinyin, and IPA passed; computing-specific usefulness or the standalone Chinese sense needs stronger context, so it is kept out pending review.
指示器	indicator	n.	555	traditional	指示器；指示元	指标	zhi shi qi	116	UK,US	false	true	false	true	accept	n.	Indicator is a useful interface and system-status term; 指示器 is exact.
提交	submission	n.	1323	mainland,traditional	提交	提交	ti jiao	3530	UK,US	false	true	false	true	accept	n.	Submission is used for forms and system requests; 提交 is the exact local gloss.
操作	operation	n.	840,841	mainland,traditional	作業；操作；運算	操作 | 运算	cao zuo	6569	UK,US	false	true	false	true	accept	n.	Operation is a standard computing/system concept; 操作 is exact.
攻破	breach	v.	89	mainland	破壞；違反	攻破	gong po	671	UK,US	false	true	false	true	accept	v.	Breach as a verb is used for breaking a system's security; 攻破 is the source and local gloss.
文件	document	n.	336	traditional	文件	文档（件）	wen jian	7387	US	false	true	false	true	accept	n.	The official computer glossary and local dictionary agree on 文件 for a document.
映像	map	n.	718,719	mainland,traditional	映射；映成表；地區圖；圖解；映像；標定（網）；圖；圖像；變換；變址	映像 | 映射【动】	ying xiang	1104	UK,US	false	true	true	true	defer	n.	Exact source term, ECDICT gloss, pinyin, and IPA passed; computing-specific usefulness or the standalone Chinese sense needs stronger context, so it is kept out pending review.
服务	service	n.	1218	mainland,traditional	服務	服务	fu wu	35585	UK,US	false	true	false	true	accept	n.	Service is a standard software/networking concept; 服务 is exact.
检索	retrieval	n.	1111	mainland,traditional	檢索	检索	jian suo	330	UK,US	false	true	false	true	accept	n.	Retrieval is a standard information-retrieval concept; 检索 is exact.
检验	inspection	n.	591	traditional	檢驗	审查	jian yan	2052	UK,US	false	true	false	true	defer	n.	Exact source term, ECDICT gloss, pinyin, and IPA passed; computing-specific usefulness or the standalone Chinese sense needs stronger context, so it is kept out pending review.
正文	text	n.	1374	traditional	正文；本文；電文	文本	zheng wen	462	UK,US	false	true	false	true	accept	n.	The source lists 正文/本文 for text; this is a useful document-processing sense.
泄露	disclosure	n.	324	mainland	公佈；解密	泄露	xie lu	1152	UK,US	false	true	false	true	accept	n.	Disclosure is a common information-security concept; 泄露 is exact.
消息	information	n.	559	traditional	資訊；消息	信息	xiao xi	22395	UK,US	false	true	false	true	defer	n.	Exact source term, ECDICT gloss, pinyin, and IPA passed; computing-specific usefulness or the standalone Chinese sense needs stronger context, so it is kept out pending review.
清除	purge	n.,v.	1019	traditional	清除；去除	净化【动】	qing chu	1279	UK,US	false	true	false	true	accept	n.	Purge is used for clearing stored or obsolete data; 清除 is an exact local noun gloss.
目的	destination	n.	303	traditional	目的地；目的；收報局；收報台；終點局	目的地	mu di	11860	UK,US	false	true	false	true	reject	n.	目的 is not the exact computing destination term; the source's other candidate meanings require context.
示范	demonstration	n.	299	traditional	示範	演示	shi fan	2487	UK,US	false	true	false	true	defer	n.	Exact source term, ECDICT gloss, pinyin, and IPA passed; computing-specific usefulness or the standalone Chinese sense needs stronger context, so it is kept out pending review.
禁止	inhibit	v.	575	mainland,traditional	禁止	禁止【动】	jin zhi	8567	UK,US	false	true	false	true	defer	v.	Exact source term, ECDICT gloss, pinyin, and IPA passed; computing-specific usefulness or the standalone Chinese sense needs stronger context, so it is kept out pending review.
移位	shift	n.	1232	mainland,traditional	移位；偏移；移動；位移；漂移；頻移；輪班	移位	yi wei	164	UK,US	false	true	false	true	accept	n.	移位 is the standard bit-shift/position-shift sense in computing.
移动	shift	n.,v.	1232	traditional	移位；偏移；移動；位移；漂移；頻移；輪班	移位	yi dong	11333	UK,US	false	true	false	true	reject	n.	The source gives a distinct 移位 sense for computing; the broad 移动 mapping is not added.
穿透	penetration	n.	924	traditional	穿透	渗入	chuan tou	604	UK,US	false	true	false	true	defer	n.	Exact source term, ECDICT gloss, pinyin, and IPA passed; computing-specific usefulness or the standalone Chinese sense needs stronger context, so it is kept out pending review.
等价	equivalence	n.	389	mainland,traditional	等值；等價；等效	等价	deng jia	549	UK,US	false	true	false	true	accept	n.	Equivalence is a formal logic and computing concept; 等价 is exact.
约束	constraint	n.	208	mainland,traditional	約束	约束	yue shu	1350	UK,US	false	true	false	true	accept	n.	Constraint is a standard programming, database, and optimization term; 约束 is exact.
组件	module	n.	772	traditional	模組；程序塊；組件	模块	zu jian	1357	UK,US	false	true	true	true	accept	n.	The source lists 组件 for module; this is a standard software-component sense.
结合	join	n.,v.	625	traditional	聯合；結合；或	并	jie he	8038	UK,US	false	true	false	true	defer	n.	Exact source term, ECDICT gloss, pinyin, and IPA passed; computing-specific usefulness or the standalone Chinese sense needs stronger context, so it is kept out pending review.
缓冲区	buffer	n.	94	traditional	緩衝；緩衝器；緩衝區	缓冲器	huan chong qu	360	UK,US	false	true	true	true	accept	n.	Buffer is a core computing concept; 缓冲区 is the exact technical translation.
联合	union	n.	1452,1453	mainland,traditional	聯合；聯集；聯盟	并 | 联合[号]	lian he	27897	UK,US	false	true	false	true	defer	n.	Exact source term, ECDICT gloss, pinyin, and IPA passed; computing-specific usefulness or the standalone Chinese sense needs stronger context, so it is kept out pending review.
色彩	hue	n.	526	traditional	色相；色彩	色调	se cai	4007	US	false	true	false	true	defer	n.	Exact source term, ECDICT gloss, pinyin, and IPA passed; computing-specific usefulness or the standalone Chinese sense needs stronger context, so it is kept out pending review.
范例	paradigm	n.	891	mainland,traditional	典範；範例	范例	fan li	367	UK,US	false	true	false	true	defer	n.	Exact source term, ECDICT gloss, pinyin, and IPA passed; computing-specific usefulness or the standalone Chinese sense needs stronger context, so it is kept out pending review.
蓄电池	accumulator	n.	8	traditional	存儲器；累加器；蓄電池；儲能電路	累加器	xu dian chi	207	UK,US	false	true	false	true	reject	n.	The source also lists 累加器, but the exact local noun gloss available here is 蓄电池, which is not the computing sense.
裂纹	flaw	n.	442	traditional	裂隙；瑕疪；缺陷；隙痕；斷裂；弗老風；橫推斷層 ; 疵裂；疵點；缺點；橫推斷層；捩斷層；走向滑斷層；裂縫；裂紋；裂痕	瑕点	lie wen	96	UK,US	false	true	false	true	defer	n.	Exact source term, ECDICT gloss, pinyin, and IPA passed; computing-specific usefulness or the standalone Chinese sense needs stronger context, so it is kept out pending review.
装置	unit	n.	1454	traditional	單位；單元；部件；裝置；設備；器	单元	zhuang zhi	6643	UK,US	false	true	false	true	defer	n.	Exact source term, ECDICT gloss, pinyin, and IPA passed; computing-specific usefulness or the standalone Chinese sense needs stronger context, so it is kept out pending review.
覆盖	overlay	n.	867	mainland,traditional	覆蓋	覆盖【动】	fu gai	5616	US	false	true	false	true	accept	n.	Overlay is used in graphics and system interfaces; 覆盖 is the exact source and local gloss.
视野	view	n.	1482	traditional	視野；觀點	视图	shi ye	1540	UK,US	false	true	true	true	defer	n.	Exact source term, ECDICT gloss, pinyin, and IPA passed; computing-specific usefulness or the standalone Chinese sense needs stronger context, so it is kept out pending review.
解析	resolve	v.	1103	traditional	（位址）解析	[地址]解算【动】	jie xi	1430	US	false	true	false	true	accept	v.	The source specifies address resolution; 解析 is the exact local verb gloss.
解释	interpret	v.	614	mainland	解譯	解释【动】	jie shi	22653	UK,US	false	true	false	true	defer	v.	Exact source term, ECDICT gloss, pinyin, and IPA passed; computing-specific usefulness or the standalone Chinese sense needs stronger context, so it is kept out pending review.
记号	notation	n.	820	traditional	記法；表示法；記號；記數法；符號	记法	ji hao	684	UK,US	false	true	false	true	accept	n.	Notation is used in programming and formal systems; 记号 is exact.
语法	syntax	n.	1344	traditional	語法	句法	yu fa	1673	UK,US	false	true	false	true	accept	n.	Syntax is a core programming-language term; 语法 is exact.
说话	speech	n.	1280	traditional	話音；語音；語言；說話	语音	shuo hua	47547	UK,US	false	true	false	true	defer	n.	Exact source term, ECDICT gloss, pinyin, and IPA passed; computing-specific usefulness or the standalone Chinese sense needs stronger context, so it is kept out pending review.
轮廓	profile	n.	999	mainland,traditional	設定檔；外形；輪廓	轮廓	lun kuo	781	UK,US	false	true	false	true	defer	n.	Exact source term, ECDICT gloss, pinyin, and IPA passed; computing-specific usefulness or the standalone Chinese sense needs stronger context, so it is kept out pending review.
轰炸	bombing	n.	79	mainland	病毒惡意轟炸	轰炸	hong zha	2784	UK,US	false	true	false	true	reject	n.	The isolated meaning is not a useful computer term without a specific attack phrase.
运算	operation	n.	840,841	mainland,traditional	作業；操作；運算	操作 | 运算	yun suan	1221	UK,US	false	true	false	true	accept	n.	Operation as 运算 is a useful arithmetic and computing sense, distinct from 操作.
违反	breach	n.	89	traditional	破壞；違反	攻破	wei fan	5248	UK,US	false	true	false	true	defer	n.	Exact source term, ECDICT gloss, pinyin, and IPA passed; computing-specific usefulness or the standalone Chinese sense needs stronger context, so it is kept out pending review.
连接	connection	n.	202	mainland,traditional	連接	连接	lian jie	14030	UK,US	false	true	false	true	accept	n.	Connection is a standard networking concept; 连接 is exact.
部件	unit	n.	1454	traditional	單位；單元；部件；裝置；設備；器	单元	bu jian	1117	UK,US	false	true	false	true	defer	n.	Exact source term, ECDICT gloss, pinyin, and IPA passed; computing-specific usefulness or the standalone Chinese sense needs stronger context, so it is kept out pending review.
闪烁	blink	n.	72	mainland,traditional	閃爍；閃視	闪烁【动】	shan shuo	475	UK,US	false	true	false	true	accept	n.	Blink is used for cursor, indicator, and display behavior; 闪烁 is exact.
间隔	space	n.	1273,1274	traditional	空間；空格；太空；間隔	空格 | 空间	jian ge	1591	UK,US	false	true	false	true	defer	n.	Exact source term, ECDICT gloss, pinyin, and IPA passed; computing-specific usefulness or the standalone Chinese sense needs stronger context, so it is kept out pending review.
陈述	statement	n.	1306	traditional	敘述；陳述	语句	chen shu	1429	UK,US	false	true	false	true	accept	n.	Statement is a standard programming-language construct; 陈述 is exact.
顺序	sequence	n.	1207	traditional	順序；序列	序列	shun xu	3707	UK,US	false	true	false	true	accept	n.	Sequence is a standard data and control-flow concept; 顺序 is the exact source/local gloss.
