english	chinese	source_chinese	source_records	source_urls	pinyin	pinyin_frequency	ipa_sources	ecdict_exact_noun_glosses	already_mapped	existing_headword	existing_business_tag	spare_capacity
exchanges	交易所	交易所	3479	https://terms.naer.edu.tw/	jiao yi suo	920	UK,US	交易所	false	false	false	true
intervention	介入	介入	5660	https://terms.naer.edu.tw/	jie ru	1884	UK,US	介入	false	true	false	true
assurance	保证	保證	470	https://terms.naer.edu.tw/	bao zheng	8287	UK,US	保证	false	true	false	true
credo	信条	信條	2191	https://terms.naer.edu.tw/	xin tiao	361	UK,US	信条	false	false	false	true
corporation	公司	公司	2069	https://terms.naer.edu.tw/	gong si	96719	UK,US	公司	false	true	true	true
decision-making	决策	決策	2450	https://terms.naer.edu.tw/	jue ce	1840	US	决策	false	true	false	true
assortment	分类	分類	468	https://terms.naer.edu.tw/	fen lei	8017	UK,US	分类	false	true	false	true
stress	压力	壓力	11164,11165	https://terms.naer.edu.tw/	ya li	19602	UK,US	压力	false	true	false	true
rationalization	合理化	合理化	9393	https://terms.naer.edu.tw/	he li hua	160	US	合理化	false	false	false	true
punishment	处罚	處罰	9183	https://terms.naer.edu.tw/	chu fa	1995	UK,US	处罚	false	true	false	true
proxy	委托书	委託書	9132	https://terms.naer.edu.tw/	wei tuo shu	21	UK,US	委托书	false	true	false	true
threats	威胁	威脅	11981	https://terms.naer.edu.tw/	wei xie	7542	UK,US	威胁	false	true	false	true
bureaucracy	官僚	官僚	990	https://terms.naer.edu.tw/	guan liao	699	UK,US	官僚	false	true	false	true
positioning	定位	定位	8613	https://terms.naer.edu.tw/	ding wei	7347	UK,US	定位	false	true	false	true
citation	引用	引用	1365	https://terms.naer.edu.tw/	yin yong	2929	UK,US	引用	false	true	false	true
attribution	归因	歸因	491	https://terms.naer.edu.tw/	gui yin	337	UK,US	归因	false	false	false	true
loyalty	忠诚	忠誠	6537	https://terms.naer.edu.tw/	zhong cheng	1664	UK,US	忠诚	false	true	false	true
sabotage	怠工	怠工	9921,9922	https://terms.naer.edu.tw/	dai gong	28	UK,US	怠工	false	true	false	true
punishment	惩罚	懲罰	9183	https://terms.naer.edu.tw/	cheng fa	3100	UK,US	惩罚	false	true	false	true
routine	惯例	慣例	9903	https://terms.naer.edu.tw/	guan li	1009	US	惯例	false	true	false	true
extension	扩充	擴充	3626	https://terms.naer.edu.tw/	kuo chong	1136	UK,US	扩充	false	true	false	true
wholesaling	批发	批發	12774	https://terms.naer.edu.tw/	pi fa	1141	UK,US	批发	false	false	false	true
takeovers	接管	接管	11513	https://terms.naer.edu.tw/	jie guan	2409	UK,US	接管	false	false	false	true
domination	支配	支配	2884	https://terms.naer.edu.tw/	zhi pei	1624	UK,US	支配	false	true	false	true
novelty	新奇	新奇	7622	https://terms.naer.edu.tw/	xin qi	439	UK,US	新奇	false	true	false	true
revolution	旋转	旋轉	9811	https://terms.naer.edu.tw/	xuan zhuan	3114	UK,US	旋转	false	true	false	true
deadwood	朽木	朽木	2402	https://terms.naer.edu.tw/	xiu mu	218	UK,US	朽木	false	false	false	true
provision	条款	條款	9123	https://terms.naer.edu.tw/	tiao kuan	2327	UK,US	条款	false	true	true	true
inspection	检验	檢驗	5270	https://terms.naer.edu.tw/	jian yan	2052	UK,US	检验	false	true	false	true
features	特征	特徵	3737	https://terms.naer.edu.tw/	te zheng	7688	UK,US	特征	false	true	false	true
environments	环境	環境	3257	https://terms.naer.edu.tw/	huan jing	25698	UK,US	环境	false	false	false	true
objective	目的	目的	7632	https://terms.naer.edu.tw/	mu di	11860	UK,US	目的	false	true	false	true
management	管理	管理	6608	https://terms.naer.edu.tw/	guan li	39832	UK,US	管理	false	true	false	true
cues	线索	線索	2243	https://terms.naer.edu.tw/	xian suo	1696	UK,US	线索	false	false	false	true
organization	组织	組織	7914,7915	https://terms.naer.edu.tw/	zu zhi	51880	US	组织	false	true	false	true
aggregation	聚合	聚合	259	https://terms.naer.edu.tw/	ju he	481	UK,US	聚合	false	true	false	true
competence	能力	能力	1641	https://terms.naer.edu.tw/	neng li	30601	UK,US	能力	false	true	false	true
marketing	行销	行銷	6820,6821	https://terms.naer.edu.tw/	xing xiao	937	UK,US	行销	false	true	false	true
assembly	装配	裝配	431	https://terms.naer.edu.tw/	zhuang pei	411	UK,US	装配	false	true	false	true
evaluation	评估	評估	3397	https://terms.naer.edu.tw/	ping gu	4162	UK,US	评估	false	true	false	true
liabilities	负债	負債	6244	https://terms.naer.edu.tw/	fu zhai	266	UK,US	负债	false	false	false	true
resources	资源	資源	9726,9727	https://terms.naer.edu.tw/	zi yuan	16202	UK,US	资源	false	true	false	true
resignation	辞职	辭職	9702	https://terms.naer.edu.tw/	ci zhi	9015	UK,US	辞职	false	true	false	true
transfer	迁移	遷移	12186	https://terms.naer.edu.tw/	qian yi	2720	US	迁移	false	true	true	true
overdrafts	透支	透支	8081	https://terms.naer.edu.tw/	tou zhi	51	UK,US	透支	false	false	false	true
demotion	降职	降職	2571	https://terms.naer.edu.tw/	jiang zhi	235	UK,US	降职	false	false	false	true
concentration	集中	集中	1755	https://terms.naer.edu.tw/	ji zhong	9635	UK,US	集中	false	true	false	true
