english	source_records	source_pairs	already_business_tag	decision	review_note
ability	22	能力 -> ability	false	accept	The English headword is explicitly present in the official NAER Management Academic Terms snapshot; local exact noun meaning, IPA, and pinyin evidence are present. The source term-list membership supplies the business-domain classification.
achievement	99	成就 -> achievement	false	accept	The English headword is explicitly present in the official NAER Management Academic Terms snapshot; local exact noun meaning, IPA, and pinyin evidence are present. The source term-list membership supplies the business-domain classification.
adoption	181	采用 -> adoption	false	accept	The English headword is explicitly present in the official NAER Management Academic Terms snapshot; local exact noun meaning, IPA, and pinyin evidence are present. The source term-list membership supplies the business-domain classification.
advertising	188	广告 -> advertising	false	accept	The English headword is explicitly present in the official NAER Management Academic Terms snapshot; local exact noun meaning, IPA, and pinyin evidence are present. The source term-list membership supplies the business-domain classification.
agent	248	代理商 -> agent	false	accept	The English headword is explicitly present in the official NAER Management Academic Terms snapshot; local exact noun meaning, IPA, and pinyin evidence are present. The source term-list membership supplies the business-domain classification.
aggregation	259	聚合 -> aggregation	false	accept	The English headword is explicitly present in the official NAER Management Academic Terms snapshot; local exact noun meaning, IPA, and pinyin evidence are present. The source term-list membership supplies the business-domain classification.
alliance	280	联盟 -> alliance	false	accept	The English headword is explicitly present in the official NAER Management Academic Terms snapshot; local exact noun meaning, IPA, and pinyin evidence are present. The source term-list membership supplies the business-domain classification.
allowance	287	津贴 -> allowance	true	accept	The English headword is explicitly present in the official NAER Management Academic Terms snapshot; local exact noun meaning, IPA, and pinyin evidence are present. The source term-list membership supplies the business-domain classification.
analysis	312	分析 -> analysis	false	accept	The English headword is explicitly present in the official NAER Management Academic Terms snapshot; local exact noun meaning, IPA, and pinyin evidence are present. The source term-list membership supplies the business-domain classification.
annuity	331	年金 -> annuity	true	accept	The English headword is explicitly present in the official NAER Management Academic Terms snapshot; local exact noun meaning, IPA, and pinyin evidence are present. The source term-list membership supplies the business-domain classification.
arbitrage	381	套汇 -> arbitrage	false	accept	The English headword is explicitly present in the official NAER Management Academic Terms snapshot; local exact noun meaning, IPA, and pinyin evidence are present. The source term-list membership supplies the business-domain classification.
assembly	431	装配 -> assembly	false	accept	The English headword is explicitly present in the official NAER Management Academic Terms snapshot; local exact noun meaning, IPA, and pinyin evidence are present. The source term-list membership supplies the business-domain classification.
asset	441,442	资产 -> asset	true	accept	The English headword is explicitly present in the official NAER Management Academic Terms snapshot; local exact noun meaning, IPA, and pinyin evidence are present. The source term-list membership supplies the business-domain classification.
assimilation	461	同化 -> assimilation	false	accept	The English headword is explicitly present in the official NAER Management Academic Terms snapshot; local exact noun meaning, IPA, and pinyin evidence are present. The source term-list membership supplies the business-domain classification.
assortment	468	分类 -> assortment	false	accept	The English headword is explicitly present in the official NAER Management Academic Terms snapshot; local exact noun meaning, IPA, and pinyin evidence are present. The source term-list membership supplies the business-domain classification.
assurance	470	保证 -> assurance	false	accept	The English headword is explicitly present in the official NAER Management Academic Terms snapshot; local exact noun meaning, IPA, and pinyin evidence are present. The source term-list membership supplies the business-domain classification.
attention	482	注意 -> attention	false	accept	The English headword is explicitly present in the official NAER Management Academic Terms snapshot; local exact noun meaning, IPA, and pinyin evidence are present. The source term-list membership supplies the business-domain classification.
attitude	483,484	态度 -> attitude	false	accept	The English headword is explicitly present in the official NAER Management Academic Terms snapshot; local exact noun meaning, IPA, and pinyin evidence are present. The source term-list membership supplies the business-domain classification.
attribute	487	属性 -> attribute	false	accept	The English headword is explicitly present in the official NAER Management Academic Terms snapshot; local exact noun meaning, IPA, and pinyin evidence are present. The source term-list membership supplies the business-domain classification.
attribution	491	归因 -> attribution	false	accept	The English headword is explicitly present in the official NAER Management Academic Terms snapshot; local exact noun meaning, IPA, and pinyin evidence are present. The source term-list membership supplies the business-domain classification.
authenticity	523	真实性 -> authenticity	false	accept	The English headword is explicitly present in the official NAER Management Academic Terms snapshot; local exact noun meaning, IPA, and pinyin evidence are present. The source term-list membership supplies the business-domain classification.
authority	527	权威 -> authority	false	accept	The English headword is explicitly present in the official NAER Management Academic Terms snapshot; local exact noun meaning, IPA, and pinyin evidence are present. The source term-list membership supplies the business-domain classification.
automation	545,546	自动化 -> automation	false	accept	The English headword is explicitly present in the official NAER Management Academic Terms snapshot; local exact noun meaning, IPA, and pinyin evidence are present. The source term-list membership supplies the business-domain classification.
autonomy	550	自治 -> autonomy	false	accept	The English headword is explicitly present in the official NAER Management Academic Terms snapshot; local exact noun meaning, IPA, and pinyin evidence are present. The source term-list membership supplies the business-domain classification.
bank	616	银行 -> bank	true	accept	The English headword is explicitly present in the official NAER Management Academic Terms snapshot; local exact noun meaning, IPA, and pinyin evidence are present. The source term-list membership supplies the business-domain classification.
belief	738,739	信念 -> belief	false	accept	The English headword is explicitly present in the official NAER Management Academic Terms snapshot; local exact noun meaning, IPA, and pinyin evidence are present. The source term-list membership supplies the business-domain classification.
benefit	752	利益 -> benefit	false	accept	The English headword is explicitly present in the official NAER Management Academic Terms snapshot; local exact noun meaning, IPA, and pinyin evidence are present. The source term-list membership supplies the business-domain classification.
bond	845	债券 -> bond	true	accept	The English headword is explicitly present in the official NAER Management Academic Terms snapshot; local exact noun meaning, IPA, and pinyin evidence are present. The source term-list membership supplies the business-domain classification.
bonus	875	奖金 -> bonus | 红利 -> bonus	true	accept	The English headword is explicitly present in the official NAER Management Academic Terms snapshot; local exact noun meaning, IPA, and pinyin evidence are present. The source term-list membership supplies the business-domain classification.
bookkeeping	877	簿记 -> bookkeeping	true	accept	The English headword is explicitly present in the official NAER Management Academic Terms snapshot; local exact noun meaning, IPA, and pinyin evidence are present. The source term-list membership supplies the business-domain classification.
bottleneck	885	瓶颈 -> bottleneck	false	accept	The English headword is explicitly present in the official NAER Management Academic Terms snapshot; local exact noun meaning, IPA, and pinyin evidence are present. The source term-list membership supplies the business-domain classification.
boundary	892	边界 -> boundary	false	accept	The English headword is explicitly present in the official NAER Management Academic Terms snapshot; local exact noun meaning, IPA, and pinyin evidence are present. The source term-list membership supplies the business-domain classification.
broker	965	掮客 -> broker | 经纪人 -> broker	true	accept	The English headword is explicitly present in the official NAER Management Academic Terms snapshot; local exact noun meaning, IPA, and pinyin evidence are present. The source term-list membership supplies the business-domain classification.
budget	970	预算 -> budget	true	accept	The English headword is explicitly present in the official NAER Management Academic Terms snapshot; local exact noun meaning, IPA, and pinyin evidence are present. The source term-list membership supplies the business-domain classification.
bureaucracy	990	官僚 -> bureaucracy	false	accept	The English headword is explicitly present in the official NAER Management Academic Terms snapshot; local exact noun meaning, IPA, and pinyin evidence are present. The source term-list membership supplies the business-domain classification.
business	999	业务 -> business	true	accept	The English headword is explicitly present in the official NAER Management Academic Terms snapshot; local exact noun meaning, IPA, and pinyin evidence are present. The source term-list membership supplies the business-domain classification.
calibration	1073	校准 -> calibration	false	accept	The English headword is explicitly present in the official NAER Management Academic Terms snapshot; local exact noun meaning, IPA, and pinyin evidence are present. The source term-list membership supplies the business-domain classification.
capability	1100	能力 -> capability	false	accept	The English headword is explicitly present in the official NAER Management Academic Terms snapshot; local exact noun meaning, IPA, and pinyin evidence are present. The source term-list membership supplies the business-domain classification.
capitalism	1154	资本主义 -> capitalism	false	accept	The English headword is explicitly present in the official NAER Management Academic Terms snapshot; local exact noun meaning, IPA, and pinyin evidence are present. The source term-list membership supplies the business-domain classification.
cartel	1186,1187	卡特尔 -> cartel	false	accept	The English headword is explicitly present in the official NAER Management Academic Terms snapshot; local exact noun meaning, IPA, and pinyin evidence are present. The source term-list membership supplies the business-domain classification.
case	1188	案例 -> case	true	accept	The English headword is explicitly present in the official NAER Management Academic Terms snapshot; local exact noun meaning, IPA, and pinyin evidence are present. The source term-list membership supplies the business-domain classification.
catalog	1222	目录 -> catalog	true	accept	The English headword is explicitly present in the official NAER Management Academic Terms snapshot; local exact noun meaning, IPA, and pinyin evidence are present. The source term-list membership supplies the business-domain classification.
catalogue	1225	目录 -> catalogue	false	accept	The English headword is explicitly present in the official NAER Management Academic Terms snapshot; local exact noun meaning, IPA, and pinyin evidence are present. The source term-list membership supplies the business-domain classification.
characteristic	1316	特性 -> characteristic	false	accept	The English headword is explicitly present in the official NAER Management Academic Terms snapshot; local exact noun meaning, IPA, and pinyin evidence are present. The source term-list membership supplies the business-domain classification.
check	1330	支票 -> check	true	accept	The English headword is explicitly present in the official NAER Management Academic Terms snapshot; local exact noun meaning, IPA, and pinyin evidence are present. The source term-list membership supplies the business-domain classification.
citation	1365	引用 -> citation	false	accept	The English headword is explicitly present in the official NAER Management Academic Terms snapshot; local exact noun meaning, IPA, and pinyin evidence are present. The source term-list membership supplies the business-domain classification.
client	1413	客户 -> client	true	accept	The English headword is explicitly present in the official NAER Management Academic Terms snapshot; local exact noun meaning, IPA, and pinyin evidence are present. The source term-list membership supplies the business-domain classification.
coach	1454,1455	教练 -> coach	false	accept	The English headword is explicitly present in the official NAER Management Academic Terms snapshot; local exact noun meaning, IPA, and pinyin evidence are present. The source term-list membership supplies the business-domain classification.
code	1464	代码 -> code	false	accept	The English headword is explicitly present in the official NAER Management Academic Terms snapshot; local exact noun meaning, IPA, and pinyin evidence are present. The source term-list membership supplies the business-domain classification.
combination	1527	合并 -> combination	true	accept	The English headword is explicitly present in the official NAER Management Academic Terms snapshot; local exact noun meaning, IPA, and pinyin evidence are present. The source term-list membership supplies the business-domain classification.
command	1535	命令 -> command | 指挥 -> command	false	accept	The English headword is explicitly present in the official NAER Management Academic Terms snapshot; local exact noun meaning, IPA, and pinyin evidence are present. The source term-list membership supplies the business-domain classification.
commentary	1539	评论 -> commentary	false	accept	The English headword is explicitly present in the official NAER Management Academic Terms snapshot; local exact noun meaning, IPA, and pinyin evidence are present. The source term-list membership supplies the business-domain classification.
commission	1557	佣金 -> commission	true	accept	The English headword is explicitly present in the official NAER Management Academic Terms snapshot; local exact noun meaning, IPA, and pinyin evidence are present. The source term-list membership supplies the business-domain classification.
committee	1563	委员会 -> committee	false	accept	The English headword is explicitly present in the official NAER Management Academic Terms snapshot; local exact noun meaning, IPA, and pinyin evidence are present. The source term-list membership supplies the business-domain classification.
communism	1608	共产主义 -> communism	false	accept	The English headword is explicitly present in the official NAER Management Academic Terms snapshot; local exact noun meaning, IPA, and pinyin evidence are present. The source term-list membership supplies the business-domain classification.
competence	1641	能力 -> competence	false	accept	The English headword is explicitly present in the official NAER Management Academic Terms snapshot; local exact noun meaning, IPA, and pinyin evidence are present. The source term-list membership supplies the business-domain classification.
competition	1649	竞争 -> competition	true	accept	The English headword is explicitly present in the official NAER Management Academic Terms snapshot; local exact noun meaning, IPA, and pinyin evidence are present. The source term-list membership supplies the business-domain classification.
component	1709	元件 -> component	false	accept	The English headword is explicitly present in the official NAER Management Academic Terms snapshot; local exact noun meaning, IPA, and pinyin evidence are present. The source term-list membership supplies the business-domain classification.
concentration	1755	集中 -> concentration	false	accept	The English headword is explicitly present in the official NAER Management Academic Terms snapshot; local exact noun meaning, IPA, and pinyin evidence are present. The source term-list membership supplies the business-domain classification.
concept	1761	观念 -> concept	false	accept	The English headword is explicitly present in the official NAER Management Academic Terms snapshot; local exact noun meaning, IPA, and pinyin evidence are present. The source term-list membership supplies the business-domain classification.
concession	1773	让步 -> concession	true	accept	The English headword is explicitly present in the official NAER Management Academic Terms snapshot; local exact noun meaning, IPA, and pinyin evidence are present. The source term-list membership supplies the business-domain classification.
conflict	1807,1808	冲突 -> conflict	false	accept	The English headword is explicitly present in the official NAER Management Academic Terms snapshot; local exact noun meaning, IPA, and pinyin evidence are present. The source term-list membership supplies the business-domain classification.
consistency	1836	一致性 -> consistency	false	accept	The English headword is explicitly present in the official NAER Management Academic Terms snapshot; local exact noun meaning, IPA, and pinyin evidence are present. The source term-list membership supplies the business-domain classification.
contamination	1887	污染 -> contamination	false	accept	The English headword is explicitly present in the official NAER Management Academic Terms snapshot; local exact noun meaning, IPA, and pinyin evidence are present. The source term-list membership supplies the business-domain classification.
control	1961	控制 -> control	false	accept	The English headword is explicitly present in the official NAER Management Academic Terms snapshot; local exact noun meaning, IPA, and pinyin evidence are present. The source term-list membership supplies the business-domain classification.
cooperation	2007	合作 -> cooperation	false	accept	The English headword is explicitly present in the official NAER Management Academic Terms snapshot; local exact noun meaning, IPA, and pinyin evidence are present. The source term-list membership supplies the business-domain classification.
coordination	2022	协调 -> coordination	true	accept	The English headword is explicitly present in the official NAER Management Academic Terms snapshot; local exact noun meaning, IPA, and pinyin evidence are present. The source term-list membership supplies the business-domain classification.
core	2030	核心 -> core	false	accept	The English headword is explicitly present in the official NAER Management Academic Terms snapshot; local exact noun meaning, IPA, and pinyin evidence are present. The source term-list membership supplies the business-domain classification.
corporation	2069	公司 -> corporation	true	accept	The English headword is explicitly present in the official NAER Management Academic Terms snapshot; local exact noun meaning, IPA, and pinyin evidence are present. The source term-list membership supplies the business-domain classification.
credit	2163	信用 -> credit	true	accept	The English headword is explicitly present in the official NAER Management Academic Terms snapshot; local exact noun meaning, IPA, and pinyin evidence are present. The source term-list membership supplies the business-domain classification.
credo	2191	信条 -> credo	false	accept	The English headword is explicitly present in the official NAER Management Academic Terms snapshot; local exact noun meaning, IPA, and pinyin evidence are present. The source term-list membership supplies the business-domain classification.
cues	2243	线索 -> cues	false	accept	The English headword is explicitly present in the official NAER Management Academic Terms snapshot; local exact noun meaning, IPA, and pinyin evidence are present. The source term-list membership supplies the business-domain classification.
curriculum	2281	课程 -> curriculum	false	accept	The English headword is explicitly present in the official NAER Management Academic Terms snapshot; local exact noun meaning, IPA, and pinyin evidence are present. The source term-list membership supplies the business-domain classification.
deadwood	2402	朽木 -> deadwood	false	accept	The English headword is explicitly present in the official NAER Management Academic Terms snapshot; local exact noun meaning, IPA, and pinyin evidence are present. The source term-list membership supplies the business-domain classification.
debt	2414	债务 -> debt	true	accept	The English headword is explicitly present in the official NAER Management Academic Terms snapshot; local exact noun meaning, IPA, and pinyin evidence are present. The source term-list membership supplies the business-domain classification.
decision-making	2450	决策 -> decision-making	false	accept	The English headword is explicitly present in the official NAER Management Academic Terms snapshot; local exact noun meaning, IPA, and pinyin evidence are present. The source term-list membership supplies the business-domain classification.
defect	2479	缺点 -> defect	false	accept	The English headword is explicitly present in the official NAER Management Academic Terms snapshot; local exact noun meaning, IPA, and pinyin evidence are present. The source term-list membership supplies the business-domain classification.
deflation	2501	通货紧缩 -> deflation	false	accept	The English headword is explicitly present in the official NAER Management Academic Terms snapshot; local exact noun meaning, IPA, and pinyin evidence are present. The source term-list membership supplies the business-domain classification.
demand	2543	需求 -> demand	false	accept	The English headword is explicitly present in the official NAER Management Academic Terms snapshot; local exact noun meaning, IPA, and pinyin evidence are present. The source term-list membership supplies the business-domain classification.
demotion	2571	降职 -> demotion	false	accept	The English headword is explicitly present in the official NAER Management Academic Terms snapshot; local exact noun meaning, IPA, and pinyin evidence are present. The source term-list membership supplies the business-domain classification.
deposit	2583	存款 -> deposit	true	accept	The English headword is explicitly present in the official NAER Management Academic Terms snapshot; local exact noun meaning, IPA, and pinyin evidence are present. The source term-list membership supplies the business-domain classification.
depreciation	2592,2593	折旧 -> depreciation	true	accept	The English headword is explicitly present in the official NAER Management Academic Terms snapshot; local exact noun meaning, IPA, and pinyin evidence are present. The source term-list membership supplies the business-domain classification.
design	2610	设计 -> design	false	accept	The English headword is explicitly present in the official NAER Management Academic Terms snapshot; local exact noun meaning, IPA, and pinyin evidence are present. The source term-list membership supplies the business-domain classification.
devaluation	2638	贬值 -> devaluation	true	accept	The English headword is explicitly present in the official NAER Management Academic Terms snapshot; local exact noun meaning, IPA, and pinyin evidence are present. The source term-list membership supplies the business-domain classification.
development	2643	发展 -> development	false	accept	The English headword is explicitly present in the official NAER Management Academic Terms snapshot; local exact noun meaning, IPA, and pinyin evidence are present. The source term-list membership supplies the business-domain classification.
directive	2730	指令 -> directive	false	accept	The English headword is explicitly present in the official NAER Management Academic Terms snapshot; local exact noun meaning, IPA, and pinyin evidence are present. The source term-list membership supplies the business-domain classification.
discovery	2758	发现 -> discovery	false	accept	The English headword is explicitly present in the official NAER Management Academic Terms snapshot; local exact noun meaning, IPA, and pinyin evidence are present. The source term-list membership supplies the business-domain classification.
display	2784	陈列 -> display	false	accept	The English headword is explicitly present in the official NAER Management Academic Terms snapshot; local exact noun meaning, IPA, and pinyin evidence are present. The source term-list membership supplies the business-domain classification.
dividend	2824	股利 -> dividend	true	accept	The English headword is explicitly present in the official NAER Management Academic Terms snapshot; local exact noun meaning, IPA, and pinyin evidence are present. The source term-list membership supplies the business-domain classification.
document	2846	文件 -> document	false	accept	The English headword is explicitly present in the official NAER Management Academic Terms snapshot; local exact noun meaning, IPA, and pinyin evidence are present. The source term-list membership supplies the business-domain classification.
domination	2884	支配 -> domination	false	accept	The English headword is explicitly present in the official NAER Management Academic Terms snapshot; local exact noun meaning, IPA, and pinyin evidence are present. The source term-list membership supplies the business-domain classification.
dumping	2940	倾销 -> dumping	true	accept	The English headword is explicitly present in the official NAER Management Academic Terms snapshot; local exact noun meaning, IPA, and pinyin evidence are present. The source term-list membership supplies the business-domain classification.
e-commerce	2966	电子商务 -> e-commerce	false	accept	The English headword is explicitly present in the official NAER Management Academic Terms snapshot; local exact noun meaning, IPA, and pinyin evidence are present. The source term-list membership supplies the business-domain classification.
economics	3041	经济学 -> economics	false	accept	The English headword is explicitly present in the official NAER Management Academic Terms snapshot; local exact noun meaning, IPA, and pinyin evidence are present. The source term-list membership supplies the business-domain classification.
efficiency	3064	效率 -> efficiency	false	accept	The English headword is explicitly present in the official NAER Management Academic Terms snapshot; local exact noun meaning, IPA, and pinyin evidence are present. The source term-list membership supplies the business-domain classification.
embargo	3117,3118	禁运 -> embargo	false	accept	The English headword is explicitly present in the official NAER Management Academic Terms snapshot; local exact noun meaning, IPA, and pinyin evidence are present. The source term-list membership supplies the business-domain classification.
entity	3213	实体 -> entity	false	accept	The English headword is explicitly present in the official NAER Management Academic Terms snapshot; local exact noun meaning, IPA, and pinyin evidence are present. The source term-list membership supplies the business-domain classification.
entry	3230	入口 -> entry	false	accept	The English headword is explicitly present in the official NAER Management Academic Terms snapshot; local exact noun meaning, IPA, and pinyin evidence are present. The source term-list membership supplies the business-domain classification.
environments	3257	环境 -> environments	false	accept	The English headword is explicitly present in the official NAER Management Academic Terms snapshot; local exact noun meaning, IPA, and pinyin evidence are present. The source term-list membership supplies the business-domain classification.
equilibrium	3271	均衡 -> equilibrium	true	accept	The English headword is explicitly present in the official NAER Management Academic Terms snapshot; local exact noun meaning, IPA, and pinyin evidence are present. The source term-list membership supplies the business-domain classification.
evaluation	3397	评估 -> evaluation	false	accept	The English headword is explicitly present in the official NAER Management Academic Terms snapshot; local exact noun meaning, IPA, and pinyin evidence are present. The source term-list membership supplies the business-domain classification.
exchanges	3479	交易所 -> exchanges	false	accept	The English headword is explicitly present in the official NAER Management Academic Terms snapshot; local exact noun meaning, IPA, and pinyin evidence are present. The source term-list membership supplies the business-domain classification.
execution	3487	执行 -> execution	false	accept	The English headword is explicitly present in the official NAER Management Academic Terms snapshot; local exact noun meaning, IPA, and pinyin evidence are present. The source term-list membership supplies the business-domain classification.
experiment	3544	实验 -> experiment	false	accept	The English headword is explicitly present in the official NAER Management Academic Terms snapshot; local exact noun meaning, IPA, and pinyin evidence are present. The source term-list membership supplies the business-domain classification.
extension	3626	扩充 -> extension	false	accept	The English headword is explicitly present in the official NAER Management Academic Terms snapshot; local exact noun meaning, IPA, and pinyin evidence are present. The source term-list membership supplies the business-domain classification.
features	3737	特征 -> features	false	accept	The English headword is explicitly present in the official NAER Management Academic Terms snapshot; local exact noun meaning, IPA, and pinyin evidence are present. The source term-list membership supplies the business-domain classification.
feedback	3747	反馈 -> feedback	true	accept	The English headword is explicitly present in the official NAER Management Academic Terms snapshot; local exact noun meaning, IPA, and pinyin evidence are present. The source term-list membership supplies the business-domain classification.
file	3770	档案 -> file	false	accept	The English headword is explicitly present in the official NAER Management Academic Terms snapshot; local exact noun meaning, IPA, and pinyin evidence are present. The source term-list membership supplies the business-domain classification.
finance	3777	财务 -> finance	false	accept	The English headword is explicitly present in the official NAER Management Academic Terms snapshot; local exact noun meaning, IPA, and pinyin evidence are present. The source term-list membership supplies the business-domain classification.
financing	3850	融资 -> financing	true	accept	The English headword is explicitly present in the official NAER Management Academic Terms snapshot; local exact noun meaning, IPA, and pinyin evidence are present. The source term-list membership supplies the business-domain classification.
flexibility	3950	弹性 -> flexibility	false	accept	The English headword is explicitly present in the official NAER Management Academic Terms snapshot; local exact noun meaning, IPA, and pinyin evidence are present. The source term-list membership supplies the business-domain classification.
function	4272	功能 -> function	false	accept	The English headword is explicitly present in the official NAER Management Academic Terms snapshot; local exact noun meaning, IPA, and pinyin evidence are present. The source term-list membership supplies the business-domain classification.
fund	4298	基金 -> fund	true	accept	The English headword is explicitly present in the official NAER Management Academic Terms snapshot; local exact noun meaning, IPA, and pinyin evidence are present. The source term-list membership supplies the business-domain classification.
generalist	4369	通才 -> generalist	false	accept	The English headword is explicitly present in the official NAER Management Academic Terms snapshot; local exact noun meaning, IPA, and pinyin evidence are present. The source term-list membership supplies the business-domain classification.
goal	4439	目标 -> goal	false	accept	The English headword is explicitly present in the official NAER Management Academic Terms snapshot; local exact noun meaning, IPA, and pinyin evidence are present. The source term-list membership supplies the business-domain classification.
grade	4487	等级 -> grade	false	accept	The English headword is explicitly present in the official NAER Management Academic Terms snapshot; local exact noun meaning, IPA, and pinyin evidence are present. The source term-list membership supplies the business-domain classification.
imitation	4853	模仿 -> imitation	false	accept	The English headword is explicitly present in the official NAER Management Academic Terms snapshot; local exact noun meaning, IPA, and pinyin evidence are present. The source term-list membership supplies the business-domain classification.
import	4878	进口 -> import	false	accept	The English headword is explicitly present in the official NAER Management Academic Terms snapshot; local exact noun meaning, IPA, and pinyin evidence are present. The source term-list membership supplies the business-domain classification.
index	4992	索引 -> index	true	accept	The English headword is explicitly present in the official NAER Management Academic Terms snapshot; local exact noun meaning, IPA, and pinyin evidence are present. The source term-list membership supplies the business-domain classification.
individualism	5048,5049	个人主义 -> individualism	false	accept	The English headword is explicitly present in the official NAER Management Academic Terms snapshot; local exact noun meaning, IPA, and pinyin evidence are present. The source term-list membership supplies the business-domain classification.
induction	5058	归纳法 -> induction	false	accept	The English headword is explicitly present in the official NAER Management Academic Terms snapshot; local exact noun meaning, IPA, and pinyin evidence are present. The source term-list membership supplies the business-domain classification.
industry	5089	产业 -> industry | 工业 -> industry	false	accept	The English headword is explicitly present in the official NAER Management Academic Terms snapshot; local exact noun meaning, IPA, and pinyin evidence are present. The source term-list membership supplies the business-domain classification.
inflation	5115	通货膨胀 -> inflation	true	accept	The English headword is explicitly present in the official NAER Management Academic Terms snapshot; local exact noun meaning, IPA, and pinyin evidence are present. The source term-list membership supplies the business-domain classification.
innovation	5221	创新 -> innovation	true	accept	The English headword is explicitly present in the official NAER Management Academic Terms snapshot; local exact noun meaning, IPA, and pinyin evidence are present. The source term-list membership supplies the business-domain classification.
inspection	5270	检验 -> inspection	false	accept	The English headword is explicitly present in the official NAER Management Academic Terms snapshot; local exact noun meaning, IPA, and pinyin evidence are present. The source term-list membership supplies the business-domain classification.
instruction	5300	指令 -> instruction	false	accept	The English headword is explicitly present in the official NAER Management Academic Terms snapshot; local exact noun meaning, IPA, and pinyin evidence are present. The source term-list membership supplies the business-domain classification.
insurance	5307	保险 -> insurance	true	accept	The English headword is explicitly present in the official NAER Management Academic Terms snapshot; local exact noun meaning, IPA, and pinyin evidence are present. The source term-list membership supplies the business-domain classification.
intelligence	5351	智力 -> intelligence	false	accept	The English headword is explicitly present in the official NAER Management Academic Terms snapshot; local exact noun meaning, IPA, and pinyin evidence are present. The source term-list membership supplies the business-domain classification.
internationalization	5626,5627	国际化 -> internationalization	false	accept	The English headword is explicitly present in the official NAER Management Academic Terms snapshot; local exact noun meaning, IPA, and pinyin evidence are present. The source term-list membership supplies the business-domain classification.
intervention	5660	介入 -> intervention	false	accept	The English headword is explicitly present in the official NAER Management Academic Terms snapshot; local exact noun meaning, IPA, and pinyin evidence are present. The source term-list membership supplies the business-domain classification.
interview	5661,5662	面谈 -> interview	false	accept	The English headword is explicitly present in the official NAER Management Academic Terms snapshot; local exact noun meaning, IPA, and pinyin evidence are present. The source term-list membership supplies the business-domain classification.
intuition	5685	直觉 -> intuition	false	accept	The English headword is explicitly present in the official NAER Management Academic Terms snapshot; local exact noun meaning, IPA, and pinyin evidence are present. The source term-list membership supplies the business-domain classification.
invention	5687	发明 -> invention	false	accept	The English headword is explicitly present in the official NAER Management Academic Terms snapshot; local exact noun meaning, IPA, and pinyin evidence are present. The source term-list membership supplies the business-domain classification.
investment	5715,5716	投资 -> investment	true	accept	The English headword is explicitly present in the official NAER Management Academic Terms snapshot; local exact noun meaning, IPA, and pinyin evidence are present. The source term-list membership supplies the business-domain classification.
knowledge	5961	知识 -> knowledge	false	accept	The English headword is explicitly present in the official NAER Management Academic Terms snapshot; local exact noun meaning, IPA, and pinyin evidence are present. The source term-list membership supplies the business-domain classification.
liabilities	6244	负债 -> liabilities	false	accept	The English headword is explicitly present in the official NAER Management Academic Terms snapshot; local exact noun meaning, IPA, and pinyin evidence are present. The source term-list membership supplies the business-domain classification.
library	6259	图书馆 -> library	false	accept	The English headword is explicitly present in the official NAER Management Academic Terms snapshot; local exact noun meaning, IPA, and pinyin evidence are present. The source term-list membership supplies the business-domain classification.
liquidation	6353	清算 -> liquidation	true	accept	The English headword is explicitly present in the official NAER Management Academic Terms snapshot; local exact noun meaning, IPA, and pinyin evidence are present. The source term-list membership supplies the business-domain classification.
liquidity	6355,6356	流动性 -> liquidity	true	accept	The English headword is explicitly present in the official NAER Management Academic Terms snapshot; local exact noun meaning, IPA, and pinyin evidence are present. The source term-list membership supplies the business-domain classification.
loan	6383	贷款 -> loan	true	accept	The English headword is explicitly present in the official NAER Management Academic Terms snapshot; local exact noun meaning, IPA, and pinyin evidence are present. The source term-list membership supplies the business-domain classification.
loyalty	6537	忠诚 -> loyalty	false	accept	The English headword is explicitly present in the official NAER Management Academic Terms snapshot; local exact noun meaning, IPA, and pinyin evidence are present. The source term-list membership supplies the business-domain classification.
management	6608	管理 -> management	false	accept	The English headword is explicitly present in the official NAER Management Academic Terms snapshot; local exact noun meaning, IPA, and pinyin evidence are present. The source term-list membership supplies the business-domain classification.
margin	6696	保证金 -> margin	true	accept	The English headword is explicitly present in the official NAER Management Academic Terms snapshot; local exact noun meaning, IPA, and pinyin evidence are present. The source term-list membership supplies the business-domain classification.
marketing	6820,6821	行销 -> marketing	false	accept	The English headword is explicitly present in the official NAER Management Academic Terms snapshot; local exact noun meaning, IPA, and pinyin evidence are present. The source term-list membership supplies the business-domain classification.
media	6943	媒体 -> media	false	accept	The English headword is explicitly present in the official NAER Management Academic Terms snapshot; local exact noun meaning, IPA, and pinyin evidence are present. The source term-list membership supplies the business-domain classification.
merger	6995	合并 -> merger	true	accept	The English headword is explicitly present in the official NAER Management Academic Terms snapshot; local exact noun meaning, IPA, and pinyin evidence are present. The source term-list membership supplies the business-domain classification.
message	7000	讯息 -> message	false	accept	The English headword is explicitly present in the official NAER Management Academic Terms snapshot; local exact noun meaning, IPA, and pinyin evidence are present. The source term-list membership supplies the business-domain classification.
mission	7066	使命 -> mission	false	accept	The English headword is explicitly present in the official NAER Management Academic Terms snapshot; local exact noun meaning, IPA, and pinyin evidence are present. The source term-list membership supplies the business-domain classification.
money	7135	货币 -> money	true	accept	The English headword is explicitly present in the official NAER Management Academic Terms snapshot; local exact noun meaning, IPA, and pinyin evidence are present. The source term-list membership supplies the business-domain classification.
monopoly	7161	垄断 -> monopoly	true	accept	The English headword is explicitly present in the official NAER Management Academic Terms snapshot; local exact noun meaning, IPA, and pinyin evidence are present. The source term-list membership supplies the business-domain classification.
mood	7165	心情 -> mood	false	accept	The English headword is explicitly present in the official NAER Management Academic Terms snapshot; local exact noun meaning, IPA, and pinyin evidence are present. The source term-list membership supplies the business-domain classification.
mortgage	7173	抵押 -> mortgage	true	accept	The English headword is explicitly present in the official NAER Management Academic Terms snapshot; local exact noun meaning, IPA, and pinyin evidence are present. The source term-list membership supplies the business-domain classification.
motion	7186	动作 -> motion	false	accept	The English headword is explicitly present in the official NAER Management Academic Terms snapshot; local exact noun meaning, IPA, and pinyin evidence are present. The source term-list membership supplies the business-domain classification.
motivation	7197	动机 -> motivation	false	accept	The English headword is explicitly present in the official NAER Management Academic Terms snapshot; local exact noun meaning, IPA, and pinyin evidence are present. The source term-list membership supplies the business-domain classification.
motive	7208,7209	动机 -> motive	false	accept	The English headword is explicitly present in the official NAER Management Academic Terms snapshot; local exact noun meaning, IPA, and pinyin evidence are present. The source term-list membership supplies the business-domain classification.
narcissism	7308	自恋 -> narcissism	false	accept	The English headword is explicitly present in the official NAER Management Academic Terms snapshot; local exact noun meaning, IPA, and pinyin evidence are present. The source term-list membership supplies the business-domain classification.
need	7349	需要 -> need	false	accept	The English headword is explicitly present in the official NAER Management Academic Terms snapshot; local exact noun meaning, IPA, and pinyin evidence are present. The source term-list membership supplies the business-domain classification.
negotiation	7382,7383	谈判 -> negotiation	true	accept	The English headword is explicitly present in the official NAER Management Academic Terms snapshot; local exact noun meaning, IPA, and pinyin evidence are present. The source term-list membership supplies the business-domain classification.
noise	7490	噪音 -> noise	false	accept	The English headword is explicitly present in the official NAER Management Academic Terms snapshot; local exact noun meaning, IPA, and pinyin evidence are present. The source term-list membership supplies the business-domain classification.
novelty	7622	新奇 -> novelty	false	accept	The English headword is explicitly present in the official NAER Management Academic Terms snapshot; local exact noun meaning, IPA, and pinyin evidence are present. The source term-list membership supplies the business-domain classification.
objective	7632	目标 -> objective | 目的 -> objective	false	accept	The English headword is explicitly present in the official NAER Management Academic Terms snapshot; local exact noun meaning, IPA, and pinyin evidence are present. The source term-list membership supplies the business-domain classification.
occupation	7648	职业 -> occupation	false	accept	The English headword is explicitly present in the official NAER Management Academic Terms snapshot; local exact noun meaning, IPA, and pinyin evidence are present. The source term-list membership supplies the business-domain classification.
opportunism	7833	机会主义 -> opportunism	false	accept	The English headword is explicitly present in the official NAER Management Academic Terms snapshot; local exact noun meaning, IPA, and pinyin evidence are present. The source term-list membership supplies the business-domain classification.
option	7856	选择权 -> option	true	accept	The English headword is explicitly present in the official NAER Management Academic Terms snapshot; local exact noun meaning, IPA, and pinyin evidence are present. The source term-list membership supplies the business-domain classification.
organization	7914,7915	组织 -> organization	false	accept	The English headword is explicitly present in the official NAER Management Academic Terms snapshot; local exact noun meaning, IPA, and pinyin evidence are present. The source term-list membership supplies the business-domain classification.
outcome	8036	结果 -> outcome	false	accept	The English headword is explicitly present in the official NAER Management Academic Terms snapshot; local exact noun meaning, IPA, and pinyin evidence are present. The source term-list membership supplies the business-domain classification.
overdraft	8079	透支 -> overdraft	true	accept	The English headword is explicitly present in the official NAER Management Academic Terms snapshot; local exact noun meaning, IPA, and pinyin evidence are present. The source term-list membership supplies the business-domain classification.
overdrafts	8081	透支 -> overdrafts	false	accept	The English headword is explicitly present in the official NAER Management Academic Terms snapshot; local exact noun meaning, IPA, and pinyin evidence are present. The source term-list membership supplies the business-domain classification.
overtime	8099	超时 -> overtime	false	accept	The English headword is explicitly present in the official NAER Management Academic Terms snapshot; local exact noun meaning, IPA, and pinyin evidence are present. The source term-list membership supplies the business-domain classification.
packaging	8112	包装 -> packaging	false	accept	The English headword is explicitly present in the official NAER Management Academic Terms snapshot; local exact noun meaning, IPA, and pinyin evidence are present. The source term-list membership supplies the business-domain classification.
part	8169	零件 -> part	false	accept	The English headword is explicitly present in the official NAER Management Academic Terms snapshot; local exact noun meaning, IPA, and pinyin evidence are present. The source term-list membership supplies the business-domain classification.
partnership	8202,8203	合伙 -> partnership	true	accept	The English headword is explicitly present in the official NAER Management Academic Terms snapshot; local exact noun meaning, IPA, and pinyin evidence are present. The source term-list membership supplies the business-domain classification.
pay	8245	薪资 -> pay	false	accept	The English headword is explicitly present in the official NAER Management Academic Terms snapshot; local exact noun meaning, IPA, and pinyin evidence are present. The source term-list membership supplies the business-domain classification.
pension	8340	退休金 -> pension	true	accept	The English headword is explicitly present in the official NAER Management Academic Terms snapshot; local exact noun meaning, IPA, and pinyin evidence are present. The source term-list membership supplies the business-domain classification.
perception	8358,8359	知觉 -> perception	false	accept	The English headword is explicitly present in the official NAER Management Academic Terms snapshot; local exact noun meaning, IPA, and pinyin evidence are present. The source term-list membership supplies the business-domain classification.
personality	8447	个性 -> personality	false	accept	The English headword is explicitly present in the official NAER Management Academic Terms snapshot; local exact noun meaning, IPA, and pinyin evidence are present. The source term-list membership supplies the business-domain classification.
plan	8520	计划 -> plan	false	accept	The English headword is explicitly present in the official NAER Management Academic Terms snapshot; local exact noun meaning, IPA, and pinyin evidence are present. The source term-list membership supplies the business-domain classification.
planning	8528	规划 -> planning	true	accept	The English headword is explicitly present in the official NAER Management Academic Terms snapshot; local exact noun meaning, IPA, and pinyin evidence are present. The source term-list membership supplies the business-domain classification.
policy	8557	政策 -> policy	false	accept	The English headword is explicitly present in the official NAER Management Academic Terms snapshot; local exact noun meaning, IPA, and pinyin evidence are present. The source term-list membership supplies the business-domain classification.
population	8576	人口 -> population	false	accept	The English headword is explicitly present in the official NAER Management Academic Terms snapshot; local exact noun meaning, IPA, and pinyin evidence are present. The source term-list membership supplies the business-domain classification.
position	8603	职位 -> position	true	accept	The English headword is explicitly present in the official NAER Management Academic Terms snapshot; local exact noun meaning, IPA, and pinyin evidence are present. The source term-list membership supplies the business-domain classification.
positioning	8613	定位 -> positioning	false	accept	The English headword is explicitly present in the official NAER Management Academic Terms snapshot; local exact noun meaning, IPA, and pinyin evidence are present. The source term-list membership supplies the business-domain classification.
power	8641	权力 -> power	false	accept	The English headword is explicitly present in the official NAER Management Academic Terms snapshot; local exact noun meaning, IPA, and pinyin evidence are present. The source term-list membership supplies the business-domain classification.
price	8727	价格 -> price	false	accept	The English headword is explicitly present in the official NAER Management Academic Terms snapshot; local exact noun meaning, IPA, and pinyin evidence are present. The source term-list membership supplies the business-domain classification.
priority	8809	优先权 -> priority	false	accept	The English headword is explicitly present in the official NAER Management Academic Terms snapshot; local exact noun meaning, IPA, and pinyin evidence are present. The source term-list membership supplies the business-domain classification.
privacy	8813	隐私 -> privacy	false	accept	The English headword is explicitly present in the official NAER Management Academic Terms snapshot; local exact noun meaning, IPA, and pinyin evidence are present. The source term-list membership supplies the business-domain classification.
procedure	8842,8843	程序 -> procedure	false	accept	The English headword is explicitly present in the official NAER Management Academic Terms snapshot; local exact noun meaning, IPA, and pinyin evidence are present. The source term-list membership supplies the business-domain classification.
product	8895	产品 -> product	true	accept	The English headword is explicitly present in the official NAER Management Academic Terms snapshot; local exact noun meaning, IPA, and pinyin evidence are present. The source term-list membership supplies the business-domain classification.
production	8973	生产 -> production	true	accept	The English headword is explicitly present in the official NAER Management Academic Terms snapshot; local exact noun meaning, IPA, and pinyin evidence are present. The source term-list membership supplies the business-domain classification.
productivity	9011	生产力 -> productivity	true	accept	The English headword is explicitly present in the official NAER Management Academic Terms snapshot; local exact noun meaning, IPA, and pinyin evidence are present. The source term-list membership supplies the business-domain classification.
program	9034	计划 -> program	false	accept	The English headword is explicitly present in the official NAER Management Academic Terms snapshot; local exact noun meaning, IPA, and pinyin evidence are present. The source term-list membership supplies the business-domain classification.
proposition	9093	命题 -> proposition	false	accept	The English headword is explicitly present in the official NAER Management Academic Terms snapshot; local exact noun meaning, IPA, and pinyin evidence are present. The source term-list membership supplies the business-domain classification.
provision	9123	条款 -> provision	true	accept	The English headword is explicitly present in the official NAER Management Academic Terms snapshot; local exact noun meaning, IPA, and pinyin evidence are present. The source term-list membership supplies the business-domain classification.
proxy	9132	委托书 -> proxy	false	accept	The English headword is explicitly present in the official NAER Management Academic Terms snapshot; local exact noun meaning, IPA, and pinyin evidence are present. The source term-list membership supplies the business-domain classification.
punishment	9183	处罚 -> punishment | 惩罚 -> punishment	false	accept	The English headword is explicitly present in the official NAER Management Academic Terms snapshot; local exact noun meaning, IPA, and pinyin evidence are present. The source term-list membership supplies the business-domain classification.
quality	9237	品质 -> quality	false	accept	The English headword is explicitly present in the official NAER Management Academic Terms snapshot; local exact noun meaning, IPA, and pinyin evidence are present. The source term-list membership supplies the business-domain classification.
questionnaire	9304	问卷 -> questionnaire	false	accept	The English headword is explicitly present in the official NAER Management Academic Terms snapshot; local exact noun meaning, IPA, and pinyin evidence are present. The source term-list membership supplies the business-domain classification.
rationalization	9393	合理化 -> rationalization	false	accept	The English headword is explicitly present in the official NAER Management Academic Terms snapshot; local exact noun meaning, IPA, and pinyin evidence are present. The source term-list membership supplies the business-domain classification.
realization	9450	实现 -> realization	true	accept	The English headword is explicitly present in the official NAER Management Academic Terms snapshot; local exact noun meaning, IPA, and pinyin evidence are present. The source term-list membership supplies the business-domain classification.
recession	9472	衰退 -> recession	false	accept	The English headword is explicitly present in the official NAER Management Academic Terms snapshot; local exact noun meaning, IPA, and pinyin evidence are present. The source term-list membership supplies the business-domain classification.
recommendation	9486	推荐 -> recommendation	false	accept	The English headword is explicitly present in the official NAER Management Academic Terms snapshot; local exact noun meaning, IPA, and pinyin evidence are present. The source term-list membership supplies the business-domain classification.
record	9491	记录 -> record	false	accept	The English headword is explicitly present in the official NAER Management Academic Terms snapshot; local exact noun meaning, IPA, and pinyin evidence are present. The source term-list membership supplies the business-domain classification.
relation	9580	关系 -> relation	false	accept	The English headword is explicitly present in the official NAER Management Academic Terms snapshot; local exact noun meaning, IPA, and pinyin evidence are present. The source term-list membership supplies the business-domain classification.
replication	9654	复制 -> replication	false	accept	The English headword is explicitly present in the official NAER Management Academic Terms snapshot; local exact noun meaning, IPA, and pinyin evidence are present. The source term-list membership supplies the business-domain classification.
research	9675	研究 -> research	false	accept	The English headword is explicitly present in the official NAER Management Academic Terms snapshot; local exact noun meaning, IPA, and pinyin evidence are present. The source term-list membership supplies the business-domain classification.
resignation	9702	辞职 -> resignation	false	accept	The English headword is explicitly present in the official NAER Management Academic Terms snapshot; local exact noun meaning, IPA, and pinyin evidence are present. The source term-list membership supplies the business-domain classification.
resources	9726,9727	资源 -> resources	false	accept	The English headword is explicitly present in the official NAER Management Academic Terms snapshot; local exact noun meaning, IPA, and pinyin evidence are present. The source term-list membership supplies the business-domain classification.
responsibility	9736	职责 -> responsibility | 责任 -> responsibility	true	accept	The English headword is explicitly present in the official NAER Management Academic Terms snapshot; local exact noun meaning, IPA, and pinyin evidence are present. The source term-list membership supplies the business-domain classification.
retirement	9771	退休 -> retirement	true	accept	The English headword is explicitly present in the official NAER Management Academic Terms snapshot; local exact noun meaning, IPA, and pinyin evidence are present. The source term-list membership supplies the business-domain classification.
retrieval	9773	检索 -> retrieval	false	accept	The English headword is explicitly present in the official NAER Management Academic Terms snapshot; local exact noun meaning, IPA, and pinyin evidence are present. The source term-list membership supplies the business-domain classification.
revolution	9811	旋转 -> revolution	false	accept	The English headword is explicitly present in the official NAER Management Academic Terms snapshot; local exact noun meaning, IPA, and pinyin evidence are present. The source term-list membership supplies the business-domain classification.
role	9874	角色 -> role	false	accept	The English headword is explicitly present in the official NAER Management Academic Terms snapshot; local exact noun meaning, IPA, and pinyin evidence are present. The source term-list membership supplies the business-domain classification.
routine	9903	常规 -> routine | 惯例 -> routine	false	accept	The English headword is explicitly present in the official NAER Management Academic Terms snapshot; local exact noun meaning, IPA, and pinyin evidence are present. The source term-list membership supplies the business-domain classification.
sabotage	9921,9922	怠工 -> sabotage	false	accept	The English headword is explicitly present in the official NAER Management Academic Terms snapshot; local exact noun meaning, IPA, and pinyin evidence are present. The source term-list membership supplies the business-domain classification.
sample	9990	样本 -> sample	true	accept	The English headword is explicitly present in the official NAER Management Academic Terms snapshot; local exact noun meaning, IPA, and pinyin evidence are present. The source term-list membership supplies the business-domain classification.
scenario	10036	剧本 -> scenario	false	accept	The English headword is explicitly present in the official NAER Management Academic Terms snapshot; local exact noun meaning, IPA, and pinyin evidence are present. The source term-list membership supplies the business-domain classification.
science	10050	科学 -> science	false	accept	The English headword is explicitly present in the official NAER Management Academic Terms snapshot; local exact noun meaning, IPA, and pinyin evidence are present. The source term-list membership supplies the business-domain classification.
security	10149	安全性 -> security	true	accept	The English headword is explicitly present in the official NAER Management Academic Terms snapshot; local exact noun meaning, IPA, and pinyin evidence are present. The source term-list membership supplies the business-domain classification.
self-defense	10206	自卫 -> self-defense	false	accept	The English headword is explicitly present in the official NAER Management Academic Terms snapshot; local exact noun meaning, IPA, and pinyin evidence are present. The source term-list membership supplies the business-domain classification.
service	10301	服务 -> service	false	accept	The English headword is explicitly present in the official NAER Management Academic Terms snapshot; local exact noun meaning, IPA, and pinyin evidence are present. The source term-list membership supplies the business-domain classification.
settlement	10336	结算 -> settlement	true	accept	The English headword is explicitly present in the official NAER Management Academic Terms snapshot; local exact noun meaning, IPA, and pinyin evidence are present. The source term-list membership supplies the business-domain classification.
simulation	10473,10474	模拟 -> simulation	false	accept	The English headword is explicitly present in the official NAER Management Academic Terms snapshot; local exact noun meaning, IPA, and pinyin evidence are present. The source term-list membership supplies the business-domain classification.
slogan	10531	口号 -> slogan | 标语 -> slogan	false	accept	The English headword is explicitly present in the official NAER Management Academic Terms snapshot; local exact noun meaning, IPA, and pinyin evidence are present. The source term-list membership supplies the business-domain classification.
socialism	10600	社会主义 -> socialism	false	accept	The English headword is explicitly present in the official NAER Management Academic Terms snapshot; local exact noun meaning, IPA, and pinyin evidence are present. The source term-list membership supplies the business-domain classification.
socialization	10601	社会化 -> socialization	false	accept	The English headword is explicitly present in the official NAER Management Academic Terms snapshot; local exact noun meaning, IPA, and pinyin evidence are present. The source term-list membership supplies the business-domain classification.
specialization	10695	专业化 -> specialization	false	accept	The English headword is explicitly present in the official NAER Management Academic Terms snapshot; local exact noun meaning, IPA, and pinyin evidence are present. The source term-list membership supplies the business-domain classification.
specification	10718	规格 -> specification	false	accept	The English headword is explicitly present in the official NAER Management Academic Terms snapshot; local exact noun meaning, IPA, and pinyin evidence are present. The source term-list membership supplies the business-domain classification.
speculation	10722	投机 -> speculation	true	accept	The English headword is explicitly present in the official NAER Management Academic Terms snapshot; local exact noun meaning, IPA, and pinyin evidence are present. The source term-list membership supplies the business-domain classification.
spokesperson	10746	发言人 -> spokesperson	false	accept	The English headword is explicitly present in the official NAER Management Academic Terms snapshot; local exact noun meaning, IPA, and pinyin evidence are present. The source term-list membership supplies the business-domain classification.
standard	10807,10808	标准 -> standard	true	accept	The English headword is explicitly present in the official NAER Management Academic Terms snapshot; local exact noun meaning, IPA, and pinyin evidence are present. The source term-list membership supplies the business-domain classification.
statement	10898	陈述 -> statement	false	accept	The English headword is explicitly present in the official NAER Management Academic Terms snapshot; local exact noun meaning, IPA, and pinyin evidence are present. The source term-list membership supplies the business-domain classification.
status	10947	地位 -> status | 状态 -> status	false	accept	The English headword is explicitly present in the official NAER Management Academic Terms snapshot; local exact noun meaning, IPA, and pinyin evidence are present. The source term-list membership supplies the business-domain classification.
stock	10981	股票 -> stock	true	accept	The English headword is explicitly present in the official NAER Management Academic Terms snapshot; local exact noun meaning, IPA, and pinyin evidence are present. The source term-list membership supplies the business-domain classification.
stockholder	11037	股东 -> stockholder	true	accept	The English headword is explicitly present in the official NAER Management Academic Terms snapshot; local exact noun meaning, IPA, and pinyin evidence are present. The source term-list membership supplies the business-domain classification.
strategy	11148	战略 -> strategy | 策略 -> strategy	false	accept	The English headword is explicitly present in the official NAER Management Academic Terms snapshot; local exact noun meaning, IPA, and pinyin evidence are present. The source term-list membership supplies the business-domain classification.
stress	11164,11165	压力 -> stress	false	accept	The English headword is explicitly present in the official NAER Management Academic Terms snapshot; local exact noun meaning, IPA, and pinyin evidence are present. The source term-list membership supplies the business-domain classification.
strike	11173	罢工 -> strike	false	accept	The English headword is explicitly present in the official NAER Management Academic Terms snapshot; local exact noun meaning, IPA, and pinyin evidence are present. The source term-list membership supplies the business-domain classification.
subject	11225	主题 -> subject	false	accept	The English headword is explicitly present in the official NAER Management Academic Terms snapshot; local exact noun meaning, IPA, and pinyin evidence are present. The source term-list membership supplies the business-domain classification.
subsystem	11266	子系统 -> subsystem	false	accept	The English headword is explicitly present in the official NAER Management Academic Terms snapshot; local exact noun meaning, IPA, and pinyin evidence are present. The source term-list membership supplies the business-domain classification.
sustainability	11349	持续性 -> sustainability	false	accept	The English headword is explicitly present in the official NAER Management Academic Terms snapshot; local exact noun meaning, IPA, and pinyin evidence are present. The source term-list membership supplies the business-domain classification.
system	11423	系统 -> system	false	accept	The English headword is explicitly present in the official NAER Management Academic Terms snapshot; local exact noun meaning, IPA, and pinyin evidence are present. The source term-list membership supplies the business-domain classification.
tactics	11506,11507	战术 -> tactics	false	accept	The English headword is explicitly present in the official NAER Management Academic Terms snapshot; local exact noun meaning, IPA, and pinyin evidence are present. The source term-list membership supplies the business-domain classification.
takeover	11512	接管 -> takeover	false	accept	The English headword is explicitly present in the official NAER Management Academic Terms snapshot; local exact noun meaning, IPA, and pinyin evidence are present. The source term-list membership supplies the business-domain classification.
takeovers	11513	接管 -> takeovers	false	accept	The English headword is explicitly present in the official NAER Management Academic Terms snapshot; local exact noun meaning, IPA, and pinyin evidence are present. The source term-list membership supplies the business-domain classification.
tariff	11538	关税 -> tariff	false	accept	The English headword is explicitly present in the official NAER Management Academic Terms snapshot; local exact noun meaning, IPA, and pinyin evidence are present. The source term-list membership supplies the business-domain classification.
taxonomy	11619	分类学 -> taxonomy	false	accept	The English headword is explicitly present in the official NAER Management Academic Terms snapshot; local exact noun meaning, IPA, and pinyin evidence are present. The source term-list membership supplies the business-domain classification.
technology	11734	技术 -> technology	false	accept	The English headword is explicitly present in the official NAER Management Academic Terms snapshot; local exact noun meaning, IPA, and pinyin evidence are present. The source term-list membership supplies the business-domain classification.
term	11871	期限 -> term	true	accept	The English headword is explicitly present in the official NAER Management Academic Terms snapshot; local exact noun meaning, IPA, and pinyin evidence are present. The source term-list membership supplies the business-domain classification.
threat	11977	威胁 -> threat	false	accept	The English headword is explicitly present in the official NAER Management Academic Terms snapshot; local exact noun meaning, IPA, and pinyin evidence are present. The source term-list membership supplies the business-domain classification.
threats	11981	威胁 -> threats	false	accept	The English headword is explicitly present in the official NAER Management Academic Terms snapshot; local exact noun meaning, IPA, and pinyin evidence are present. The source term-list membership supplies the business-domain classification.
trademark	12139,12140	商标 -> trademark	false	accept	The English headword is explicitly present in the official NAER Management Academic Terms snapshot; local exact noun meaning, IPA, and pinyin evidence are present. The source term-list membership supplies the business-domain classification.
training	12156	训练 -> training	false	accept	The English headword is explicitly present in the official NAER Management Academic Terms snapshot; local exact noun meaning, IPA, and pinyin evidence are present. The source term-list membership supplies the business-domain classification.
transaction	12168	交易 -> transaction	true	accept	The English headword is explicitly present in the official NAER Management Academic Terms snapshot; local exact noun meaning, IPA, and pinyin evidence are present. The source term-list membership supplies the business-domain classification.
transfer	12186	迁移 -> transfer	true	accept	The English headword is explicitly present in the official NAER Management Academic Terms snapshot; local exact noun meaning, IPA, and pinyin evidence are present. The source term-list membership supplies the business-domain classification.
transparency	12226	透明度 -> transparency	false	accept	The English headword is explicitly present in the official NAER Management Academic Terms snapshot; local exact noun meaning, IPA, and pinyin evidence are present. The source term-list membership supplies the business-domain classification.
trend	12255	趋势 -> trend	false	accept	The English headword is explicitly present in the official NAER Management Academic Terms snapshot; local exact noun meaning, IPA, and pinyin evidence are present. The source term-list membership supplies the business-domain classification.
trustee	12297,12298	受托人 -> trustee	true	accept	The English headword is explicitly present in the official NAER Management Academic Terms snapshot; local exact noun meaning, IPA, and pinyin evidence are present. The source term-list membership supplies the business-domain classification.
turnover	12312	周转 -> turnover	true	accept	The English headword is explicitly present in the official NAER Management Academic Terms snapshot; local exact noun meaning, IPA, and pinyin evidence are present. The source term-list membership supplies the business-domain classification.
unemployment	12374	失业 -> unemployment	true	accept	The English headword is explicitly present in the official NAER Management Academic Terms snapshot; local exact noun meaning, IPA, and pinyin evidence are present. The source term-list membership supplies the business-domain classification.
union	12400	工会 -> union	false	accept	The English headword is explicitly present in the official NAER Management Academic Terms snapshot; local exact noun meaning, IPA, and pinyin evidence are present. The source term-list membership supplies the business-domain classification.
utilitarianism	12495	功利主义 -> utilitarianism	false	accept	The English headword is explicitly present in the official NAER Management Academic Terms snapshot; local exact noun meaning, IPA, and pinyin evidence are present. The source term-list membership supplies the business-domain classification.
valuation	12510	评价 -> valuation	true	accept	The English headword is explicitly present in the official NAER Management Academic Terms snapshot; local exact noun meaning, IPA, and pinyin evidence are present. The source term-list membership supplies the business-domain classification.
value	12512	价值 -> value	true	accept	The English headword is explicitly present in the official NAER Management Academic Terms snapshot; local exact noun meaning, IPA, and pinyin evidence are present. The source term-list membership supplies the business-domain classification.
variable	12548	变数 -> variable	true	accept	The English headword is explicitly present in the official NAER Management Academic Terms snapshot; local exact noun meaning, IPA, and pinyin evidence are present. The source term-list membership supplies the business-domain classification.
virus	12638	病毒 -> virus	false	accept	The English headword is explicitly present in the official NAER Management Academic Terms snapshot; local exact noun meaning, IPA, and pinyin evidence are present. The source term-list membership supplies the business-domain classification.
vocation	12654	职业 -> vocation	false	accept	The English headword is explicitly present in the official NAER Management Academic Terms snapshot; local exact noun meaning, IPA, and pinyin evidence are present. The source term-list membership supplies the business-domain classification.
wage	12685	工资 -> wage	false	accept	The English headword is explicitly present in the official NAER Management Academic Terms snapshot; local exact noun meaning, IPA, and pinyin evidence are present. The source term-list membership supplies the business-domain classification.
warranty	12721	保证 -> warranty	true	accept	The English headword is explicitly present in the official NAER Management Academic Terms snapshot; local exact noun meaning, IPA, and pinyin evidence are present. The source term-list membership supplies the business-domain classification.
waste	12725	浪费 -> waste	false	accept	The English headword is explicitly present in the official NAER Management Academic Terms snapshot; local exact noun meaning, IPA, and pinyin evidence are present. The source term-list membership supplies the business-domain classification.
wholesaler	12772	批发商 -> wholesaler	false	accept	The English headword is explicitly present in the official NAER Management Academic Terms snapshot; local exact noun meaning, IPA, and pinyin evidence are present. The source term-list membership supplies the business-domain classification.
wholesaling	12774	批发 -> wholesaling	false	accept	The English headword is explicitly present in the official NAER Management Academic Terms snapshot; local exact noun meaning, IPA, and pinyin evidence are present. The source term-list membership supplies the business-domain classification.
width	12778	宽度 -> width	false	accept	The English headword is explicitly present in the official NAER Management Academic Terms snapshot; local exact noun meaning, IPA, and pinyin evidence are present. The source term-list membership supplies the business-domain classification.
wink	12785	瞬间 -> wink	false	accept	The English headword is explicitly present in the official NAER Management Academic Terms snapshot; local exact noun meaning, IPA, and pinyin evidence are present. The source term-list membership supplies the business-domain classification.
workstation	12862	工作站 -> workstation	false	accept	The English headword is explicitly present in the official NAER Management Academic Terms snapshot; local exact noun meaning, IPA, and pinyin evidence are present. The source term-list membership supplies the business-domain classification.
