english	source_records	source_pairs	already_administration_tag	decision	review_note
alliance	125	联盟 -> alliance	false	accept	Accepted as an administration-domain membership: the English headword is explicitly listed in the official NAER Administration Academic Terms snapshot, with local exact noun meaning, IPA, and pinyin evidence.
anarchism	151	无政府主义 -> anarchism	false	accept	Accepted as an administration-domain membership: the English headword is explicitly listed in the official NAER Administration Academic Terms snapshot, with local exact noun meaning, IPA, and pinyin evidence.
annuity	154	年金 -> annuity	false	accept	Accepted as an administration-domain membership: the English headword is explicitly listed in the official NAER Administration Academic Terms snapshot, with local exact noun meaning, IPA, and pinyin evidence.
arbitration	173,174	仲裁 -> arbitration	false	accept	Accepted as an administration-domain membership: the English headword is explicitly listed in the official NAER Administration Academic Terms snapshot, with local exact noun meaning, IPA, and pinyin evidence.
assumption	196	假定 -> assumption	false	accept	Accepted as an administration-domain membership: the English headword is explicitly listed in the official NAER Administration Academic Terms snapshot, with local exact noun meaning, IPA, and pinyin evidence.
authority	210	权威 -> authority	false	accept	Accepted as an administration-domain membership: the English headword is explicitly listed in the official NAER Administration Academic Terms snapshot, with local exact noun meaning, IPA, and pinyin evidence.
bill	278	法案 -> bill	false	accept	Accepted as an administration-domain membership: the English headword is explicitly listed in the official NAER Administration Academic Terms snapshot, with local exact noun meaning, IPA, and pinyin evidence.
bonus	296	奖金 -> bonus | 红利 -> bonus	false	accept	Accepted as an administration-domain membership: the English headword is explicitly listed in the official NAER Administration Academic Terms snapshot, with local exact noun meaning, IPA, and pinyin evidence.
cabinet	365	内阁 -> cabinet	false	accept	Accepted as an administration-domain membership: the English headword is explicitly listed in the official NAER Administration Academic Terms snapshot, with local exact noun meaning, IPA, and pinyin evidence.
cartel	400	卡特尔 -> cartel	false	accept	Accepted as an administration-domain membership: the English headword is explicitly listed in the official NAER Administration Academic Terms snapshot, with local exact noun meaning, IPA, and pinyin evidence.
class	486	阶级 -> class	false	accept	Accepted as an administration-domain membership: the English headword is explicitly listed in the official NAER Administration Academic Terms snapshot, with local exact noun meaning, IPA, and pinyin evidence.
colonialism	537	殖民主义 -> colonialism	false	accept	Accepted as an administration-domain membership: the English headword is explicitly listed in the official NAER Administration Academic Terms snapshot, with local exact noun meaning, IPA, and pinyin evidence.
committee	542	委员会 -> committee	false	accept	Accepted as an administration-domain membership: the English headword is explicitly listed in the official NAER Administration Academic Terms snapshot, with local exact noun meaning, IPA, and pinyin evidence.
communism	554	共产主义 -> communism	false	accept	Accepted as an administration-domain membership: the English headword is explicitly listed in the official NAER Administration Academic Terms snapshot, with local exact noun meaning, IPA, and pinyin evidence.
compensation	585	补偿 -> compensation	false	accept	Accepted as an administration-domain membership: the English headword is explicitly listed in the official NAER Administration Academic Terms snapshot, with local exact noun meaning, IPA, and pinyin evidence.
competence	587	能力 -> competence	false	accept	Accepted as an administration-domain membership: the English headword is explicitly listed in the official NAER Administration Academic Terms snapshot, with local exact noun meaning, IPA, and pinyin evidence.
conservatism	646	保守主义 -> conservatism	false	accept	Accepted as an administration-domain membership: the English headword is explicitly listed in the official NAER Administration Academic Terms snapshot, with local exact noun meaning, IPA, and pinyin evidence.
constitution	653	宪法 -> constitution	false	accept	Accepted as an administration-domain membership: the English headword is explicitly listed in the official NAER Administration Academic Terms snapshot, with local exact noun meaning, IPA, and pinyin evidence.
convention	692	大会 -> convention | 惯例 -> convention	false	accept	Accepted as an administration-domain membership: the English headword is explicitly listed in the official NAER Administration Academic Terms snapshot, with local exact noun meaning, IPA, and pinyin evidence.
criterion	754	标准 -> criterion	false	accept	Accepted as an administration-domain membership: the English headword is explicitly listed in the official NAER Administration Academic Terms snapshot, with local exact noun meaning, IPA, and pinyin evidence.
deficit	855	赤字 -> deficit	false	accept	Accepted as an administration-domain membership: the English headword is explicitly listed in the official NAER Administration Academic Terms snapshot, with local exact noun meaning, IPA, and pinyin evidence.
demotion	898	降级 -> demotion	false	accept	Accepted as an administration-domain membership: the English headword is explicitly listed in the official NAER Administration Academic Terms snapshot, with local exact noun meaning, IPA, and pinyin evidence.
dictatorship	932	独裁 -> dictatorship	false	accept	Accepted as an administration-domain membership: the English headword is explicitly listed in the official NAER Administration Academic Terms snapshot, with local exact noun meaning, IPA, and pinyin evidence.
differentiation	936	分化 -> differentiation	false	accept	Accepted as an administration-domain membership: the English headword is explicitly listed in the official NAER Administration Academic Terms snapshot, with local exact noun meaning, IPA, and pinyin evidence.
diversification	991	多样化 -> diversification	false	accept	Accepted as an administration-domain membership: the English headword is explicitly listed in the official NAER Administration Academic Terms snapshot, with local exact noun meaning, IPA, and pinyin evidence.
dividend	999	股利 -> dividend	false	accept	Accepted as an administration-domain membership: the English headword is explicitly listed in the official NAER Administration Academic Terms snapshot, with local exact noun meaning, IPA, and pinyin evidence.
efficiency	1060	效率 -> efficiency	false	accept	Accepted as an administration-domain membership: the English headword is explicitly listed in the official NAER Administration Academic Terms snapshot, with local exact noun meaning, IPA, and pinyin evidence.
empiricism	1106	经验主义 -> empiricism	false	accept	Accepted as an administration-domain membership: the English headword is explicitly listed in the official NAER Administration Academic Terms snapshot, with local exact noun meaning, IPA, and pinyin evidence.
equality	1151	平等 -> equality	false	accept	Accepted as an administration-domain membership: the English headword is explicitly listed in the official NAER Administration Academic Terms snapshot, with local exact noun meaning, IPA, and pinyin evidence.
equity	1154	公正 -> equity	false	accept	Accepted as an administration-domain membership: the English headword is explicitly listed in the official NAER Administration Academic Terms snapshot, with local exact noun meaning, IPA, and pinyin evidence.
exit	1216	出口 -> exit | 退场 -> exit	false	accept	Accepted as an administration-domain membership: the English headword is explicitly listed in the official NAER Administration Academic Terms snapshot, with local exact noun meaning, IPA, and pinyin evidence.
feasibility	1272	可行性 -> feasibility	false	accept	Accepted as an administration-domain membership: the English headword is explicitly listed in the official NAER Administration Academic Terms snapshot, with local exact noun meaning, IPA, and pinyin evidence.
formalism	1349	形式主义 -> formalism	false	accept	Accepted as an administration-domain membership: the English headword is explicitly listed in the official NAER Administration Academic Terms snapshot, with local exact noun meaning, IPA, and pinyin evidence.
futures	1397	期货 -> futures	false	accept	Accepted as an administration-domain membership: the English headword is explicitly listed in the official NAER Administration Academic Terms snapshot, with local exact noun meaning, IPA, and pinyin evidence.
generalist	1424	通才 -> generalist	false	accept	Accepted as an administration-domain membership: the English headword is explicitly listed in the official NAER Administration Academic Terms snapshot, with local exact noun meaning, IPA, and pinyin evidence.
goal	1448	目标 -> goal	false	accept	Accepted as an administration-domain membership: the English headword is explicitly listed in the official NAER Administration Academic Terms snapshot, with local exact noun meaning, IPA, and pinyin evidence.
hypothesis	1623	假设 -> hypothesis	false	accept	Accepted as an administration-domain membership: the English headword is explicitly listed in the official NAER Administration Academic Terms snapshot, with local exact noun meaning, IPA, and pinyin evidence.
individualism	1685	个人主义 -> individualism	false	accept	Accepted as an administration-domain membership: the English headword is explicitly listed in the official NAER Administration Academic Terms snapshot, with local exact noun meaning, IPA, and pinyin evidence.
inflation	1694	通货膨胀 -> inflation	false	accept	Accepted as an administration-domain membership: the English headword is explicitly listed in the official NAER Administration Academic Terms snapshot, with local exact noun meaning, IPA, and pinyin evidence.
intuition	1822	直觉 -> intuition	false	accept	Accepted as an administration-domain membership: the English headword is explicitly listed in the official NAER Administration Academic Terms snapshot, with local exact noun meaning, IPA, and pinyin evidence.
knowledge	1883	知识 -> knowledge	false	accept	Accepted as an administration-domain membership: the English headword is explicitly listed in the official NAER Administration Academic Terms snapshot, with local exact noun meaning, IPA, and pinyin evidence.
manifesto	2055	宣言 -> manifesto	false	accept	Accepted as an administration-domain membership: the English headword is explicitly listed in the official NAER Administration Academic Terms snapshot, with local exact noun meaning, IPA, and pinyin evidence.
manpower	2056	人力 -> manpower	false	accept	Accepted as an administration-domain membership: the English headword is explicitly listed in the official NAER Administration Academic Terms snapshot, with local exact noun meaning, IPA, and pinyin evidence.
mediation	2103	调解 -> mediation	false	accept	Accepted as an administration-domain membership: the English headword is explicitly listed in the official NAER Administration Academic Terms snapshot, with local exact noun meaning, IPA, and pinyin evidence.
metaphor	2132	隐喻 -> metaphor	false	accept	Accepted as an administration-domain membership: the English headword is explicitly listed in the official NAER Administration Academic Terms snapshot, with local exact noun meaning, IPA, and pinyin evidence.
methodology	2138	方法论 -> methodology	false	accept	Accepted as an administration-domain membership: the English headword is explicitly listed in the official NAER Administration Academic Terms snapshot, with local exact noun meaning, IPA, and pinyin evidence.
motivation	2200	动机 -> motivation	false	accept	Accepted as an administration-domain membership: the English headword is explicitly listed in the official NAER Administration Academic Terms snapshot, with local exact noun meaning, IPA, and pinyin evidence.
nationalization	2239	国有化 -> nationalization	false	accept	Accepted as an administration-domain membership: the English headword is explicitly listed in the official NAER Administration Academic Terms snapshot, with local exact noun meaning, IPA, and pinyin evidence.
network	2280	网络 -> network	false	accept	Accepted as an administration-domain membership: the English headword is explicitly listed in the official NAER Administration Academic Terms snapshot, with local exact noun meaning, IPA, and pinyin evidence.
objective	2346	目的 -> objective	false	accept	Accepted as an administration-domain membership: the English headword is explicitly listed in the official NAER Administration Academic Terms snapshot, with local exact noun meaning, IPA, and pinyin evidence.
officer	2362	官员 -> officer	false	accept	Accepted as an administration-domain membership: the English headword is explicitly listed in the official NAER Administration Academic Terms snapshot, with local exact noun meaning, IPA, and pinyin evidence.
opportunism	2384	机会主义 -> opportunism	false	accept	Accepted as an administration-domain membership: the English headword is explicitly listed in the official NAER Administration Academic Terms snapshot, with local exact noun meaning, IPA, and pinyin evidence.
overload	2450	超载 -> overload	false	accept	Accepted as an administration-domain membership: the English headword is explicitly listed in the official NAER Administration Academic Terms snapshot, with local exact noun meaning, IPA, and pinyin evidence.
pension	2512	退休金 -> pension	false	accept	Accepted as an administration-domain membership: the English headword is explicitly listed in the official NAER Administration Academic Terms snapshot, with local exact noun meaning, IPA, and pinyin evidence.
plan	2558	计划 -> plan	false	accept	Accepted as an administration-domain membership: the English headword is explicitly listed in the official NAER Administration Academic Terms snapshot, with local exact noun meaning, IPA, and pinyin evidence.
planning	2560	规划 -> planning	false	accept	Accepted as an administration-domain membership: the English headword is explicitly listed in the official NAER Administration Academic Terms snapshot, with local exact noun meaning, IPA, and pinyin evidence.
pluralism	2567	多元论 -> pluralism	false	accept	Accepted as an administration-domain membership: the English headword is explicitly listed in the official NAER Administration Academic Terms snapshot, with local exact noun meaning, IPA, and pinyin evidence.
polis	2686	城邦 -> polis	false	accept	Accepted as an administration-domain membership: the English headword is explicitly listed in the official NAER Administration Academic Terms snapshot, with local exact noun meaning, IPA, and pinyin evidence.
politician	2730	政客 -> politician	false	accept	Accepted as an administration-domain membership: the English headword is explicitly listed in the official NAER Administration Academic Terms snapshot, with local exact noun meaning, IPA, and pinyin evidence.
polity	2733	政体 -> polity	false	accept	Accepted as an administration-domain membership: the English headword is explicitly listed in the official NAER Administration Academic Terms snapshot, with local exact noun meaning, IPA, and pinyin evidence.
poll	2734	民意测验 -> poll	false	accept	Accepted as an administration-domain membership: the English headword is explicitly listed in the official NAER Administration Academic Terms snapshot, with local exact noun meaning, IPA, and pinyin evidence.
pragmatism	2782	实用主义 -> pragmatism	false	accept	Accepted as an administration-domain membership: the English headword is explicitly listed in the official NAER Administration Academic Terms snapshot, with local exact noun meaning, IPA, and pinyin evidence.
probation	2819	试用 -> probation	false	accept	Accepted as an administration-domain membership: the English headword is explicitly listed in the official NAER Administration Academic Terms snapshot, with local exact noun meaning, IPA, and pinyin evidence.
productivity	2844	生产力 -> productivity	false	accept	Accepted as an administration-domain membership: the English headword is explicitly listed in the official NAER Administration Academic Terms snapshot, with local exact noun meaning, IPA, and pinyin evidence.
racialism	2991	种族主义 -> racialism	false	accept	Accepted as an administration-domain membership: the English headword is explicitly listed in the official NAER Administration Academic Terms snapshot, with local exact noun meaning, IPA, and pinyin evidence.
reconciliation	3032	调解 -> reconciliation	false	accept	Accepted as an administration-domain membership: the English headword is explicitly listed in the official NAER Administration Academic Terms snapshot, with local exact noun meaning, IPA, and pinyin evidence.
reform	3056	改革 -> reform	false	accept	Accepted as an administration-domain membership: the English headword is explicitly listed in the official NAER Administration Academic Terms snapshot, with local exact noun meaning, IPA, and pinyin evidence.
revisionism	3127	修正主义 -> revisionism	false	accept	Accepted as an administration-domain membership: the English headword is explicitly listed in the official NAER Administration Academic Terms snapshot, with local exact noun meaning, IPA, and pinyin evidence.
self-confidence	3211	自信 -> self-confidence	false	accept	Accepted as an administration-domain membership: the English headword is explicitly listed in the official NAER Administration Academic Terms snapshot, with local exact noun meaning, IPA, and pinyin evidence.
selflessness	3230	无私 -> selflessness	false	accept	Accepted as an administration-domain membership: the English headword is explicitly listed in the official NAER Administration Academic Terms snapshot, with local exact noun meaning, IPA, and pinyin evidence.
socialization	3319	社会化 -> socialization	false	accept	Accepted as an administration-domain membership: the English headword is explicitly listed in the official NAER Administration Academic Terms snapshot, with local exact noun meaning, IPA, and pinyin evidence.
system	3443	系统 -> system	false	accept	Accepted as an administration-domain membership: the English headword is explicitly listed in the official NAER Administration Academic Terms snapshot, with local exact noun meaning, IPA, and pinyin evidence.
ultimatum	3595	最后通牒 -> ultimatum	false	accept	Accepted as an administration-domain membership: the English headword is explicitly listed in the official NAER Administration Academic Terms snapshot, with local exact noun meaning, IPA, and pinyin evidence.
utilitarianism	3623	功利主义 -> utilitarianism	false	accept	Accepted as an administration-domain membership: the English headword is explicitly listed in the official NAER Administration Academic Terms snapshot, with local exact noun meaning, IPA, and pinyin evidence.
value	3627	价值 -> value	false	accept	Accepted as an administration-domain membership: the English headword is explicitly listed in the official NAER Administration Academic Terms snapshot, with local exact noun meaning, IPA, and pinyin evidence.
variable	3645	变数 -> variable	false	accept	Accepted as an administration-domain membership: the English headword is explicitly listed in the official NAER Administration Academic Terms snapshot, with local exact noun meaning, IPA, and pinyin evidence.
