english	chinese	source_chinese	source_records	source_urls	pinyin	pinyin_frequency	ipa_sources	ecdict_exact_noun_glosses	already_mapped	existing_headword	spare_capacity	decision	review_note
assumption	假定	假定	196	https://terms.naer.edu.tw/	jia ding	500	UK,US	假定	false	true	true	accept	Accepted after review: the NAER administration term, exact local ECDICT noun gloss, and available pinyin/IPA support a coherent public-administration, political-science, or administrative-management sense.
hypothesis	假设	假設	1623	https://terms.naer.edu.tw/	jia she	2751	UK,US	假设	false	true	true	accept	Accepted after review: the NAER administration term, exact local ECDICT noun gloss, and available pinyin/IPA support a coherent public-administration, political-science, or administrative-management sense.
equity	公正	公正	1154	https://terms.naer.edu.tw/	gong zheng	2364	UK,US	公正	false	true	true	accept	Accepted after review: the NAER administration term, exact local ECDICT noun gloss, and available pinyin/IPA support a coherent public-administration, political-science, or administrative-management sense.
differentiation	分化	分化	936	https://terms.naer.edu.tw/	fen hua	911	UK,US	分化	false	true	true	accept	Accepted after review: the NAER administration term, exact local ECDICT noun gloss, and available pinyin/IPA support a coherent public-administration, political-science, or administrative-management sense.
nationalization	国有化	國有化	2239	https://terms.naer.edu.tw/	guo you hua	486	US	国有化	false	false	true	accept	Accepted after review: the NAER administration term, exact local ECDICT noun gloss, and available pinyin/IPA support a coherent public-administration, political-science, or administrative-management sense.
polis	城邦	城邦	2686	https://terms.naer.edu.tw/	cheng bang	625	UK,US	城邦	false	true	true	accept	Accepted after review: the NAER administration term, exact local ECDICT noun gloss, and available pinyin/IPA support a coherent public-administration, political-science, or administrative-management sense.
diversification	多样化	多樣化	991	https://terms.naer.edu.tw/	duo yang hua	475	UK,US	多样化	false	true	true	accept	Accepted after review: the NAER administration term, exact local ECDICT noun gloss, and available pinyin/IPA support a coherent public-administration, political-science, or administrative-management sense.
convention	大会	大會	692	https://terms.naer.edu.tw/	da hui	14449	UK,US	大会	false	true	true	accept	Accepted after review: the NAER administration term, exact local ECDICT noun gloss, and available pinyin/IPA support a coherent public-administration, political-science, or administrative-management sense.
officer	官员	官員	2362	https://terms.naer.edu.tw/	guan yuan	11452	UK,US	官员	false	true	true	accept	Accepted after review: the NAER administration term, exact local ECDICT noun gloss, and available pinyin/IPA support a coherent public-administration, political-science, or administrative-management sense.
manifesto	宣言	宣言	2055	https://terms.naer.edu.tw/	xuan yan	2766	UK,US	宣言	false	true	true	accept	Accepted after review: the NAER administration term, exact local ECDICT noun gloss, and available pinyin/IPA support a coherent public-administration, political-science, or administrative-management sense.
polity	政体	政體	2733	https://terms.naer.edu.tw/	zheng ti	337	UK,US	政体	false	false	true	accept	Accepted after review: the NAER administration term, exact local ECDICT noun gloss, and available pinyin/IPA support a coherent public-administration, political-science, or administrative-management sense.
selflessness	无私	無私	3230	https://terms.naer.edu.tw/	wu si	700	UK,US	无私	false	false	true	accept	Accepted after review: the NAER administration term, exact local ECDICT noun gloss, and available pinyin/IPA support a coherent public-administration, political-science, or administrative-management sense.
objective	目的	目的	2346	https://terms.naer.edu.tw/	mu di	11860	UK,US	目的	false	true	true	accept	Accepted after review: the NAER administration term, exact local ECDICT noun gloss, and available pinyin/IPA support a coherent public-administration, political-science, or administrative-management sense.
competence	能力	能力	587	https://terms.naer.edu.tw/	neng li	30601	UK,US	能力	false	true	true	accept	Accepted after review: the NAER administration term, exact local ECDICT noun gloss, and available pinyin/IPA support a coherent public-administration, political-science, or administrative-management sense.
self-confidence	自信	自信	3211	https://terms.naer.edu.tw/	zi xin	10489	US	自信	false	true	true	accept	Accepted after review: the NAER administration term, exact local ECDICT noun gloss, and available pinyin/IPA support a coherent public-administration, political-science, or administrative-management sense.
probation	试用	試用	2819	https://terms.naer.edu.tw/	shi yong	928	UK,US	试用	false	true	true	accept	Accepted after review: the NAER administration term, exact local ECDICT noun gloss, and available pinyin/IPA support a coherent public-administration, political-science, or administrative-management sense.
reconciliation	调解	調解	3032	https://terms.naer.edu.tw/	tiao jie	748	UK,US	调解	false	true	true	defer	The official administration list supplies 调解 and the local dictionary has an exact noun gloss, but reconciliation is often 和解/调和 while 调解 more directly denotes mediation; defer pending narrower context.
demotion	降级	降級	898	https://terms.naer.edu.tw/	jiang ji	1665	UK,US	降级	false	false	true	accept	Accepted after review: the NAER administration term, exact local ECDICT noun gloss, and available pinyin/IPA support a coherent public-administration, political-science, or administrative-management sense.
