english	chinese	source_chinese	source_records	source_urls	pinyin	pinyin_frequency	ipa_sources	ecdict_exact_noun_glosses	already_mapped	existing_headword	spare_capacity
esperanto	世界语	世界語	807	https://terms.naer.edu.tw/	shi jie yu	694	US	世界语	true	true	true
individualism	个人主义	個人主義	1165	https://terms.naer.edu.tw/	ge ren zhu yi	138	UK,US	个人主义	true	true	true
median	中位数	中位數	1418	https://terms.naer.edu.tw/	zhong wei shu	1887	UK,US	中位数	true	true	true
personality	人格	人格	1781	https://terms.naer.edu.tw/	ren ge	2464	UK,US	人格	true	true	true
recess	休会	休會	2025	https://terms.naer.edu.tw/	xiu hui	252	US	休会	false	true	true
recess	休息	休息	2025	https://terms.naer.edu.tw/	xiu xi	61723	US	休息	true	true	true
gymnastics	体操	體操	1043	https://terms.naer.edu.tw/	ti cao	1898	UK,US	体操	true	true	true
gymnasium	体育馆	體育館	1042	https://terms.naer.edu.tw/	ti yu guan	4738	UK,US	体育馆	true	true	true
culture	修养	修養	540	https://terms.naer.edu.tw/	xiu yang	1547	UK,US	修养	true	true	true
cloister	修道院	修道院	384	https://terms.naer.edu.tw/	xiu dao yuan	2508	UK,US	修道院	false	false	true
holiday	假日	假日	1078	https://terms.naer.edu.tw/	jia ri	1856	UK,US	假日	true	true	true
vacation	假期	假期	2657	https://terms.naer.edu.tw/	jia qi	16132	UK,US	假期	true	true	true
dismissal	免职	免職	643	https://terms.naer.edu.tw/	mian zhi	818	UK,US	免职	false	true	true
exemption	免除	免除	838	https://terms.naer.edu.tw/	mian chu	517	UK,US	免除	true	true	true
pension	养老金	養老金	1763	https://terms.naer.edu.tw/	yang lao jin	296	US	养老金	true	true	true
nurture	养育	養育	1648	https://terms.naer.edu.tw/	yang yu	564	UK,US	养育	true	true	true
introspection	内省	內省	1250	https://terms.naer.edu.tw/	nei xing	461	UK,US	内省	true	true	true
militarism	军国主义	軍國主義	1484	https://terms.naer.edu.tw/	jun guo zhu yi	132	UK,US	军国主义	true	true	true
impulse	冲动	衝動	1133	https://terms.naer.edu.tw/	chong dong	5194	UK,US	冲动	true	true	true
attendance	出席	出席	182	https://terms.naer.edu.tw/	chu xi	8289	UK,US	出席	true	true	true
point	分数	分數	1821	https://terms.naer.edu.tw/	fen shu	4357	UK,US	分数	true	true	true
classification	分类	分類	374	https://terms.naer.edu.tw/	fen lei	8017	UK,US	分类	true	true	true
classification	分级	分級	374	https://terms.naer.edu.tw/	fen ji	900	UK,US	分级	true	true	true
distribution	分配	分配	647	https://terms.naer.edu.tw/	fen pei	6297	UK,US	分配	false	true	false
uniform	制服	制服	2626	https://terms.naer.edu.tw/	zhi fu	3078	UK,US	制服	true	true	true
stimulus	刺激	刺激	2412	https://terms.naer.edu.tw/	ci ji	2191	UK,US	刺激	true	true	true
action	动作	動作	48	https://terms.naer.edu.tw/	dong zuo	10567	UK,US	动作	true	true	true
motivation	动机	動機	1533	https://terms.naer.edu.tw/	dong ji	1633	UK,US	动机	true	true	true
doctor	博士	博士	649	https://terms.naer.edu.tw/	bo shi	16426	UK,US	博士	true	true	true
principle	原则	原則	1884	https://terms.naer.edu.tw/	yuan ze	5893	UK,US	原则	true	true	true
principle	原理	原理	1884	https://terms.naer.edu.tw/	yuan li	2220	UK,US	原理	true	true	true
reflex	反射	反射	2047	https://terms.naer.edu.tw/	fan she	1168	US	反射	true	true	true
reaction	反应	反應	2005	https://terms.naer.edu.tw/	fan ying	22002	UK,US	反应	true	true	true
response	反应	反應	2086	https://terms.naer.edu.tw/	fan ying	22002	UK,US	反应	true	true	true
hazing	受辱	受辱	1048	https://terms.naer.edu.tw/	shou ru	58	UK,US	受辱	false	false	true
plasticity	可塑性	可塑性	1812	https://terms.naer.edu.tw/	ke su xing	124	UK	可塑性	true	true	true
rationalization	合理化	合理化	2001	https://terms.naer.edu.tw/	he li hua	160	US	合理化	false	false	true
assimilation	同化	同化	149	https://terms.naer.edu.tw/	tong hua	694	UK,US	同化	true	true	true
schoolmate	同学	同學	2243	https://terms.naer.edu.tw/	tong xue	44369	UK,US	同学	true	true	true
sympathy	同情	同情	2479	https://terms.naer.edu.tw/	tong qing	6037	UK,US	同情	true	true	true
character	品格	品格	309	https://terms.naer.edu.tw/	pin ge	390	UK,US	品格	true	true	true
idealism	唯心论	唯心論	1118	https://terms.naer.edu.tw/	wei xin lun	19	UK,US	唯心论	true	true	true
recall	回忆	回憶	2020	https://terms.naer.edu.tw/	hui yi	16018	US	回忆	true	true	true
recollection	回忆	回憶	2031	https://terms.naer.edu.tw/	hui yi	16018	UK,US	回忆	false	true	true
library	图书馆	圖書館	1346	https://terms.naer.edu.tw/	tu shu guan	16693	UK,US	图书馆	true	true	true
morale	士气	士氣	1524	https://terms.naer.edu.tw/	shi qi	666	UK,US	士气	true	true	true
university	大学	大學	2632	https://terms.naer.edu.tw/	da xue	128279	UK,US	大学	true	true	true
genius	天才	天才	993	https://terms.naer.edu.tw/	tian cai	4350	UK,US	天才	true	true	true
fellowship	奖学金	獎學金	885	https://terms.naer.edu.tw/	jiang xue jin	2345	UK,US	奖学金	true	true	true
scholarship	奖学金	獎學金	2126	https://terms.naer.edu.tw/	jiang xue jin	2345	UK,US	奖学金	true	true	true
credit	学分	學分	525	https://terms.naer.edu.tw/	xue fen	709	UK,US	学分	true	true	true
bachelor	学士	學士	210	https://terms.naer.edu.tw/	xue shi	6896	UK,US	学士	true	true	true
apprentice	学徒	學徒	126	https://terms.naer.edu.tw/	xue tu	754	UK,US	学徒	true	true	true
semester	学期	學期	2295	https://terms.naer.edu.tw/	xue qi	10905	UK,US	学期	true	true	true
term	学期	學期	2545	https://terms.naer.edu.tw/	xue qi	10905	UK,US	学期	true	true	true
school	学校	學校	2134	https://terms.naer.edu.tw/	xue xiao	116602	UK,US	学校	true	true	true
school	学派	學派	2134	https://terms.naer.edu.tw/	xue pai	1072	UK,US	学派	false	true	true
pupil	学生	學生	1965	https://terms.naer.edu.tw/	xue sheng	47291	UK,US	学生	true	true	true
student	学生	學生	2418	https://terms.naer.edu.tw/	xue sheng	47291	UK,US	学生	true	true	true
subject	学科	學科	2442	https://terms.naer.edu.tw/	xue ke	4696	US	学科	true	true	true
scholar	学者	學者	2125	https://terms.naer.edu.tw/	xue zhe	10520	UK,US	学者	true	true	true
tuition	学费	學費	2606	https://terms.naer.edu.tw/	xue fei	1715	UK,US	学费	true	true	true
college	学院	學院	399	https://terms.naer.edu.tw/	xue yuan	40165	UK,US	学院	true	true	true
institute	学院	學院	1202	https://terms.naer.edu.tw/	xue yuan	40165	UK,US	学院	true	true	true
pragmatism	实用主义	實用主義	1850	https://terms.naer.edu.tw/	shi yong zhu yi	95	UK,US	实用主义	true	true	true
laboratory	实验室	實驗室	1286	https://terms.naer.edu.tw/	shi yan shi	7315	UK,US	实验室	true	true	true
capacity	容量	容量	278	https://terms.naer.edu.tw/	rong liang	3238	UK,US	容量	true	true	true
average	平均数	平均數	204	https://terms.naer.edu.tw/	ping jun shu	81	UK,US	平均数	true	true	true
mean	平均数	平均數	1407	https://terms.naer.edu.tw/	ping jun shu	81	UK,US	平均数	true	true	true
grade	年级	年級	1006	https://terms.naer.edu.tw/	nian ji	9956	UK,US	年级	true	true	true
fancy	幻想	幻想	879	https://terms.naer.edu.tw/	huan xiang	5198	UK,US	幻想	true	true	true
fantasy	幻想	幻想	880	https://terms.naer.edu.tw/	huan xiang	5198	UK,US	幻想	true	true	true
hallucination	幻觉	幻覺	1046	https://terms.naer.edu.tw/	huan jue	1622	UK,US	幻觉	true	true	true
commencement	开始	開始	420	https://terms.naer.edu.tw/	kai shi	180403	UK,US	开始	false	true	true
insignia	徽章	徽章	1195	https://terms.naer.edu.tw/	hui zhang	1080	UK,US	徽章	false	true	true
mind	心理	心理	1491	https://terms.naer.edu.tw/	xin li	14803	UK,US	心理	true	true	true
attitude	态度	態度	187	https://terms.naer.edu.tw/	tai du	11247	UK,US	态度	true	true	true
thinking	思考	思考	2559	https://terms.naer.edu.tw/	si kao	9597	UK,US	思考	true	true	true
sentiment	情操	情操	2313	https://terms.naer.edu.tw/	qing cao	64	UK,US	情操	true	true	true
complex	情结	情結	450	https://terms.naer.edu.tw/	qing jie	506	US	情结	true	true	true
emotion	情绪	情緒	783	https://terms.naer.edu.tw/	qing xu	11008	UK,US	情绪	true	true	true
punishment	惩罚	懲罰	1964	https://terms.naer.edu.tw/	cheng fa	3100	UK,US	惩罚	true	true	true
will	意志	意志	2712	https://terms.naer.edu.tw/	yi zhi	4864	UK,US	意志	true	true	true
consciousness	意识	意識	475	https://terms.naer.edu.tw/	yi shi	8445	UK,US	意识	true	true	true
sensation	感觉	感覺	2305	https://terms.naer.edu.tw/	gan jue	205179	UK,US	感觉	true	true	true
nursery	托儿所	托兒所	1642	https://terms.naer.edu.tw/	tuo er suo	231	UK,US	托儿所	true	true	true
reasoning	推理	推理	2019	https://terms.naer.edu.tw/	tui li	2773	UK,US	推理	true	true	true
inference	推论	推論	1181	https://terms.naer.edu.tw/	tui lun	538	UK,US	推论	true	true	true
reasoning	推论	推論	2019	https://terms.naer.edu.tw/	tui lun	538	UK,US	推论	false	true	true
manipulation	操作	操作	1380	https://terms.naer.edu.tw/	cao zuo	6569	UK,US	操作	false	true	true
cultivation	教化	教化	538	https://terms.naer.edu.tw/	jiao hua	311	UK,US	教化	true	true	true
classroom	教室	教室	377	https://terms.naer.edu.tw/	jiao shi	5921	UK,US	教室	true	true	true
instruction	教导	教導	1208	https://terms.naer.edu.tw/	jiao dao	2824	UK,US	教导	true	true	true
teacher	教师	教師	2491	https://terms.naer.edu.tw/	jiao shi	10811	UK,US	教师	true	true	true
professor	教授	教授	1919	https://terms.naer.edu.tw/	jiao shou	23383	UK,US	教授	true	true	true
textbook	教科书	教科書	2552	https://terms.naer.edu.tw/	jiao ke shu	1128	UK,US	教科书	true	true	true
education	教育	教育	678	https://terms.naer.edu.tw/	jiao yu	39845	UK,US	教育	true	true	true
mathematics	数学	數學	1400	https://terms.naer.edu.tw/	shu xue	14558	UK,US	数学	true	true	true
diploma	文凭	文憑	628	https://terms.naer.edu.tw/	wen ping	1371	UK,US	文凭	true	true	true
culture	文化	文化	540	https://terms.naer.edu.tw/	wen hua	46817	UK,US	文化	true	true	true
illiterate	文盲	文盲	1121	https://terms.naer.edu.tw/	wen mang	1038	UK,US	文盲	true	true	true
freshman	新手	新手	944	https://terms.naer.edu.tw/	xin shou	1914	UK,US	新手	false	true	true
novice	新手	新手	1640	https://terms.naer.edu.tw/	xin shou	1914	UK,US	新手	true	true	true
methodology	方法论	方法論	1477	https://terms.naer.edu.tw/	fang fa lun	201	UK,US	方法论	true	true	true
auditor	旁听生	旁聽生	193	https://terms.naer.edu.tw/	pang ting sheng	68	UK,US	旁听生	true	true	true
unconsciousness	无意识	無意識	2618	https://terms.naer.edu.tw/	wu yi shi	273	UK,US	无意识	true	true	true
prematurity	早熟	早熟	1861	https://terms.naer.edu.tw/	zao shu	906	UK	早熟	false	false	true
intelligence	智力	智力	1225	https://terms.naer.edu.tw/	zhi li	976	UK,US	智力	true	true	true
curve	曲线	曲線	557	https://terms.naer.edu.tw/	qu xian	1851	UK,US	曲线	true	true	true
instinct	本能	本能	1199	https://terms.naer.edu.tw/	ben neng	1115	US	本能	true	true	true
rector	校长	校長	2035	https://terms.naer.edu.tw/	xiao zhang	12957	UK,US	校长	true	true	true
maxim	格言	格言	1405	https://terms.naer.edu.tw/	ge yan	472	UK,US	格言	false	true	true
imitation	模仿	模仿	1128	https://terms.naer.edu.tw/	mo fang	4228	UK,US	模仿	true	true	true
maternity	母性	母性	1399	https://terms.naer.edu.tw/	mu xing	81	UK,US	母性	true	true	true
graduation	毕业	畢業	1021	https://terms.naer.edu.tw/	bi ye	72861	UK,US	毕业	true	true	true
graduate	毕业生	畢業生	1017	https://terms.naer.edu.tw/	bi ye sheng	2532	US	毕业生	true	true	true
nationalism	民族主义	民族主義	1587	https://terms.naer.edu.tw/	min zu zhu yi	1871	UK,US	民族主义	true	true	true
temperament	气质	氣質	2542	https://terms.naer.edu.tw/	qi zhi	10782	UK,US	气质	true	true	true
act	法案	法案	47	https://terms.naer.edu.tw/	fa an	6245	UK,US	法案	false	true	true
enrollment	注册	註冊	795	https://terms.naer.edu.tw/	zhu ce	5268	UK,US	注册	true	true	true
register	注册	註冊	2055	https://terms.naer.edu.tw/	zhu ce	5268	UK,US	注册	true	true	true
registration	注册	註冊	2059	https://terms.naer.edu.tw/	zhu ce	5268	UK,US	注册	true	true	true
attention	注意	注意	186	https://terms.naer.edu.tw/	zhu yi	67417	UK,US	注意	true	true	true
activity	活动	活動	58	https://terms.naer.edu.tw/	huo dong	59639	UK,US	活动	true	true	true
patriotism	爱国主义	愛國主義	1744	https://terms.naer.edu.tw/	ai guo zhu yi	629	UK,US	爱国主义	true	true	true
plaything	玩具	玩具	1820	https://terms.naer.edu.tw/	wan ju	4385	UK,US	玩具	false	true	true
toy	玩具	玩具	2575	https://terms.naer.edu.tw/	wan ju	4385	UK,US	玩具	true	true	true
reason	理性	理性	2018	https://terms.naer.edu.tw/	li xing	3250	UK,US	理性	true	true	true
ideal	理想	理想	1117	https://terms.naer.edu.tw/	li xiang	8381	UK,US	理想	true	true	true
reason	理由	理由	2018	https://terms.naer.edu.tw/	li you	14874	UK,US	理由	true	true	true
enrollment	登记	登記	795	https://terms.naer.edu.tw/	deng ji	4029	UK,US	登记	true	true	true
registration	登记	登記	2059	https://terms.naer.edu.tw/	deng ji	4029	UK,US	登记	true	true	true
intuition	直觉	直覺	1254	https://terms.naer.edu.tw/	zhi jue	1757	UK,US	直觉	true	true	true
perception	知觉	知覺	1771	https://terms.naer.edu.tw/	zhi jue	436	UK,US	知觉	true	true	true
information	知识	知識	1184	https://terms.naer.edu.tw/	zhi shi	9111	UK,US	知识	false	true	true
knowledge	知识	知識	1284	https://terms.naer.edu.tw/	zhi shi	9111	UK,US	知识	true	true	true
master	硕士	碩士	1389	https://terms.naer.edu.tw/	shuo shi	8537	UK,US	硕士	true	true	true
demonstration	示范	示範	589	https://terms.naer.edu.tw/	shi fan	2487	UK,US	示范	true	true	true
socialism	社会主义	社會主義	2360	https://terms.naer.edu.tw/	she hui zhu yi	6814	UK,US	社会主义	true	true	true
socialization	社会化	社會化	2362	https://terms.naer.edu.tw/	she hui hua	161	US	社会化	true	true	true
nervousness	神经质	神經質	1604	https://terms.naer.edu.tw/	shen jing zhi	86	UK,US	神经质	false	true	true
subject	科目	科目	2442	https://terms.naer.edu.tw/	ke mu	3455	US	科目	true	true	true
psychiatry	精神病学	精神病學	1942	https://terms.naer.edu.tw/	jing shen bing xue	250	UK,US	精神病学	true	true	true
practice	练习	練習	1842	https://terms.naer.edu.tw/	lian xi	5715	UK,US	练习	true	true	true
empiricism	经验主义	經驗主義	787	https://terms.naer.edu.tw/	jing yan zhu yi	53	UK,US	经验主义	true	true	true
statistics	统计学	統計學	2411	https://terms.naer.edu.tw/	tong ji xue	489	UK,US	统计学	true	true	true
aesthetics	美学	美學	88	https://terms.naer.edu.tw/	mei xue	978	UK,US	美学	true	true	true
esthetics	美学	美學	812	https://terms.naer.edu.tw/	mei xue	978	US	美学	false	false	true
examination	考试	考試	825	https://terms.naer.edu.tw/	kao shi	38518	UK,US	考试	true	true	true
occupation	职业	職業	1657	https://terms.naer.edu.tw/	zhi ye	20137	UK,US	职业	true	true	true
recital	背诵	背誦	2026	https://terms.naer.edu.tw/	bei song	354	UK,US	背诵	true	true	true
ability	能力	能力	2	https://terms.naer.edu.tw/	neng li	30601	UK,US	能力	true	true	true
capacity	能力	能力	278	https://terms.naer.edu.tw/	neng li	30601	UK,US	能力	true	true	true
self-government	自治	自治	2290	https://terms.naer.edu.tw/	zi zhi	6737	US	自治	true	true	true
conscience	良心	良心	474	https://terms.naer.edu.tw/	liang xin	7678	UK,US	良心	true	true	true
english	英语	英語	793	https://terms.naer.edu.tw/	ying yu	26307	UK,US	英语	true	true	true
nutrition	营养	營養	1649	https://terms.naer.edu.tw/	ying yang	5594	UK,US	营养	true	true	true
malnutrition	营养不良	營養不良	1378	https://terms.naer.edu.tw/	ying yang bu liang	255	UK,US	营养不良	true	true	true
nutrition	营养学	營養學	1649	https://terms.naer.edu.tw/	ying yang xue	60	UK,US	营养学	true	true	true
conduct	行为	行為	471	https://terms.naer.edu.tw/	xing wei	18703	US	行为	true	true	true
compensation	补偿	補償	442	https://terms.naer.edu.tw/	bu chang	2785	UK,US	补偿	true	true	true
inspection	视察	視察	1196	https://terms.naer.edu.tw/	shi cha	1513	UK,US	视察	true	true	true
discipline	训练	訓練	640	https://terms.naer.edu.tw/	xun lian	18467	UK,US	训练	true	true	true
training	训练	訓練	2580	https://terms.naer.edu.tw/	xun lian	18467	UK,US	训练	true	true	true
instructor	讲师	講師	1212	https://terms.naer.edu.tw/	jiang shi	2337	UK,US	讲师	true	true	true
lecturer	讲师	講師	1339	https://terms.naer.edu.tw/	jiang shi	2337	UK,US	讲师	true	true	true
certificate	证书	證書	300	https://terms.naer.edu.tw/	zheng shu	2671	US	证书	true	true	true
certificate	证明书	證明書	300	https://terms.naer.edu.tw/	zheng ming shu	198	US	证明书	true	true	true
diagnosis	诊断	診斷	614	https://terms.naer.edu.tw/	zhen duan	2303	UK,US	诊断	true	true	true
probation	试用	試用	1892	https://terms.naer.edu.tw/	shi yong	928	UK,US	试用	true	true	true
language	语言	語言	1293	https://terms.naer.edu.tw/	yu yan	21519	UK,US	语言	true	true	true
curriculum	课程	課程	549	https://terms.naer.edu.tw/	ke cheng	8971	UK,US	课程	true	true	true
adjustment	调整	調整	65	https://terms.naer.edu.tw/	tiao zheng	13872	UK,US	调整	true	true	true
pension	退休金	退休金	1763	https://terms.naer.edu.tw/	tui xiu jin	267	US	退休金	true	true	true
adaptation	适应	適應	62	https://terms.naer.edu.tw/	shi ying	7998	UK,US	适应	true	true	true
logic	逻辑	邏輯	1368	https://terms.naer.edu.tw/	luo ji	7186	UK,US	逻辑	true	true	true
morality	道德	道德	1525	https://terms.naer.edu.tw/	dao de	5634	UK,US	道德	true	true	true
heredity	遗传	遺傳	1061	https://terms.naer.edu.tw/	yi chuan	2695	UK,US	遗传	true	true	true
inheritance	遗传	遺傳	1188	https://terms.naer.edu.tw/	yi chuan	2695	UK,US	遗传	false	true	true
illusion	错觉	錯覺	1122	https://terms.naer.edu.tw/	cuo jue	2276	UK,US	错觉	true	true	true
prefect	长官	長官	1856	https://terms.naer.edu.tw/	zhang guan	4862	UK,US	长官	false	true	true
questionnaire	问卷	問卷	1984	https://terms.naer.edu.tw/	wen juan	626	UK,US	问卷	true	true	true
dean	院长	院長	576	https://terms.naer.edu.tw/	yuan zhang	9748	UK,US	院长	true	true	true
rector	院长	院長	2035	https://terms.naer.edu.tw/	yuan zhang	9748	UK,US	院长	true	true	true
segregation	隔离	隔離	2277	https://terms.naer.edu.tw/	ge li	7366	UK,US	隔离	true	true	true
adviser	顾问	顧問	80	https://terms.naer.edu.tw/	gu wen	7776	UK,US	顾问	true	true	true
