必修	compulsory	adj.	CC-CEDICT CC BY-SA 4.0
惨重	disastrous	adj.	CC-CEDICT CC BY-SA 4.0
推导	derivation	n.	CC-CEDICT CC BY-SA 4.0
乡间	rural	adj.	CC-CEDICT CC BY-SA 4.0
在先	prior	adj.	CC-CEDICT CC BY-SA 4.0
粗心	thoughtless	adj.	CC-CEDICT CC BY-SA 4.0
投掷	hurl	v.	CC-CEDICT CC BY-SA 4.0
动摇	rattle	v.	CC-CEDICT CC BY-SA 4.0
害人	victimize	v.	CC-CEDICT CC BY-SA 4.0
拥挤	throng	v.	CC-CEDICT CC BY-SA 4.0
地毯	rug	n.	CC-CEDICT CC BY-SA 4.0
闭塞	inaccessible	adj.	CC-CEDICT CC BY-SA 4.0
挑剔	fussy	adj.	CC-CEDICT CC BY-SA 4.0
坦白	forthcoming	adj.	CC-CEDICT CC BY-SA 4.0
剥削	exploitation	n.	CC-CEDICT CC BY-SA 4.0
重重	heavily	adv.	CC-CEDICT CC BY-SA 4.0
发愁	fret	v.	CC-CEDICT CC BY-SA 4.0
防范	preventive	adj.	CC-CEDICT CC BY-SA 4.0
放射性	radioactive	adj.	CC-CEDICT CC BY-SA 4.0
一旁	aside	adv.	CC-CEDICT CC BY-SA 4.0
上边	upwards	adv.	CC-CEDICT CC BY-SA 4.0
金发	blond	adj.	CC-CEDICT CC BY-SA 4.0
汗水	perspiration	n.	CC-CEDICT CC BY-SA 4.0
光电	photoelectric	adj.	CC-CEDICT CC BY-SA 4.0
交错	intertwine	v.	CC-CEDICT CC BY-SA 4.0
立方体	cubic	adj.	CC-CEDICT CC BY-SA 4.0
伸缩	adjustable	adj.	CC-CEDICT CC BY-SA 4.0
适度	moderately	adv.	CC-CEDICT CC BY-SA 4.0
怡人	delightful	adj.	CC-CEDICT CC BY-SA 4.0
写法	spelling	n.	CC-CEDICT CC BY-SA 4.0
实证	empirical	adj.	CC-CEDICT CC BY-SA 4.0
定性	qualitative	adj.	CC-CEDICT CC BY-SA 4.0
动乱	unrest	n.	CC-CEDICT CC BY-SA 4.0
本分	dutiful	adj.	CC-CEDICT CC BY-SA 4.0
寒心	disillusioned	adj.	CC-CEDICT CC BY-SA 4.0
无谓	pointless	adj.	CC-CEDICT CC BY-SA 4.0
柔顺	yielding	adj.	CC-CEDICT CC BY-SA 4.0
分立	discrete	adj.	CC-CEDICT CC BY-SA 4.0
倒台	downfall	n.	CC-CEDICT CC BY-SA 4.0
附庸	dependent	n.	CC-CEDICT CC BY-SA 4.0
并肩	alongside	adv.	CC-CEDICT CC BY-SA 4.0
碟子	saucer	n.	CC-CEDICT CC BY-SA 4.0
沉寂	stillness	n.	CC-CEDICT CC BY-SA 4.0
压扁	squash	v.	CC-CEDICT CC BY-SA 4.0
绝种	extinction	n.	CC-CEDICT CC BY-SA 4.0
势头	impetus	n.	CC-CEDICT CC BY-SA 4.0
出人意料	surprising	adj.	CC-CEDICT CC BY-SA 4.0
技术性	technical	adj.	CC-CEDICT CC BY-SA 4.0
臭名昭著	infamous	adj.	CC-CEDICT CC BY-SA 4.0
说得过去	justifiable	adj.	CC-CEDICT CC BY-SA 4.0
宰客	overcharge	v.	CC-CEDICT CC BY-SA 4.0
破土	plough	v.	CC-CEDICT CC BY-SA 4.0
急迫	imperative	adj.	CC-CEDICT CC BY-SA 4.0
海产	marine	adj.	CC-CEDICT CC BY-SA 4.0
遗传性	genetic	adj.	CC-CEDICT CC BY-SA 4.0
感叹词	exclamation	n.	CC-CEDICT CC BY-SA 4.0
扣人心弦	exciting	adj.	CC-CEDICT CC BY-SA 4.0
烦扰	vex	v.	CC-CEDICT CC BY-SA 4.0
开罪	displease	v.	CC-CEDICT CC BY-SA 4.0
众口一词	unanimous	adj.	CC-CEDICT CC BY-SA 4.0
适销	saleable	adj.	CC-CEDICT CC BY-SA 4.0
错综	tangled	adj.	CC-CEDICT CC BY-SA 4.0
妥帖	satisfactorily	adv.	CC-CEDICT CC BY-SA 4.0
扶摇直上	skyrocket	v.	CC-CEDICT CC BY-SA 4.0
装运	shipment	n.	CC-CEDICT CC BY-SA 4.0
三下五除二	efficiently	adv.	CC-CEDICT CC BY-SA 4.0
