环境	ambient	n.	CC-CEDICT CC BY-SA 4.0
共同	collaborative	adj.	CC-CEDICT CC BY-SA 4.0
关于	concerning	prep.	CC-CEDICT CC BY-SA 4.0
联邦	federal	adj.	CC-CEDICT CC BY-SA 4.0
相当	considerably	adv.	CC-CEDICT CC BY-SA 4.0
每个人	everybody	pron.	CC-CEDICT CC BY-SA 4.0
调整	revision	n.	CC-CEDICT CC BY-SA 4.0
校长	headmaster	n.	CC-CEDICT CC BY-SA 4.0
前面	preceding	adj.	CC-CEDICT CC BY-SA 4.0
连续	consecutive	adj.	CC-CEDICT CC BY-SA 4.0
连续	serial	adj.	CC-CEDICT CC BY-SA 4.0
实习	internship	n.	CC-CEDICT CC BY-SA 4.0
丰富	enrich	v.	CC-CEDICT CC BY-SA 4.0
累计	cumulative	adj.	CC-CEDICT CC BY-SA 4.0
之下	beneath	prep.	CC-CEDICT CC BY-SA 4.0
荣誉	honorary	adj.	CC-CEDICT CC BY-SA 4.0
普遍	widespread	adj.	CC-CEDICT CC BY-SA 4.0
互动	interactive	adj.	CC-CEDICT CC BY-SA 4.0
阿拉伯	arabian	adj.	CC-CEDICT CC BY-SA 4.0
移民	immigrate	v.	CC-CEDICT CC BY-SA 4.0
购物	shopping	n.	CC-CEDICT CC BY-SA 4.0
下个	subsequent	adj.	CC-CEDICT CC BY-SA 4.0
立马	promptly	adv.	CC-CEDICT CC BY-SA 4.0
会计	accountancy	n.	CC-CEDICT CC BY-SA 4.0
愤怒	wrath	n.	CC-CEDICT CC BY-SA 4.0
可见	visible	adj.	CC-CEDICT CC BY-SA 4.0
一时	momentary	adj.	CC-CEDICT CC BY-SA 4.0
衬衫	blouse	n.	CC-CEDICT CC BY-SA 4.0
电信	telecommunications	n.	CC-CEDICT CC BY-SA 4.0
手套	mitten	n.	CC-CEDICT CC BY-SA 4.0
原子	atomic	adj.	CC-CEDICT CC BY-SA 4.0
虚构	fabrication	n.	CC-CEDICT CC BY-SA 4.0
震惊	astonish	v.	CC-CEDICT CC BY-SA 4.0
惊讶	astonishment	n.	CC-CEDICT CC BY-SA 4.0
货币	monetary	adj.	CC-CEDICT CC BY-SA 4.0
初步	tentative	adj.	CC-CEDICT CC BY-SA 4.0
有理	justified	adj.	CC-CEDICT CC BY-SA 4.0
困扰	perplex	v.	CC-CEDICT CC BY-SA 4.0
偶然	randomly	adv.	CC-CEDICT CC BY-SA 4.0
包容	inclusive	adj.	CC-CEDICT CC BY-SA 4.0
邮政	postal	adj.	CC-CEDICT CC BY-SA 4.0
殖民	colonial	adj.	CC-CEDICT CC BY-SA 4.0
预备	preparatory	adj.	CC-CEDICT CC BY-SA 4.0
外围	surrounding	adj.	CC-CEDICT CC BY-SA 4.0
阳性	masculine	adj.	CC-CEDICT CC BY-SA 4.0
降级	relegate	v.	CC-CEDICT CC BY-SA 4.0
饥饿	starvation	n.	CC-CEDICT CC BY-SA 4.0
敏感	susceptible	adj.	CC-CEDICT CC BY-SA 4.0
订阅	subscription	n.	CC-CEDICT CC BY-SA 4.0
解析	analytic	adj.	CC-CEDICT CC BY-SA 4.0
幼年	infancy	n.	CC-CEDICT CC BY-SA 4.0
自动化	automate	v.	CC-CEDICT CC BY-SA 4.0
无能	incompetence	n.	CC-CEDICT CC BY-SA 4.0
伤者	casualty	n.	CC-CEDICT CC BY-SA 4.0
电报	telegraph	n.	CC-CEDICT CC BY-SA 4.0
特权	privileged	adj.	CC-CEDICT CC BY-SA 4.0
削弱	cripple	v.	CC-CEDICT CC BY-SA 4.0
可人	agreeable	adj.	CC-CEDICT CC BY-SA 4.0
