artificial intelligence	64	CJK computer science terms CC BY-SA 4.0
authentication	64	CJK computer science terms CC BY-SA 4.0
backend	64	CJK computer science terms CC BY-SA 4.0
bandwidth	64	CJK computer science terms CC BY-SA 4.0
boss	64	CJK computer science terms CC BY-SA 4.0
bug	64	CJK computer science terms CC BY-SA 4.0
channel	64	CJK computer science terms CC BY-SA 4.0
character set	64	CJK computer science terms CC BY-SA 4.0
cipher	64	CJK computer science terms CC BY-SA 4.0
commit	64	CJK computer science terms CC BY-SA 4.0
computer engineering	64	CJK computer science terms CC BY-SA 4.0
computer science	64	CJK computer science terms CC BY-SA 4.0
computer security	64	CJK computer science terms CC BY-SA 4.0
database	64	CJK computer science terms CC BY-SA 4.0
dataset	64	CJK computer science terms CC BY-SA 4.0
deep learning	64	CJK computer science terms CC BY-SA 4.0
design pattern	64	CJK computer science terms CC BY-SA 4.0
file system	64	CJK computer science terms CC BY-SA 4.0
firewall	64	CJK computer science terms CC BY-SA 4.0
firmware	64	CJK computer science terms CC BY-SA 4.0
flowchart	64	CJK computer science terms CC BY-SA 4.0
frame rate	64	CJK computer science terms CC BY-SA 4.0
free software	64	CJK computer science terms CC BY-SA 4.0
game engine	64	CJK computer science terms CC BY-SA 4.0
graph	64	CJK computer science terms CC BY-SA 4.0
hardware	64	CJK computer science terms CC BY-SA 4.0
heap	64	CJK computer science terms CC BY-SA 4.0
infinite loop	64	CJK computer science terms CC BY-SA 4.0
instruction set	64	CJK computer science terms CC BY-SA 4.0
iteration	64	CJK computer science terms CC BY-SA 4.0
latency	64	CJK computer science terms CC BY-SA 4.0
level	64	CJK computer science terms CC BY-SA 4.0
lock	64	CJK computer science terms CC BY-SA 4.0
machine learning	64	CJK computer science terms CC BY-SA 4.0
network	64	CJK computer science terms CC BY-SA 4.0
neural network	64	CJK computer science terms CC BY-SA 4.0
notification	64	CJK computer science terms CC BY-SA 4.0
packet	64	CJK computer science terms CC BY-SA 4.0
pipeline	64	CJK computer science terms CC BY-SA 4.0
primary key	64	CJK computer science terms CC BY-SA 4.0
rendering	64	CJK computer science terms CC BY-SA 4.0
repository	64	CJK computer science terms CC BY-SA 4.0
schema	64	CJK computer science terms CC BY-SA 4.0
searching	64	CJK computer science terms CC BY-SA 4.0
session	64	CJK computer science terms CC BY-SA 4.0
set	64	CJK computer science terms CC BY-SA 4.0
smartphone	64	CJK computer science terms CC BY-SA 4.0
software	64	CJK computer science terms CC BY-SA 4.0
software engineering	64	CJK computer science terms CC BY-SA 4.0
sprite	64	CJK computer science terms CC BY-SA 4.0
stack	64	CJK computer science terms CC BY-SA 4.0
table	64	CJK computer science terms CC BY-SA 4.0
time complexity	64	CJK computer science terms CC BY-SA 4.0
training	64	CJK computer science terms CC BY-SA 4.0
transaction	64	CJK computer science terms CC BY-SA 4.0
tree	64	CJK computer science terms CC BY-SA 4.0
typeface	64	CJK computer science terms CC BY-SA 4.0
user interface	64	CJK computer science terms CC BY-SA 4.0
waveform	64	CJK computer science terms CC BY-SA 4.0
widget	64	CJK computer science terms CC BY-SA 4.0
word	64	CJK computer science terms CC BY-SA 4.0
