事务	transaction	n.	CJK computer science terms CC BY-SA 4.0
仓库	repository	n.	CJK computer science terms CC BY-SA 4.0
会话	session	n.	CJK computer science terms CC BY-SA 4.0
关卡	level	n.	CJK computer science terms CC BY-SA 4.0
图	graph	n.	CJK computer science terms CC BY-SA 4.0
堆	heap	n.	CJK computer science terms CC BY-SA 4.0
声道	channel	n.	CJK computer science terms CC BY-SA 4.0
头目	boss	n.	CJK computer science terms CC BY-SA 4.0
字体	typeface	n.	CJK computer science terms CC BY-SA 4.0
密码	cipher	n.	CJK computer science terms CC BY-SA 4.0
延迟	latency	n.	CJK computer science terms CC BY-SA 4.0
控件	widget	n.	CJK computer science terms CC BY-SA 4.0
提交	commit	v.	CJK computer science terms CC BY-SA 4.0
搜索	searching	n.	CJK computer science terms CC BY-SA 4.0
数据包	packet	n.	CJK computer science terms CC BY-SA 4.0
栈	stack	n.	CJK computer science terms CC BY-SA 4.0
模式	schema	n.	CJK computer science terms CC BY-SA 4.0
流水线	pipeline	n.	CJK computer science terms CC BY-SA 4.0
渲染	rendering	n.	CJK computer science terms CC BY-SA 4.0
漏洞	bug	n.	CJK computer science terms CC BY-SA 4.0
精灵	sprite	n.	CJK computer science terms CC BY-SA 4.0
认证	authentication	n.	CJK computer science terms CC BY-SA 4.0
训练	training	n.	CJK computer science terms CC BY-SA 4.0
迭代	iteration	n.	CJK computer science terms CC BY-SA 4.0
通知	notification	n.	CJK computer science terms CC BY-SA 4.0
错误	bug	n.	CJK computer science terms CC BY-SA 4.0
