一些	dollop	n.	Chinese Open Wordnet
不可知论	skepticism	n.	Chinese Open Wordnet
不足	crunch	n.	Chinese Open Wordnet
不足	inadequacy	n.	Chinese Open Wordnet
不锈钢	stainless	n.	Chinese Open Wordnet
中毒	intoxication	n.	Chinese Open Wordnet
中风	apoplexy	n.	Chinese Open Wordnet
主持人	anchorman	n.	Chinese Open Wordnet
习惯于	acclimatise	v.	Chinese Open Wordnet
人类	homo	n.	Chinese Open Wordnet
人类	humans	n.	Chinese Open Wordnet
代表	deputation	n.	Chinese Open Wordnet
以后	hereafter	n.	Chinese Open Wordnet
任命	ordinate	v.	Chinese Open Wordnet
伺候	valet	v.	Chinese Open Wordnet
低估	understate	v.	Chinese Open Wordnet
体面	estimable	adj.	Chinese Open Wordnet
保护	auspices	n.	Chinese Open Wordnet
修复	bushel	v.	Chinese Open Wordnet
修饰	embellishment	n.	Chinese Open Wordnet
候选人	nominee	n.	Chinese Open Wordnet
催眠	mesmerise	v.	Chinese Open Wordnet
免除	impunity	n.	Chinese Open Wordnet
公升	litre	n.	Chinese Open Wordnet
公斤	kilo	n.	Chinese Open Wordnet
公认	legalise	v.	Chinese Open Wordnet
公认	legitimize	v.	Chinese Open Wordnet
准备	preparedness	n.	Chinese Open Wordnet
减压	decompression	n.	Chinese Open Wordnet
分层	stratification	n.	Chinese Open Wordnet
分离	disassociate	v.	Chinese Open Wordnet
分离	disunite	v.	Chinese Open Wordnet
创始人	innovator	n.	Chinese Open Wordnet
动物	fauna	n.	Chinese Open Wordnet
包裹	sheaf	n.	Chinese Open Wordnet
协会	brotherhood	n.	Chinese Open Wordnet
压缩	condensation	n.	Chinese Open Wordnet
同步	synchronization	n.	Chinese Open Wordnet
吼叫	honk	v.	Chinese Open Wordnet
和谐	harmonise	v.	Chinese Open Wordnet
复印	xerox	v.	Chinese Open Wordnet
复活	revitalization	n.	Chinese Open Wordnet
外星人	extraterrestrial	n.	Chinese Open Wordnet
夜店	cabaret	n.	Chinese Open Wordnet
失调	instability	n.	Chinese Open Wordnet
头巾	bandanna	n.	Chinese Open Wordnet
头巾	cowl	n.	Chinese Open Wordnet
头饰	headdress	n.	Chinese Open Wordnet
孢子囊	sac	n.	Chinese Open Wordnet
定位	placement	n.	Chinese Open Wordnet
宝石	gemstone	n.	Chinese Open Wordnet
容易	facilitation	n.	Chinese Open Wordnet
居民	occupant	n.	Chinese Open Wordnet
干燥	dehydration	n.	Chinese Open Wordnet
平静	tranquillity	n.	Chinese Open Wordnet
广告	broadside	n.	Chinese Open Wordnet
废气	fumes	n.	Chinese Open Wordnet
废话	frill	n.	Chinese Open Wordnet
度量	metric	n.	Chinese Open Wordnet
延迟	holdup	n.	Chinese Open Wordnet
徒弟	learner	n.	Chinese Open Wordnet
恐怖	consternation	n.	Chinese Open Wordnet
惩罚	requital	n.	Chinese Open Wordnet
懒惰	inactivity	n.	Chinese Open Wordnet
扭曲	kink	n.	Chinese Open Wordnet
抛售	undercut	v.	Chinese Open Wordnet
招待所	boardinghouse	n.	Chinese Open Wordnet
拟人	anthropomorphism	n.	Chinese Open Wordnet
拥抱	clinch	n.	Chinese Open Wordnet
排外	xenophobia	n.	Chinese Open Wordnet
推迟	prorogue	v.	Chinese Open Wordnet
掺杂	adulteration	n.	Chinese Open Wordnet
描绘	characterise	v.	Chinese Open Wordnet
摇摆	vacillation	n.	Chinese Open Wordnet
收入	proceeds	n.	Chinese Open Wordnet
收藏品	collectible	n.	Chinese Open Wordnet
放心	serenity	n.	Chinese Open Wordnet
新生	fresher	n.	Chinese Open Wordnet
晕船	seasickness	n.	Chinese Open Wordnet
有关	interrelate	v.	Chinese Open Wordnet
望远镜	binoculars	n.	Chinese Open Wordnet
枉然	ineffectual	adj.	Chinese Open Wordnet
栏杆	banister	n.	Chinese Open Wordnet
树干	bough	n.	Chinese Open Wordnet
校友	alumna	n.	Chinese Open Wordnet
核黄素	flavin	n.	Chinese Open Wordnet
根据	according	adj.	Chinese Open Wordnet
检查	censorship	n.	Chinese Open Wordnet
植物	flora	n.	Chinese Open Wordnet
概括	potted	adj.	Chinese Open Wordnet
模拟	analogue	n.	Chinese Open Wordnet
正宗	unquestionable	adj.	Chinese Open Wordnet
歧视	favouritism	n.	Chinese Open Wordnet
死亡	croak	v.	Chinese Open Wordnet
水桶	pail	n.	Chinese Open Wordnet
永远	infinity	n.	Chinese Open Wordnet
治疗	therapeutic	n.	Chinese Open Wordnet
注意	forethought	n.	Chinese Open Wordnet
流血	hemorrhage	v.	Chinese Open Wordnet
海水	saltwater	n.	Chinese Open Wordnet
润滑	lubrication	n.	Chinese Open Wordnet
混乱	anarchy	n.	Chinese Open Wordnet
混淆	befuddle	v.	Chinese Open Wordnet
游荡	loll	v.	Chinese Open Wordnet
滑雪	skiing	n.	Chinese Open Wordnet
潜力	potentiality	n.	Chinese Open Wordnet
熔融	meltdown	n.	Chinese Open Wordnet
牛栏	corral	n.	Chinese Open Wordnet
狂欢	debauch	n.	Chinese Open Wordnet
猎犬	bloodhound	n.	Chinese Open Wordnet
玄妙	surreal	adj.	Chinese Open Wordnet
玩笑	teasing	n.	Chinese Open Wordnet
现代化	modernise	v.	Chinese Open Wordnet
玻璃纤维	fibreglass	n.	Chinese Open Wordnet
生活区	ghetto	n.	Chinese Open Wordnet
电表	ammeter	n.	Chinese Open Wordnet
相关	interdependence	n.	Chinese Open Wordnet
确认	verification	n.	Chinese Open Wordnet
磁盘	floppy	n.	Chinese Open Wordnet
礼帽	bowler	n.	Chinese Open Wordnet
离心机	extractor	n.	Chinese Open Wordnet
秘密	enigma	n.	Chinese Open Wordnet
立足点	toehold	n.	Chinese Open Wordnet
第三	tertiary	adj.	Chinese Open Wordnet
筋斗	somerset	n.	Chinese Open Wordnet
篱笆	hedgerow	n.	Chinese Open Wordnet
粉碎	compaction	n.	Chinese Open Wordnet
组织	orchestrate	v.	Chinese Open Wordnet
结合	cohesiveness	n.	Chinese Open Wordnet
缺乏	penury	n.	Chinese Open Wordnet
羽毛	plumage	n.	Chinese Open Wordnet
肚子	breadbasket	n.	Chinese Open Wordnet
肥沃	fecundity	n.	Chinese Open Wordnet
背包	haversack	n.	Chinese Open Wordnet
背包	rucksack	n.	Chinese Open Wordnet
背叛	apostasy	n.	Chinese Open Wordnet
脑袋	caput	n.	Chinese Open Wordnet
腐败	putrefy	v.	Chinese Open Wordnet
腹肌	abdominal	n.	Chinese Open Wordnet
膝盖	genu	n.	Chinese Open Wordnet
自相残杀	cannibalism	n.	Chinese Open Wordnet
花环	festoon	n.	Chinese Open Wordnet
蒸发	vaporization	n.	Chinese Open Wordnet
虚无	naught	n.	Chinese Open Wordnet
虚无	nil	n.	Chinese Open Wordnet
虚无	null	n.	Chinese Open Wordnet
蜉蝣	ephemeral	n.	Chinese Open Wordnet
行乞	panhandle	v.	Chinese Open Wordnet
补偿	damages	n.	Chinese Open Wordnet
计算	computation	n.	Chinese Open Wordnet
讲台	pulpit	n.	Chinese Open Wordnet
设备	paraphernalia	n.	Chinese Open Wordnet
详述	elaboration	n.	Chinese Open Wordnet
诽谤	aspersion	n.	Chinese Open Wordnet
调整	reconstitute	v.	Chinese Open Wordnet
谴责	condemnation	n.	Chinese Open Wordnet
贝壳	seashell	n.	Chinese Open Wordnet
资力	solvency	n.	Chinese Open Wordnet
赠品	freebie	n.	Chinese Open Wordnet
踊跃	torrid	adj.	Chinese Open Wordnet
运输	conveyance	n.	Chinese Open Wordnet
进入	entree	n.	Chinese Open Wordnet
适当	applicability	n.	Chinese Open Wordnet
逃跑	scat	v.	Chinese Open Wordnet
邋遢	scruffy	adj.	Chinese Open Wordnet
邋遢	seedy	adj.	Chinese Open Wordnet
酒精饮料	intoxicant	n.	Chinese Open Wordnet
镶边	facing	n.	Chinese Open Wordnet
门铃	buzzer	n.	Chinese Open Wordnet
闪光灯	flashbulb	n.	Chinese Open Wordnet
闪烁	spangle	v.	Chinese Open Wordnet
阴谋	cabal	n.	Chinese Open Wordnet
降低	diminution	n.	Chinese Open Wordnet
降低	drop-off	n.	Chinese Open Wordnet
隶属	subordination	n.	Chinese Open Wordnet
集合	convoke	v.	Chinese Open Wordnet
鞋子	footwear	n.	Chinese Open Wordnet
页岩	schist	n.	Chinese Open Wordnet
顶点	superlative	n.	Chinese Open Wordnet
马上	horseback	adv.	Chinese Open Wordnet
驳船	flatboat	n.	Chinese Open Wordnet
鲜美	luscious	adj.	Chinese Open Wordnet
鹅卵石	shingle	n.	Chinese Open Wordnet
麋鹿	moose	n.	Chinese Open Wordnet
