健康	health	n.	NAER Medical Academic Terms OGDL v1.0
内脏	viscera	n.	NAER Medical Academic Terms OGDL v1.0
再生	regeneration	n.	NAER Medical Academic Terms OGDL v1.0
冬眠	hibernation	n.	NAER Medical Academic Terms OGDL v1.0
出血	hemorrhage	n.	NAER Medical Academic Terms OGDL v1.0
创伤	wound	n.	NAER Medical Academic Terms OGDL v1.0
吸收	absorption	n.	NAER Medical Academic Terms OGDL v1.0
呕吐	vomiting	n.	NAER Medical Academic Terms OGDL v1.0
呼吸	breathing	n.	NAER Medical Academic Terms OGDL v1.0
复发	relapse	n.	NAER Medical Academic Terms OGDL v1.0
失明	blindness	n.	NAER Medical Academic Terms OGDL v1.0
怀孕	pregnancy	n.	NAER Medical Academic Terms OGDL v1.0
感冒	cold	n.	NAER Medical Academic Terms OGDL v1.0
抽烟	smoking	n.	NAER Medical Academic Terms OGDL v1.0
指甲	nail	n.	NAER Medical Academic Terms OGDL v1.0
杀虫剂	pesticide	n.	NAER Medical Academic Terms OGDL v1.0
死亡	death	n.	NAER Medical Academic Terms OGDL v1.0
治疗	therapy	n.	NAER Medical Academic Terms OGDL v1.0
治疗	treatment	n.	NAER Medical Academic Terms OGDL v1.0
注意	attention	n.	NAER Medical Academic Terms OGDL v1.0
焦虑	anxiety	n.	NAER Medical Academic Terms OGDL v1.0
生长	growth	n.	NAER Medical Academic Terms OGDL v1.0
看护	nursing	n.	NAER Medical Academic Terms OGDL v1.0
石炭酸	phenol	n.	NAER Medical Academic Terms OGDL v1.0
破裂	rupture	n.	NAER Medical Academic Terms OGDL v1.0
硬化	sclerosis	n.	NAER Medical Academic Terms OGDL v1.0
移植	transplantation	n.	NAER Medical Academic Terms OGDL v1.0
突变	mutation	n.	NAER Medical Academic Terms OGDL v1.0
组织	tissue	n.	NAER Medical Academic Terms OGDL v1.0
耳垢	cerumen	n.	NAER Medical Academic Terms OGDL v1.0
脱水	dehydration	n.	NAER Medical Academic Terms OGDL v1.0
视力	vision	n.	NAER Medical Academic Terms OGDL v1.0
跗骨	tarsus	n.	NAER Medical Academic Terms OGDL v1.0
运动	movement	n.	NAER Medical Academic Terms OGDL v1.0
镊子	forceps	n.	NAER Medical Academic Terms OGDL v1.0
门牙	incisor	n.	NAER Medical Academic Terms OGDL v1.0
阉割	castration	n.	NAER Medical Academic Terms OGDL v1.0
