一致	congruence	n.	NAER Psychology Terminology OGDL v1.0
人道主义	humanism	n.	NAER Psychology Terminology OGDL v1.0
介入	intervention	n.	NAER Psychology Terminology OGDL v1.0
仪式	ritual	n.	NAER Psychology Terminology OGDL v1.0
保持	retention	n.	NAER Psychology Terminology OGDL v1.0
保留	retention	n.	NAER Psychology Terminology OGDL v1.0
催眠术	mesmerism	n.	NAER Psychology Terminology OGDL v1.0
僵局	impasse	n.	NAER Psychology Terminology OGDL v1.0
公平	justice	n.	NAER Psychology Terminology OGDL v1.0
再现	reproduction	n.	NAER Psychology Terminology OGDL v1.0
分离	dissociation	n.	NAER Psychology Terminology OGDL v1.0
判断	judgement	n.	NAER Psychology Terminology OGDL v1.0
压力	stress	n.	NAER Psychology Terminology OGDL v1.0
变换	transformation	n.	NAER Psychology Terminology OGDL v1.0
同情	sympathy	n.	NAER Psychology Terminology OGDL v1.0
同意	consent	n.	NAER Psychology Terminology OGDL v1.0
和谐	congruence	n.	NAER Psychology Terminology OGDL v1.0
咨询	consultation	n.	NAER Psychology Terminology OGDL v1.0
哀悼	mourning	n.	NAER Psychology Terminology OGDL v1.0
善行	beneficence	n.	NAER Psychology Terminology OGDL v1.0
复制	reproduction	n.	NAER Psychology Terminology OGDL v1.0
复原	recovery	n.	NAER Psychology Terminology OGDL v1.0
妒忌	jealousy	n.	NAER Psychology Terminology OGDL v1.0
存在	being	n.	NAER Psychology Terminology OGDL v1.0
孤立	isolation	n.	NAER Psychology Terminology OGDL v1.0
学习	learning	n.	NAER Psychology Terminology OGDL v1.0
宣传	propaganda	n.	NAER Psychology Terminology OGDL v1.0
容忍	tolerance	n.	NAER Psychology Terminology OGDL v1.0
寂寞	loneliness	n.	NAER Psychology Terminology OGDL v1.0
对比	contrast	n.	NAER Psychology Terminology OGDL v1.0
少数民族	minority	n.	NAER Psychology Terminology OGDL v1.0
尿床	enuresis	n.	NAER Psychology Terminology OGDL v1.0
平均数	mean	n.	NAER Psychology Terminology OGDL v1.0
归因	attribution	n.	NAER Psychology Terminology OGDL v1.0
忠诚	loyalty	n.	NAER Psychology Terminology OGDL v1.0
忽略	neglect	n.	NAER Psychology Terminology OGDL v1.0
悲伤	sadness	n.	NAER Psychology Terminology OGDL v1.0
悲观	pessimism	n.	NAER Psychology Terminology OGDL v1.0
情感	affection	n.	NAER Psychology Terminology OGDL v1.0
惩罚	punishment	n.	NAER Psychology Terminology OGDL v1.0
抑制	inhibition	n.	NAER Psychology Terminology OGDL v1.0
折射	refraction	n.	NAER Psychology Terminology OGDL v1.0
指导	guidance	n.	NAER Psychology Terminology OGDL v1.0
损伤	impairment	n.	NAER Psychology Terminology OGDL v1.0
损害	impairment	n.	NAER Psychology Terminology OGDL v1.0
排斥	ostracism	n.	NAER Psychology Terminology OGDL v1.0
接纳	acceptance	n.	NAER Psychology Terminology OGDL v1.0
放大	amplification	n.	NAER Psychology Terminology OGDL v1.0
放逐	ostracism	n.	NAER Psychology Terminology OGDL v1.0
期望	expectancy	n.	NAER Psychology Terminology OGDL v1.0
欺骗	deception	n.	NAER Psychology Terminology OGDL v1.0
沮丧	depression	n.	NAER Psychology Terminology OGDL v1.0
混淆	confusion	n.	NAER Psychology Terminology OGDL v1.0
温暖	warmth	n.	NAER Psychology Terminology OGDL v1.0
烙印	stigma	n.	NAER Psychology Terminology OGDL v1.0
犯罪	criminality	n.	NAER Psychology Terminology OGDL v1.0
理解	comprehension	n.	NAER Psychology Terminology OGDL v1.0
痛苦	distress	n.	NAER Psychology Terminology OGDL v1.0
相关	correlation	n.	NAER Psychology Terminology OGDL v1.0
真诚	genuineness	n.	NAER Psychology Terminology OGDL v1.0
磋商	negotiation	n.	NAER Psychology Terminology OGDL v1.0
禁欲	abstinence	n.	NAER Psychology Terminology OGDL v1.0
移动	locomotion	n.	NAER Psychology Terminology OGDL v1.0
精神	psyche	n.	NAER Psychology Terminology OGDL v1.0
羞怯	shyness	n.	NAER Psychology Terminology OGDL v1.0
群众	crowd	n.	NAER Psychology Terminology OGDL v1.0
节食	dieting	n.	NAER Psychology Terminology OGDL v1.0
行动	act	n.	NAER Psychology Terminology OGDL v1.0
衰退	deterioration	n.	NAER Psychology Terminology OGDL v1.0
解构	deconstruction	n.	NAER Psychology Terminology OGDL v1.0
解释	interpretation	n.	NAER Psychology Terminology OGDL v1.0
警戒	vigilance	n.	NAER Psychology Terminology OGDL v1.0
认同	identification	n.	NAER Psychology Terminology OGDL v1.0
论证	argument	n.	NAER Psychology Terminology OGDL v1.0
评估	evaluation	n.	NAER Psychology Terminology OGDL v1.0
误解	misconception	n.	NAER Psychology Terminology OGDL v1.0
说话	speech	n.	NAER Psychology Terminology OGDL v1.0
调停	mediation	n.	NAER Psychology Terminology OGDL v1.0
贬抑	abasement	n.	NAER Psychology Terminology OGDL v1.0
超越	transcendence	n.	NAER Psychology Terminology OGDL v1.0
转换	transition	n.	NAER Psychology Terminology OGDL v1.0
迁移	transfer	n.	NAER Psychology Terminology OGDL v1.0
逃避	avoidance	n.	NAER Psychology Terminology OGDL v1.0
道德	moral	n.	NAER Psychology Terminology OGDL v1.0
镇静剂	depressant	n.	NAER Psychology Terminology OGDL v1.0
镇静剂	tranquillizer	n.	NAER Psychology Terminology OGDL v1.0
雇用	employment	n.	NAER Psychology Terminology OGDL v1.0
顺从	compliance	n.	NAER Psychology Terminology OGDL v1.0
预期	expectancy	n.	NAER Psychology Terminology OGDL v1.0
