accountant	128	NAER Accounting Academic Terms OGDL v1.0
adjustment	128	NAER Accounting Academic Terms OGDL v1.0
allotment	128	NAER Accounting Academic Terms OGDL v1.0
allowance	128	NAER Accounting Academic Terms OGDL v1.0
annuity	128	NAER Accounting Academic Terms OGDL v1.0
asset	128	NAER Accounting Academic Terms OGDL v1.0
assignment	128	NAER Accounting Academic Terms OGDL v1.0
audit	128	NAER Accounting Academic Terms OGDL v1.0
balance	128	NAER Accounting Academic Terms OGDL v1.0
basis	128	NAER Accounting Academic Terms OGDL v1.0
beneficiary	128	NAER Accounting Academic Terms OGDL v1.0
bequest	128	NAER Accounting Academic Terms OGDL v1.0
bill	128	NAER Accounting Academic Terms OGDL v1.0
bond	128	NAER Accounting Academic Terms OGDL v1.0
bonus	128	NAER Accounting Academic Terms OGDL v1.0
bookkeeping	128	NAER Accounting Academic Terms OGDL v1.0
budget	128	NAER Accounting Academic Terms OGDL v1.0
business	128	NAER Accounting Academic Terms OGDL v1.0
byproduct	128	NAER Accounting Academic Terms OGDL v1.0
capital	128	NAER Accounting Academic Terms OGDL v1.0
cash	128	NAER Accounting Academic Terms OGDL v1.0
cashier	128	NAER Accounting Academic Terms OGDL v1.0
chart	128	NAER Accounting Academic Terms OGDL v1.0
chattel	128	NAER Accounting Academic Terms OGDL v1.0
check	128	NAER Accounting Academic Terms OGDL v1.0
client	128	NAER Accounting Academic Terms OGDL v1.0
combination	128	NAER Accounting Academic Terms OGDL v1.0
commission	128	NAER Accounting Academic Terms OGDL v1.0
consolidation	128	NAER Accounting Academic Terms OGDL v1.0
convention	128	NAER Accounting Academic Terms OGDL v1.0
copyright	128	NAER Accounting Academic Terms OGDL v1.0
credit	128	NAER Accounting Academic Terms OGDL v1.0
creditor	128	NAER Accounting Academic Terms OGDL v1.0
cycle	128	NAER Accounting Academic Terms OGDL v1.0
debit	128	NAER Accounting Academic Terms OGDL v1.0
debt	128	NAER Accounting Academic Terms OGDL v1.0
debtor	128	NAER Accounting Academic Terms OGDL v1.0
default	128	NAER Accounting Academic Terms OGDL v1.0
delivery	128	NAER Accounting Academic Terms OGDL v1.0
deposit	128	NAER Accounting Academic Terms OGDL v1.0
depreciation	128	NAER Accounting Academic Terms OGDL v1.0
disbursement	128	NAER Accounting Academic Terms OGDL v1.0
discount	128	NAER Accounting Academic Terms OGDL v1.0
dissolution	128	NAER Accounting Academic Terms OGDL v1.0
distribution	128	NAER Accounting Academic Terms OGDL v1.0
dividend	128	NAER Accounting Academic Terms OGDL v1.0
draft	128	NAER Accounting Academic Terms OGDL v1.0
embezzlement	128	NAER Accounting Academic Terms OGDL v1.0
entrepreneur	128	NAER Accounting Academic Terms OGDL v1.0
equipment	128	NAER Accounting Academic Terms OGDL v1.0
error	128	NAER Accounting Academic Terms OGDL v1.0
estate	128	NAER Accounting Academic Terms OGDL v1.0
exchange	128	NAER Accounting Academic Terms OGDL v1.0
expense	128	NAER Accounting Academic Terms OGDL v1.0
firm	128	NAER Accounting Academic Terms OGDL v1.0
fuel	128	NAER Accounting Academic Terms OGDL v1.0
fund	128	NAER Accounting Academic Terms OGDL v1.0
goods	128	NAER Accounting Academic Terms OGDL v1.0
guarantor	128	NAER Accounting Academic Terms OGDL v1.0
income	128	NAER Accounting Academic Terms OGDL v1.0
indenture	128	NAER Accounting Academic Terms OGDL v1.0
inflation	128	NAER Accounting Academic Terms OGDL v1.0
interest	128	NAER Accounting Academic Terms OGDL v1.0
investment	128	NAER Accounting Academic Terms OGDL v1.0
invoice	128	NAER Accounting Academic Terms OGDL v1.0
item	128	NAER Accounting Academic Terms OGDL v1.0
job	128	NAER Accounting Academic Terms OGDL v1.0
liquidation	128	NAER Accounting Academic Terms OGDL v1.0
loss	128	NAER Accounting Academic Terms OGDL v1.0
margin	128	NAER Accounting Academic Terms OGDL v1.0
material	128	NAER Accounting Academic Terms OGDL v1.0
maturity	128	NAER Accounting Academic Terms OGDL v1.0
merchandise	128	NAER Accounting Academic Terms OGDL v1.0
money	128	NAER Accounting Academic Terms OGDL v1.0
mortgage	128	NAER Accounting Academic Terms OGDL v1.0
note	128	NAER Accounting Academic Terms OGDL v1.0
obligation	128	NAER Accounting Academic Terms OGDL v1.0
outgo	128	NAER Accounting Academic Terms OGDL v1.0
overdraft	128	NAER Accounting Academic Terms OGDL v1.0
ownership	128	NAER Accounting Academic Terms OGDL v1.0
partnership	128	NAER Accounting Academic Terms OGDL v1.0
patent	128	NAER Accounting Academic Terms OGDL v1.0
principal	128	NAER Accounting Academic Terms OGDL v1.0
principle	128	NAER Accounting Academic Terms OGDL v1.0
product	128	NAER Accounting Academic Terms OGDL v1.0
production	128	NAER Accounting Academic Terms OGDL v1.0
productivity	128	NAER Accounting Academic Terms OGDL v1.0
profit	128	NAER Accounting Academic Terms OGDL v1.0
project	128	NAER Accounting Academic Terms OGDL v1.0
property	128	NAER Accounting Academic Terms OGDL v1.0
provision	128	NAER Accounting Academic Terms OGDL v1.0
quotations	128	NAER Accounting Academic Terms OGDL v1.0
ratio	128	NAER Accounting Academic Terms OGDL v1.0
realization	128	NAER Accounting Academic Terms OGDL v1.0
rebate	128	NAER Accounting Academic Terms OGDL v1.0
receipt	128	NAER Accounting Academic Terms OGDL v1.0
redemption	128	NAER Accounting Academic Terms OGDL v1.0
remittance	128	NAER Accounting Academic Terms OGDL v1.0
rent	128	NAER Accounting Academic Terms OGDL v1.0
reorganization	128	NAER Accounting Academic Terms OGDL v1.0
repair	128	NAER Accounting Academic Terms OGDL v1.0
report	128	NAER Accounting Academic Terms OGDL v1.0
representation	128	NAER Accounting Academic Terms OGDL v1.0
reserve	128	NAER Accounting Academic Terms OGDL v1.0
responsibility	128	NAER Accounting Academic Terms OGDL v1.0
retirement	128	NAER Accounting Academic Terms OGDL v1.0
revenue	128	NAER Accounting Academic Terms OGDL v1.0
sample	128	NAER Accounting Academic Terms OGDL v1.0
specie	128	NAER Accounting Academic Terms OGDL v1.0
spoilage	128	NAER Accounting Academic Terms OGDL v1.0
standard	128	NAER Accounting Academic Terms OGDL v1.0
stock	128	NAER Accounting Academic Terms OGDL v1.0
stockholder	128	NAER Accounting Academic Terms OGDL v1.0
surplus	128	NAER Accounting Academic Terms OGDL v1.0
surtax	128	NAER Accounting Academic Terms OGDL v1.0
terms	128	NAER Accounting Academic Terms OGDL v1.0
title	128	NAER Accounting Academic Terms OGDL v1.0
total	128	NAER Accounting Academic Terms OGDL v1.0
transaction	128	NAER Accounting Academic Terms OGDL v1.0
transfer	128	NAER Accounting Academic Terms OGDL v1.0
transportation	128	NAER Accounting Academic Terms OGDL v1.0
treasurer	128	NAER Accounting Academic Terms OGDL v1.0
trustee	128	NAER Accounting Academic Terms OGDL v1.0
turnover	128	NAER Accounting Academic Terms OGDL v1.0
valuation	128	NAER Accounting Academic Terms OGDL v1.0
value	128	NAER Accounting Academic Terms OGDL v1.0
variable	128	NAER Accounting Academic Terms OGDL v1.0
vendee	128	NAER Accounting Academic Terms OGDL v1.0
vendor	128	NAER Accounting Academic Terms OGDL v1.0
voucher	128	NAER Accounting Academic Terms OGDL v1.0
wages	128	NAER Accounting Academic Terms OGDL v1.0
warranty	128	NAER Accounting Academic Terms OGDL v1.0
withdrawal	128	NAER Accounting Academic Terms OGDL v1.0
