专利权	patent	n.	NAER Accounting Academic Terms OGDL v1.0
交货	delivery	n.	NAER Accounting Academic Terms OGDL v1.0
价目	quotations	n.	NAER Accounting Academic Terms OGDL v1.0
准备	provision	n.	NAER Accounting Academic Terms OGDL v1.0
出纳员	treasurer	n.	NAER Accounting Academic Terms OGDL v1.0
到期	maturity	n.	NAER Accounting Academic Terms OGDL v1.0
合伙	partnership	n.	NAER Accounting Academic Terms OGDL v1.0
合并	combination	n.	NAER Accounting Academic Terms OGDL v1.0
商业	business	n.	NAER Accounting Academic Terms OGDL v1.0
商号	firm	n.	NAER Accounting Academic Terms OGDL v1.0
实现	realization	n.	NAER Accounting Academic Terms OGDL v1.0
差额	margin	n.	NAER Accounting Academic Terms OGDL v1.0
折扣	rebate	n.	NAER Accounting Academic Terms OGDL v1.0
支出	outgo	n.	NAER Accounting Academic Terms OGDL v1.0
收入	receipt	n.	NAER Accounting Academic Terms OGDL v1.0
收入	revenue	n.	NAER Accounting Academic Terms OGDL v1.0
收益	income	n.	NAER Accounting Academic Terms OGDL v1.0
改组	reorganization	n.	NAER Accounting Academic Terms OGDL v1.0
汇兑	exchange	n.	NAER Accounting Academic Terms OGDL v1.0
解散	dissolution	n.	NAER Accounting Academic Terms OGDL v1.0
财产	estate	n.	NAER Accounting Academic Terms OGDL v1.0
资金	fund	n.	NAER Accounting Academic Terms OGDL v1.0
