不适	malaise	n.	NAER Medical Academic Terms OGDL v1.0
出血	bleeding	n.	NAER Medical Academic Terms OGDL v1.0
出血	haemorrhage	n.	NAER Medical Academic Terms OGDL v1.0
分娩	childbirth	n.	NAER Medical Academic Terms OGDL v1.0
分节	segmentation	n.	NAER Medical Academic Terms OGDL v1.0
动脉瘤	aneurism	n.	NAER Medical Academic Terms OGDL v1.0
发热	pyrexia	n.	NAER Medical Academic Terms OGDL v1.0
变形	deformations	n.	NAER Medical Academic Terms OGDL v1.0
吻合	anastomosis	n.	NAER Medical Academic Terms OGDL v1.0
噬菌体	phage	n.	NAER Medical Academic Terms OGDL v1.0
基质	stroma	n.	NAER Medical Academic Terms OGDL v1.0
复位	reposition	n.	NAER Medical Academic Terms OGDL v1.0
天花	variola	n.	NAER Medical Academic Terms OGDL v1.0
妊娠	gestation	n.	NAER Medical Academic Terms OGDL v1.0
异常	abnormalities	n.	NAER Medical Academic Terms OGDL v1.0
扩张	dilatation	n.	NAER Medical Academic Terms OGDL v1.0
抑制剂	inhibitors	n.	NAER Medical Academic Terms OGDL v1.0
挫伤	contusion	n.	NAER Medical Academic Terms OGDL v1.0
排泄	excretion	n.	NAER Medical Academic Terms OGDL v1.0
搏动	pulsation	n.	NAER Medical Academic Terms OGDL v1.0
昏厥	fainting	n.	NAER Medical Academic Terms OGDL v1.0
杂交	hybridization	n.	NAER Medical Academic Terms OGDL v1.0
梅毒	lues	n.	NAER Medical Academic Terms OGDL v1.0
植入	implantation	n.	NAER Medical Academic Terms OGDL v1.0
水痘	varicella	n.	NAER Medical Academic Terms OGDL v1.0
活化	activation	n.	NAER Medical Academic Terms OGDL v1.0
测定	assay	n.	NAER Medical Academic Terms OGDL v1.0
淋病	gonorrhoea	n.	NAER Medical Academic Terms OGDL v1.0
溃疡	ulceration	n.	NAER Medical Academic Terms OGDL v1.0
照射	irradiation	n.	NAER Medical Academic Terms OGDL v1.0
狭窄	stenosis	n.	NAER Medical Academic Terms OGDL v1.0
猩红热	scarlatina	n.	NAER Medical Academic Terms OGDL v1.0
畸形	malformation	n.	NAER Medical Academic Terms OGDL v1.0
疣	verruca	n.	NAER Medical Academic Terms OGDL v1.0
白血球	leukocyte	n.	NAER Medical Academic Terms OGDL v1.0
百日咳	pertussis	n.	NAER Medical Academic Terms OGDL v1.0
皮肤	cutis	n.	NAER Medical Academic Terms OGDL v1.0
穿孔	perforation	n.	NAER Medical Academic Terms OGDL v1.0
窒息	suffocation	n.	NAER Medical Academic Terms OGDL v1.0
精神病	psychosis	n.	NAER Medical Academic Terms OGDL v1.0
缺失	deletion	n.	NAER Medical Academic Terms OGDL v1.0
耳廓	pinna	n.	NAER Medical Academic Terms OGDL v1.0
肉桂	cassia	n.	NAER Medical Academic Terms OGDL v1.0
肾上腺素	adrenalin	n.	NAER Medical Academic Terms OGDL v1.0
肿瘤	neoplasm	n.	NAER Medical Academic Terms OGDL v1.0
脱落	exfoliation	n.	NAER Medical Academic Terms OGDL v1.0
腮腺	parotid	n.	NAER Medical Academic Terms OGDL v1.0
荨麻疹	hives	n.	NAER Medical Academic Terms OGDL v1.0
葡萄糖	dextrose	n.	NAER Medical Academic Terms OGDL v1.0
输血	transfusion	n.	NAER Medical Academic Terms OGDL v1.0
辣椒	capsicum	n.	NAER Medical Academic Terms OGDL v1.0
逆流	reflux	n.	NAER Medical Academic Terms OGDL v1.0
钙化	calcification	n.	NAER Medical Academic Terms OGDL v1.0
阴茎	phallus	n.	NAER Medical Academic Terms OGDL v1.0
静脉	vena	n.	NAER Medical Academic Terms OGDL v1.0
黄疸	icterus	n.	NAER Medical Academic Terms OGDL v1.0
黏膜	mucosa	n.	NAER Medical Academic Terms OGDL v1.0
