假定	assumption	n.	NAER Administration Academic Terms OGDL v1.0
假设	hypothesis	n.	NAER Administration Academic Terms OGDL v1.0
公正	equity	n.	NAER Administration Academic Terms OGDL v1.0
分化	differentiation	n.	NAER Administration Academic Terms OGDL v1.0
国有化	nationalization	n.	NAER Administration Academic Terms OGDL v1.0
城邦	polis	n.	NAER Administration Academic Terms OGDL v1.0
多样化	diversification	n.	NAER Administration Academic Terms OGDL v1.0
大会	convention	n.	NAER Administration Academic Terms OGDL v1.0
官员	officer	n.	NAER Administration Academic Terms OGDL v1.0
宣言	manifesto	n.	NAER Administration Academic Terms OGDL v1.0
政体	polity	n.	NAER Administration Academic Terms OGDL v1.0
无私	selflessness	n.	NAER Administration Academic Terms OGDL v1.0
目的	objective	n.	NAER Administration Academic Terms OGDL v1.0
能力	competence	n.	NAER Administration Academic Terms OGDL v1.0
自信	self-confidence	n.	NAER Administration Academic Terms OGDL v1.0
试用	probation	n.	NAER Administration Academic Terms OGDL v1.0
降级	demotion	n.	NAER Administration Academic Terms OGDL v1.0
