allocation	64	NAER Computer Science Academic Terms OGDL v1.0
blink	64	NAER Computer Science Academic Terms OGDL v1.0
breach	64	NAER Computer Science Academic Terms OGDL v1.0
break	64	NAER Computer Science Academic Terms OGDL v1.0
buffer	64	NAER Computer Science Academic Terms OGDL v1.0
character	64	NAER Computer Science Academic Terms OGDL v1.0
collision	64	NAER Computer Science Academic Terms OGDL v1.0
computer	64	NAER Computer Science Academic Terms OGDL v1.0
connection	64	NAER Computer Science Academic Terms OGDL v1.0
constant	64	NAER Computer Science Academic Terms OGDL v1.0
constraint	64	NAER Computer Science Academic Terms OGDL v1.0
definition	64	NAER Computer Science Academic Terms OGDL v1.0
desktop	64	NAER Computer Science Academic Terms OGDL v1.0
disclosure	64	NAER Computer Science Academic Terms OGDL v1.0
document	64	NAER Computer Science Academic Terms OGDL v1.0
equivalence	64	NAER Computer Science Academic Terms OGDL v1.0
file	64	NAER Computer Science Academic Terms OGDL v1.0
format	64	NAER Computer Science Academic Terms OGDL v1.0
graph	64	NAER Computer Science Academic Terms OGDL v1.0
index	64	NAER Computer Science Academic Terms OGDL v1.0
indicator	64	NAER Computer Science Academic Terms OGDL v1.0
infection	64	NAER Computer Science Academic Terms OGDL v1.0
input	64	NAER Computer Science Academic Terms OGDL v1.0
kernel	64	NAER Computer Science Academic Terms OGDL v1.0
keyboard	64	NAER Computer Science Academic Terms OGDL v1.0
loop	64	NAER Computer Science Academic Terms OGDL v1.0
luminosity	64	NAER Computer Science Academic Terms OGDL v1.0
mainframe	64	NAER Computer Science Academic Terms OGDL v1.0
modification	64	NAER Computer Science Academic Terms OGDL v1.0
module	64	NAER Computer Science Academic Terms OGDL v1.0
monitor	64	NAER Computer Science Academic Terms OGDL v1.0
morphing	64	NAER Computer Science Academic Terms OGDL v1.0
multimedia	64	NAER Computer Science Academic Terms OGDL v1.0
negation	64	NAER Computer Science Academic Terms OGDL v1.0
notation	64	NAER Computer Science Academic Terms OGDL v1.0
operation	64	NAER Computer Science Academic Terms OGDL v1.0
overlay	64	NAER Computer Science Academic Terms OGDL v1.0
pixel	64	NAER Computer Science Academic Terms OGDL v1.0
priority	64	NAER Computer Science Academic Terms OGDL v1.0
privacy	64	NAER Computer Science Academic Terms OGDL v1.0
process	64	NAER Computer Science Academic Terms OGDL v1.0
proxy	64	NAER Computer Science Academic Terms OGDL v1.0
purge	64	NAER Computer Science Academic Terms OGDL v1.0
radix	64	NAER Computer Science Academic Terms OGDL v1.0
reference	64	NAER Computer Science Academic Terms OGDL v1.0
replication	64	NAER Computer Science Academic Terms OGDL v1.0
resolve	64	NAER Computer Science Academic Terms OGDL v1.0
response	64	NAER Computer Science Academic Terms OGDL v1.0
retrieval	64	NAER Computer Science Academic Terms OGDL v1.0
sequence	64	NAER Computer Science Academic Terms OGDL v1.0
service	64	NAER Computer Science Academic Terms OGDL v1.0
shift	64	NAER Computer Science Academic Terms OGDL v1.0
stack	64	NAER Computer Science Academic Terms OGDL v1.0
statement	64	NAER Computer Science Academic Terms OGDL v1.0
submission	64	NAER Computer Science Academic Terms OGDL v1.0
suspend	64	NAER Computer Science Academic Terms OGDL v1.0
syntax	64	NAER Computer Science Academic Terms OGDL v1.0
text	64	NAER Computer Science Academic Terms OGDL v1.0
threat	64	NAER Computer Science Academic Terms OGDL v1.0
trunk	64	NAER Computer Science Academic Terms OGDL v1.0
variable	64	NAER Computer Science Academic Terms OGDL v1.0
workstation	64	NAER Computer Science Academic Terms OGDL v1.0
