decapitation	256	Wikidata CC0 + NLM MeSH 2026
disasters	256	Wikidata CC0 + NLM MeSH 2026
diving	256	Wikidata CC0 + NLM MeSH 2026
explosions	256	Wikidata CC0 + NLM MeSH 2026
filtration	256	Wikidata CC0 + NLM MeSH 2026
floods	256	Wikidata CC0 + NLM MeSH 2026
forests	256	Wikidata CC0 + NLM MeSH 2026
gases	256	Wikidata CC0 + NLM MeSH 2026
illusions	256	Wikidata CC0 + NLM MeSH 2026
infections	256	Wikidata CC0 + NLM MeSH 2026
landslides	256	Wikidata CC0 + NLM MeSH 2026
lasers	256	Wikidata CC0 + NLM MeSH 2026
meridians	256	Wikidata CC0 + NLM MeSH 2026
microwaves	256	Wikidata CC0 + NLM MeSH 2026
occupations	256	Wikidata CC0 + NLM MeSH 2026
pacifiers	256	Wikidata CC0 + NLM MeSH 2026
plastics	256	Wikidata CC0 + NLM MeSH 2026
polymerization	256	Wikidata CC0 + NLM MeSH 2026
polymers	256	Wikidata CC0 + NLM MeSH 2026
tars	256	Wikidata CC0 + NLM MeSH 2026
tornadoes	256	Wikidata CC0 + NLM MeSH 2026
urination	256	Wikidata CC0 + NLM MeSH 2026
warts	256	Wikidata CC0 + NLM MeSH 2026
widowhood	256	Wikidata CC0 + NLM MeSH 2026
