abandon	48	WordLevel TOEFL/IELTS Academic List
aberration	48	WordLevel TOEFL/IELTS Academic List
abolish	48	WordLevel TOEFL/IELTS Academic List
abound	48	WordLevel TOEFL/IELTS Academic List
abrupt	48	WordLevel TOEFL/IELTS Academic List
absorb	48	WordLevel TOEFL/IELTS Academic List
abstract	48	WordLevel TOEFL/IELTS Academic List
abundance	48	WordLevel TOEFL/IELTS Academic List
abuse	48	WordLevel TOEFL/IELTS Academic List
accelerate	48	WordLevel TOEFL/IELTS Academic List
accessible	48	WordLevel TOEFL/IELTS Academic List
acclaim	48	WordLevel TOEFL/IELTS Academic List
accompany	48	WordLevel TOEFL/IELTS Academic List
account	48	WordLevel TOEFL/IELTS Academic List
accurate	48	WordLevel TOEFL/IELTS Academic List
acknowledge	48	WordLevel TOEFL/IELTS Academic List
acoustic	48	WordLevel TOEFL/IELTS Academic List
acquaint	48	WordLevel TOEFL/IELTS Academic List
acquire	48	WordLevel TOEFL/IELTS Academic List
activate	48	WordLevel TOEFL/IELTS Academic List
actuate	48	WordLevel TOEFL/IELTS Academic List
acute	48	WordLevel TOEFL/IELTS Academic List
adamant	48	WordLevel TOEFL/IELTS Academic List
adapt	48	WordLevel TOEFL/IELTS Academic List
addendum	48	WordLevel TOEFL/IELTS Academic List
addiction	48	WordLevel TOEFL/IELTS Academic List
address	48	WordLevel TOEFL/IELTS Academic List
adhere	48	WordLevel TOEFL/IELTS Academic List
adherent	48	WordLevel TOEFL/IELTS Academic List
adjacent	48	WordLevel TOEFL/IELTS Academic List
adjust	48	WordLevel TOEFL/IELTS Academic List
adjustment	48	WordLevel TOEFL/IELTS Academic List
administrate	48	WordLevel TOEFL/IELTS Academic List
administrator	48	WordLevel TOEFL/IELTS Academic List
adopt	48	WordLevel TOEFL/IELTS Academic List
adversary	48	WordLevel TOEFL/IELTS Academic List
advocate	48	WordLevel TOEFL/IELTS Academic List
afflict	48	WordLevel TOEFL/IELTS Academic List
aftermath	48	WordLevel TOEFL/IELTS Academic List
aggravate	48	WordLevel TOEFL/IELTS Academic List
aggregate	48	WordLevel TOEFL/IELTS Academic List
agonize	48	WordLevel TOEFL/IELTS Academic List
agronomist	48	WordLevel TOEFL/IELTS Academic List
aground	48	WordLevel TOEFL/IELTS Academic List
airlift	48	WordLevel TOEFL/IELTS Academic List
alienate	48	WordLevel TOEFL/IELTS Academic List
allegation	48	WordLevel TOEFL/IELTS Academic List
allege	48	WordLevel TOEFL/IELTS Academic List
allocate	48	WordLevel TOEFL/IELTS Academic List
allude	48	WordLevel TOEFL/IELTS Academic List
alteration	48	WordLevel TOEFL/IELTS Academic List
alternate	48	WordLevel TOEFL/IELTS Academic List
alternative	48	WordLevel TOEFL/IELTS Academic List
amass	48	WordLevel TOEFL/IELTS Academic List
ambiguous	48	WordLevel TOEFL/IELTS Academic List
amend	48	WordLevel TOEFL/IELTS Academic List
amnesty	48	WordLevel TOEFL/IELTS Academic List
amphibian	48	WordLevel TOEFL/IELTS Academic List
ample	48	WordLevel TOEFL/IELTS Academic List
amplification	48	WordLevel TOEFL/IELTS Academic List
analogous	48	WordLevel TOEFL/IELTS Academic List
anomalous	48	WordLevel TOEFL/IELTS Academic List
anticipate	48	WordLevel TOEFL/IELTS Academic List
antiquity	48	WordLevel TOEFL/IELTS Academic List
apathy	48	WordLevel TOEFL/IELTS Academic List
appalling	48	WordLevel TOEFL/IELTS Academic List
apparatus	48	WordLevel TOEFL/IELTS Academic List
apparent	48	WordLevel TOEFL/IELTS Academic List
appeal	48	WordLevel TOEFL/IELTS Academic List
appreciate	48	WordLevel TOEFL/IELTS Academic List
approach	48	WordLevel TOEFL/IELTS Academic List
appropriate	48	WordLevel TOEFL/IELTS Academic List
aptitude	48	WordLevel TOEFL/IELTS Academic List
arbitrary	48	WordLevel TOEFL/IELTS Academic List
argue	48	WordLevel TOEFL/IELTS Academic List
arid	48	WordLevel TOEFL/IELTS Academic List
arise	48	WordLevel TOEFL/IELTS Academic List
articulate	48	WordLevel TOEFL/IELTS Academic List
ascribe	48	WordLevel TOEFL/IELTS Academic List
aspect	48	WordLevel TOEFL/IELTS Academic List
aspire	48	WordLevel TOEFL/IELTS Academic List
assassinate	48	WordLevel TOEFL/IELTS Academic List
assault	48	WordLevel TOEFL/IELTS Academic List
assemble	48	WordLevel TOEFL/IELTS Academic List
assessment	48	WordLevel TOEFL/IELTS Academic List
asset	48	WordLevel TOEFL/IELTS Academic List
association	48	WordLevel TOEFL/IELTS Academic List
assort	48	WordLevel TOEFL/IELTS Academic List
assume	48	WordLevel TOEFL/IELTS Academic List
assumption	48	WordLevel TOEFL/IELTS Academic List
assurance	48	WordLevel TOEFL/IELTS Academic List
asylum	48	WordLevel TOEFL/IELTS Academic List
attainment	48	WordLevel TOEFL/IELTS Academic List
audacity	48	WordLevel TOEFL/IELTS Academic List
authentic	48	WordLevel TOEFL/IELTS Academic List
authority	48	WordLevel TOEFL/IELTS Academic List
availability	48	WordLevel TOEFL/IELTS Academic List
axis	48	WordLevel TOEFL/IELTS Academic List
banish	48	WordLevel TOEFL/IELTS Academic List
behalf	48	WordLevel TOEFL/IELTS Academic List
behaviour	48	WordLevel TOEFL/IELTS Academic List
belligerent	48	WordLevel TOEFL/IELTS Academic List
beneficial	48	WordLevel TOEFL/IELTS Academic List
benefit	48	WordLevel TOEFL/IELTS Academic List
benign	48	WordLevel TOEFL/IELTS Academic List
beset	48	WordLevel TOEFL/IELTS Academic List
bewilder	48	WordLevel TOEFL/IELTS Academic List
bewitch	48	WordLevel TOEFL/IELTS Academic List
biased	48	WordLevel TOEFL/IELTS Academic List
bluntly	48	WordLevel TOEFL/IELTS Academic List
bound	48	WordLevel TOEFL/IELTS Academic List
bountiful	48	WordLevel TOEFL/IELTS Academic List
boycott	48	WordLevel TOEFL/IELTS Academic List
breakdown	48	WordLevel TOEFL/IELTS Academic List
brigade	48	WordLevel TOEFL/IELTS Academic List
budget	48	WordLevel TOEFL/IELTS Academic List
bulk	48	WordLevel TOEFL/IELTS Academic List
burglary	48	WordLevel TOEFL/IELTS Academic List
campaign	48	WordLevel TOEFL/IELTS Academic List
canopy	48	WordLevel TOEFL/IELTS Academic List
capability	48	WordLevel TOEFL/IELTS Academic List
capacity	48	WordLevel TOEFL/IELTS Academic List
cardiac	48	WordLevel TOEFL/IELTS Academic List
ceaseless	48	WordLevel TOEFL/IELTS Academic List
celestial	48	WordLevel TOEFL/IELTS Academic List
census	48	WordLevel TOEFL/IELTS Academic List
chaos	48	WordLevel TOEFL/IELTS Academic List
characterize	48	WordLevel TOEFL/IELTS Academic List
chronicle	48	WordLevel TOEFL/IELTS Academic List
circulate	48	WordLevel TOEFL/IELTS Academic List
circulatory	48	WordLevel TOEFL/IELTS Academic List
circumstance	48	WordLevel TOEFL/IELTS Academic List
cite	48	WordLevel TOEFL/IELTS Academic List
claim	48	WordLevel TOEFL/IELTS Academic List
climate	48	WordLevel TOEFL/IELTS Academic List
coalesce	48	WordLevel TOEFL/IELTS Academic List
cognitive	48	WordLevel TOEFL/IELTS Academic List
coherent	48	WordLevel TOEFL/IELTS Academic List
coincidence	48	WordLevel TOEFL/IELTS Academic List
colonize	48	WordLevel TOEFL/IELTS Academic List
commendable	48	WordLevel TOEFL/IELTS Academic List
commit	48	WordLevel TOEFL/IELTS Academic List
communal	48	WordLevel TOEFL/IELTS Academic List
communicate	48	WordLevel TOEFL/IELTS Academic List
compatibility	48	WordLevel TOEFL/IELTS Academic List
compatible	48	WordLevel TOEFL/IELTS Academic List
compel	48	WordLevel TOEFL/IELTS Academic List
compensate	48	WordLevel TOEFL/IELTS Academic List
competition	48	WordLevel TOEFL/IELTS Academic List
complacent	48	WordLevel TOEFL/IELTS Academic List
complex	48	WordLevel TOEFL/IELTS Academic List
compliance	48	WordLevel TOEFL/IELTS Academic List
complicate	48	WordLevel TOEFL/IELTS Academic List
component	48	WordLevel TOEFL/IELTS Academic List
composite	48	WordLevel TOEFL/IELTS Academic List
comprehension	48	WordLevel TOEFL/IELTS Academic List
compromise	48	WordLevel TOEFL/IELTS Academic List
concede	48	WordLevel TOEFL/IELTS Academic List
conceive	48	WordLevel TOEFL/IELTS Academic List
concept	48	WordLevel TOEFL/IELTS Academic List
concern	48	WordLevel TOEFL/IELTS Academic List
concise	48	WordLevel TOEFL/IELTS Academic List
conclude	48	WordLevel TOEFL/IELTS Academic List
conclusion	48	WordLevel TOEFL/IELTS Academic List
conclusive	48	WordLevel TOEFL/IELTS Academic List
condemn	48	WordLevel TOEFL/IELTS Academic List
conduct	48	WordLevel TOEFL/IELTS Academic List
confirm	48	WordLevel TOEFL/IELTS Academic List
confrontation	48	WordLevel TOEFL/IELTS Academic List
congenital	48	WordLevel TOEFL/IELTS Academic List
congress	48	WordLevel TOEFL/IELTS Academic List
conjecture	48	WordLevel TOEFL/IELTS Academic List
connotation	48	WordLevel TOEFL/IELTS Academic List
consensus	48	WordLevel TOEFL/IELTS Academic List
consequence	48	WordLevel TOEFL/IELTS Academic List
conservation	48	WordLevel TOEFL/IELTS Academic List
conserve	48	WordLevel TOEFL/IELTS Academic List
considerable	48	WordLevel TOEFL/IELTS Academic List
considerably	48	WordLevel TOEFL/IELTS Academic List
consolidate	48	WordLevel TOEFL/IELTS Academic List
conspiracy	48	WordLevel TOEFL/IELTS Academic List
consternation	48	WordLevel TOEFL/IELTS Academic List
constipation	48	WordLevel TOEFL/IELTS Academic List
constitute	48	WordLevel TOEFL/IELTS Academic List
constrain	48	WordLevel TOEFL/IELTS Academic List
constraint	48	WordLevel TOEFL/IELTS Academic List
construct	48	WordLevel TOEFL/IELTS Academic List
consumption	48	WordLevel TOEFL/IELTS Academic List
contagious	48	WordLevel TOEFL/IELTS Academic List
contaminate	48	WordLevel TOEFL/IELTS Academic List
contemporary	48	WordLevel TOEFL/IELTS Academic List
contend	48	WordLevel TOEFL/IELTS Academic List
continuously	48	WordLevel TOEFL/IELTS Academic List
contour	48	WordLevel TOEFL/IELTS Academic List
contradict	48	WordLevel TOEFL/IELTS Academic List
contradictory	48	WordLevel TOEFL/IELTS Academic List
contribute	48	WordLevel TOEFL/IELTS Academic List
controversial	48	WordLevel TOEFL/IELTS Academic List
controversy	48	WordLevel TOEFL/IELTS Academic List
convene	48	WordLevel TOEFL/IELTS Academic List
convention	48	WordLevel TOEFL/IELTS Academic List
conversion	48	WordLevel TOEFL/IELTS Academic List
coordinate	48	WordLevel TOEFL/IELTS Academic List
corporation	48	WordLevel TOEFL/IELTS Academic List
correlation	48	WordLevel TOEFL/IELTS Academic List
corroborate	48	WordLevel TOEFL/IELTS Academic List
corrode	48	WordLevel TOEFL/IELTS Academic List
corrosive	48	WordLevel TOEFL/IELTS Academic List
corrupt	48	WordLevel TOEFL/IELTS Academic List
counteract	48	WordLevel TOEFL/IELTS Academic List
counterfeit	48	WordLevel TOEFL/IELTS Academic List
countermeasure	48	WordLevel TOEFL/IELTS Academic List
counterpart	48	WordLevel TOEFL/IELTS Academic List
covenant	48	WordLevel TOEFL/IELTS Academic List
credibility	48	WordLevel TOEFL/IELTS Academic List
cretaceous	48	WordLevel TOEFL/IELTS Academic List
crevice	48	WordLevel TOEFL/IELTS Academic List
crick	48	WordLevel TOEFL/IELTS Academic List
crisis	48	WordLevel TOEFL/IELTS Academic List
criterion	48	WordLevel TOEFL/IELTS Academic List
critical	48	WordLevel TOEFL/IELTS Academic List
crucial	48	WordLevel TOEFL/IELTS Academic List
crude	48	WordLevel TOEFL/IELTS Academic List
culmination	48	WordLevel TOEFL/IELTS Academic List
culprit	48	WordLevel TOEFL/IELTS Academic List
cultivate	48	WordLevel TOEFL/IELTS Academic List
cultivation	48	WordLevel TOEFL/IELTS Academic List
culture	48	WordLevel TOEFL/IELTS Academic List
curator	48	WordLevel TOEFL/IELTS Academic List
curricula	48	WordLevel TOEFL/IELTS Academic List
curriculum	48	WordLevel TOEFL/IELTS Academic List
curtail	48	WordLevel TOEFL/IELTS Academic List
cyclic	48	WordLevel TOEFL/IELTS Academic List
data	48	WordLevel TOEFL/IELTS Academic List
daunt	48	WordLevel TOEFL/IELTS Academic List
debate	48	WordLevel TOEFL/IELTS Academic List
debris	48	WordLevel TOEFL/IELTS Academic List
decay	48	WordLevel TOEFL/IELTS Academic List
deception	48	WordLevel TOEFL/IELTS Academic List
deciduous	48	WordLevel TOEFL/IELTS Academic List
declare	48	WordLevel TOEFL/IELTS Academic List
deduce	48	WordLevel TOEFL/IELTS Academic List
deduction	48	WordLevel TOEFL/IELTS Academic List
deficiency	48	WordLevel TOEFL/IELTS Academic List
deficit	48	WordLevel TOEFL/IELTS Academic List
deforestation	48	WordLevel TOEFL/IELTS Academic List
defy	48	WordLevel TOEFL/IELTS Academic List
degeneration	48	WordLevel TOEFL/IELTS Academic List
degrade	48	WordLevel TOEFL/IELTS Academic List
degree	48	WordLevel TOEFL/IELTS Academic List
deliberate	48	WordLevel TOEFL/IELTS Academic List
deliberately	48	WordLevel TOEFL/IELTS Academic List
delude	48	WordLevel TOEFL/IELTS Academic List
delusion	48	WordLevel TOEFL/IELTS Academic List
demobilize	48	WordLevel TOEFL/IELTS Academic List
democracy	48	WordLevel TOEFL/IELTS Academic List
demonstrate	48	WordLevel TOEFL/IELTS Academic List
denote	48	WordLevel TOEFL/IELTS Academic List
denounce	48	WordLevel TOEFL/IELTS Academic List
density	48	WordLevel TOEFL/IELTS Academic List
depict	48	WordLevel TOEFL/IELTS Academic List
deplore	48	WordLevel TOEFL/IELTS Academic List
despot	48	WordLevel TOEFL/IELTS Academic List
detail	48	WordLevel TOEFL/IELTS Academic List
detection	48	WordLevel TOEFL/IELTS Academic List
deter	48	WordLevel TOEFL/IELTS Academic List
determination	48	WordLevel TOEFL/IELTS Academic List
detonator	48	WordLevel TOEFL/IELTS Academic List
detrimental	48	WordLevel TOEFL/IELTS Academic List
devastate	48	WordLevel TOEFL/IELTS Academic List
devastating	48	WordLevel TOEFL/IELTS Academic List
deviate	48	WordLevel TOEFL/IELTS Academic List
diagnostic	48	WordLevel TOEFL/IELTS Academic List
differentiate	48	WordLevel TOEFL/IELTS Academic List
diffuse	48	WordLevel TOEFL/IELTS Academic List
dilute	48	WordLevel TOEFL/IELTS Academic List
dimension	48	WordLevel TOEFL/IELTS Academic List
diminish	48	WordLevel TOEFL/IELTS Academic List
discard	48	WordLevel TOEFL/IELTS Academic List
discipline	48	WordLevel TOEFL/IELTS Academic List
disclose	48	WordLevel TOEFL/IELTS Academic List
discredit	48	WordLevel TOEFL/IELTS Academic List
discreet	48	WordLevel TOEFL/IELTS Academic List
discretion	48	WordLevel TOEFL/IELTS Academic List
discriminate	48	WordLevel TOEFL/IELTS Academic List
disdain	48	WordLevel TOEFL/IELTS Academic List
disease	48	WordLevel TOEFL/IELTS Academic List
disintegrate	48	WordLevel TOEFL/IELTS Academic List
disparate	48	WordLevel TOEFL/IELTS Academic List
dispel	48	WordLevel TOEFL/IELTS Academic List
disperse	48	WordLevel TOEFL/IELTS Academic List
displace	48	WordLevel TOEFL/IELTS Academic List
dispute	48	WordLevel TOEFL/IELTS Academic List
disregard	48	WordLevel TOEFL/IELTS Academic List
disrepute	48	WordLevel TOEFL/IELTS Academic List
disrupt	48	WordLevel TOEFL/IELTS Academic List
disruption	48	WordLevel TOEFL/IELTS Academic List
disseminate	48	WordLevel TOEFL/IELTS Academic List
dissuade	48	WordLevel TOEFL/IELTS Academic List
distinct	48	WordLevel TOEFL/IELTS Academic List
distinctive	48	WordLevel TOEFL/IELTS Academic List
distinguish	48	WordLevel TOEFL/IELTS Academic List
distort	48	WordLevel TOEFL/IELTS Academic List
diverse	48	WordLevel TOEFL/IELTS Academic List
diversity	48	WordLevel TOEFL/IELTS Academic List
docile	48	WordLevel TOEFL/IELTS Academic List
domain	48	WordLevel TOEFL/IELTS Academic List
dominate	48	WordLevel TOEFL/IELTS Academic List
dormancy	48	WordLevel TOEFL/IELTS Academic List
draft	48	WordLevel TOEFL/IELTS Academic List
drastic	48	WordLevel TOEFL/IELTS Academic List
dubious	48	WordLevel TOEFL/IELTS Academic List
durable	48	WordLevel TOEFL/IELTS Academic List
duration	48	WordLevel TOEFL/IELTS Academic List
dwell	48	WordLevel TOEFL/IELTS Academic List
effective	48	WordLevel TOEFL/IELTS Academic List
eject	48	WordLevel TOEFL/IELTS Academic List
elaborate	48	WordLevel TOEFL/IELTS Academic List
elapse	48	WordLevel TOEFL/IELTS Academic List
element	48	WordLevel TOEFL/IELTS Academic List
elicit	48	WordLevel TOEFL/IELTS Academic List
eliminate	48	WordLevel TOEFL/IELTS Academic List
elite	48	WordLevel TOEFL/IELTS Academic List
elude	48	WordLevel TOEFL/IELTS Academic List
embed	48	WordLevel TOEFL/IELTS Academic List
embody	48	WordLevel TOEFL/IELTS Academic List
emigrate	48	WordLevel TOEFL/IELTS Academic List
eminent	48	WordLevel TOEFL/IELTS Academic List
emission	48	WordLevel TOEFL/IELTS Academic List
emit	48	WordLevel TOEFL/IELTS Academic List
empirical	48	WordLevel TOEFL/IELTS Academic List
empower	48	WordLevel TOEFL/IELTS Academic List
emulate	48	WordLevel TOEFL/IELTS Academic List
enable	48	WordLevel TOEFL/IELTS Academic List
enact	48	WordLevel TOEFL/IELTS Academic List
encode	48	WordLevel TOEFL/IELTS Academic List
encrypt	48	WordLevel TOEFL/IELTS Academic List
endeavor	48	WordLevel TOEFL/IELTS Academic List
endeavour	48	WordLevel TOEFL/IELTS Academic List
endorse	48	WordLevel TOEFL/IELTS Academic List
endure	48	WordLevel TOEFL/IELTS Academic List
engender	48	WordLevel TOEFL/IELTS Academic List
engulf	48	WordLevel TOEFL/IELTS Academic List
enhancement	48	WordLevel TOEFL/IELTS Academic List
enmity	48	WordLevel TOEFL/IELTS Academic List
enormous	48	WordLevel TOEFL/IELTS Academic List
enroll	48	WordLevel TOEFL/IELTS Academic List
enshroud	48	WordLevel TOEFL/IELTS Academic List
enslave	48	WordLevel TOEFL/IELTS Academic List
ensue	48	WordLevel TOEFL/IELTS Academic List
entice	48	WordLevel TOEFL/IELTS Academic List
entity	48	WordLevel TOEFL/IELTS Academic List
entrap	48	WordLevel TOEFL/IELTS Academic List
environment	48	WordLevel TOEFL/IELTS Academic List
envisage	48	WordLevel TOEFL/IELTS Academic List
epoch	48	WordLevel TOEFL/IELTS Academic List
equality	48	WordLevel TOEFL/IELTS Academic List
equilibrium	48	WordLevel TOEFL/IELTS Academic List
equity	48	WordLevel TOEFL/IELTS Academic List
eradicate	48	WordLevel TOEFL/IELTS Academic List
erode	48	WordLevel TOEFL/IELTS Academic List
essence	48	WordLevel TOEFL/IELTS Academic List
essential	48	WordLevel TOEFL/IELTS Academic List
essentially	48	WordLevel TOEFL/IELTS Academic List
establish	48	WordLevel TOEFL/IELTS Academic List
estimate	48	WordLevel TOEFL/IELTS Academic List
ethic	48	WordLevel TOEFL/IELTS Academic List
evidence	48	WordLevel TOEFL/IELTS Academic List
evidently	48	WordLevel TOEFL/IELTS Academic List
exalt	48	WordLevel TOEFL/IELTS Academic List
excavate	48	WordLevel TOEFL/IELTS Academic List
excavation	48	WordLevel TOEFL/IELTS Academic List
exceptionally	48	WordLevel TOEFL/IELTS Academic List
excess	48	WordLevel TOEFL/IELTS Academic List
exclude	48	WordLevel TOEFL/IELTS Academic List
execute	48	WordLevel TOEFL/IELTS Academic List
exemplify	48	WordLevel TOEFL/IELTS Academic List
exert	48	WordLevel TOEFL/IELTS Academic List
exhibit	48	WordLevel TOEFL/IELTS Academic List
exorbitant	48	WordLevel TOEFL/IELTS Academic List
expansion	48	WordLevel TOEFL/IELTS Academic List
expedite	48	WordLevel TOEFL/IELTS Academic List
expenditure	48	WordLevel TOEFL/IELTS Academic List
explicit	48	WordLevel TOEFL/IELTS Academic List
explore	48	WordLevel TOEFL/IELTS Academic List
export	48	WordLevel TOEFL/IELTS Academic List
exposure	48	WordLevel TOEFL/IELTS Academic List
exquisite	48	WordLevel TOEFL/IELTS Academic List
extend	48	WordLevel TOEFL/IELTS Academic List
extension	48	WordLevel TOEFL/IELTS Academic List
extensive	48	WordLevel TOEFL/IELTS Academic List
extinct	48	WordLevel TOEFL/IELTS Academic List
extinction	48	WordLevel TOEFL/IELTS Academic List
extravagant	48	WordLevel TOEFL/IELTS Academic List
fabricate	48	WordLevel TOEFL/IELTS Academic List
facilitate	48	WordLevel TOEFL/IELTS Academic List
facilities	48	WordLevel TOEFL/IELTS Academic List
facility	48	WordLevel TOEFL/IELTS Academic List
factor	48	WordLevel TOEFL/IELTS Academic List
faculty	48	WordLevel TOEFL/IELTS Academic List
fatal	48	WordLevel TOEFL/IELTS Academic List
feasibility	48	WordLevel TOEFL/IELTS Academic List
feasible	48	WordLevel TOEFL/IELTS Academic List
feature	48	WordLevel TOEFL/IELTS Academic List
federal	48	WordLevel TOEFL/IELTS Academic List
fermentation	48	WordLevel TOEFL/IELTS Academic List
finance	48	WordLevel TOEFL/IELTS Academic List
fissure	48	WordLevel TOEFL/IELTS Academic List
flaunt	48	WordLevel TOEFL/IELTS Academic List
flaw	48	WordLevel TOEFL/IELTS Academic List
flourish	48	WordLevel TOEFL/IELTS Academic List
follicle	48	WordLevel TOEFL/IELTS Academic List
forecast	48	WordLevel TOEFL/IELTS Academic List
foremost	48	WordLevel TOEFL/IELTS Academic List
forerunner	48	WordLevel TOEFL/IELTS Academic List
foresee	48	WordLevel TOEFL/IELTS Academic List
forgery	48	WordLevel TOEFL/IELTS Academic List
former	48	WordLevel TOEFL/IELTS Academic List
formidable	48	WordLevel TOEFL/IELTS Academic List
forthcoming	48	WordLevel TOEFL/IELTS Academic List
fortify	48	WordLevel TOEFL/IELTS Academic List
foster	48	WordLevel TOEFL/IELTS Academic List
foundation	48	WordLevel TOEFL/IELTS Academic List
framework	48	WordLevel TOEFL/IELTS Academic List
fringe	48	WordLevel TOEFL/IELTS Academic List
fulcrum	48	WordLevel TOEFL/IELTS Academic List
fulfil	48	WordLevel TOEFL/IELTS Academic List
function	48	WordLevel TOEFL/IELTS Academic List
fundamental	48	WordLevel TOEFL/IELTS Academic List
futile	48	WordLevel TOEFL/IELTS Academic List
generate	48	WordLevel TOEFL/IELTS Academic List
genesis	48	WordLevel TOEFL/IELTS Academic List
genocide	48	WordLevel TOEFL/IELTS Academic List
genuine	48	WordLevel TOEFL/IELTS Academic List
germinate	48	WordLevel TOEFL/IELTS Academic List
gestation	48	WordLevel TOEFL/IELTS Academic List
global	48	WordLevel TOEFL/IELTS Academic List
gradual	48	WordLevel TOEFL/IELTS Academic List
grapple	48	WordLevel TOEFL/IELTS Academic List
gratify	48	WordLevel TOEFL/IELTS Academic List
grave	48	WordLevel TOEFL/IELTS Academic List
guidance	48	WordLevel TOEFL/IELTS Academic List
harsh	48	WordLevel TOEFL/IELTS Academic List
hasten	48	WordLevel TOEFL/IELTS Academic List
havoc	48	WordLevel TOEFL/IELTS Academic List
hence	48	WordLevel TOEFL/IELTS Academic List
herbivorous	48	WordLevel TOEFL/IELTS Academic List
heritage	48	WordLevel TOEFL/IELTS Academic List
hierarchy	48	WordLevel TOEFL/IELTS Academic List
highlight	48	WordLevel TOEFL/IELTS Academic List
hinder	48	WordLevel TOEFL/IELTS Academic List
horrific	48	WordLevel TOEFL/IELTS Academic List
hurtle	48	WordLevel TOEFL/IELTS Academic List
identification	48	WordLevel TOEFL/IELTS Academic List
identify	48	WordLevel TOEFL/IELTS Academic List
identity	48	WordLevel TOEFL/IELTS Academic List
illustrate	48	WordLevel TOEFL/IELTS Academic List
immense	48	WordLevel TOEFL/IELTS Academic List
immunity	48	WordLevel TOEFL/IELTS Academic List
immunization	48	WordLevel TOEFL/IELTS Academic List
impact	48	WordLevel TOEFL/IELTS Academic List
impair	48	WordLevel TOEFL/IELTS Academic List
impetus	48	WordLevel TOEFL/IELTS Academic List
implement	48	WordLevel TOEFL/IELTS Academic List
implicate	48	WordLevel TOEFL/IELTS Academic List
implication	48	WordLevel TOEFL/IELTS Academic List
imply	48	WordLevel TOEFL/IELTS Academic List
import	48	WordLevel TOEFL/IELTS Academic List
impose	48	WordLevel TOEFL/IELTS Academic List
impregnate	48	WordLevel TOEFL/IELTS Academic List
impulse	48	WordLevel TOEFL/IELTS Academic List
inborn	48	WordLevel TOEFL/IELTS Academic List
incentive	48	WordLevel TOEFL/IELTS Academic List
incessant	48	WordLevel TOEFL/IELTS Academic List
incident	48	WordLevel TOEFL/IELTS Academic List
incoherent	48	WordLevel TOEFL/IELTS Academic List
incompetence	48	WordLevel TOEFL/IELTS Academic List
inconvenient	48	WordLevel TOEFL/IELTS Academic List
incurable	48	WordLevel TOEFL/IELTS Academic List
indefinite	48	WordLevel TOEFL/IELTS Academic List
independent	48	WordLevel TOEFL/IELTS Academic List
index	48	WordLevel TOEFL/IELTS Academic List
indifferent	48	WordLevel TOEFL/IELTS Academic List
indigenous	48	WordLevel TOEFL/IELTS Academic List
indispensable	48	WordLevel TOEFL/IELTS Academic List
indisputable	48	WordLevel TOEFL/IELTS Academic List
individual	48	WordLevel TOEFL/IELTS Academic List
induce	48	WordLevel TOEFL/IELTS Academic List
inefficient	48	WordLevel TOEFL/IELTS Academic List
inequality	48	WordLevel TOEFL/IELTS Academic List
inert	48	WordLevel TOEFL/IELTS Academic List
inevitable	48	WordLevel TOEFL/IELTS Academic List
infer	48	WordLevel TOEFL/IELTS Academic List
inferior	48	WordLevel TOEFL/IELTS Academic List
inflict	48	WordLevel TOEFL/IELTS Academic List
influential	48	WordLevel TOEFL/IELTS Academic List
ingenious	48	WordLevel TOEFL/IELTS Academic List
inhibit	48	WordLevel TOEFL/IELTS Academic List
initial	48	WordLevel TOEFL/IELTS Academic List
innate	48	WordLevel TOEFL/IELTS Academic List
innovation	48	WordLevel TOEFL/IELTS Academic List
innovative	48	WordLevel TOEFL/IELTS Academic List
inquiry	48	WordLevel TOEFL/IELTS Academic List
insatiable	48	WordLevel TOEFL/IELTS Academic List
inscribe	48	WordLevel TOEFL/IELTS Academic List
insight	48	WordLevel TOEFL/IELTS Academic List
insignificant	48	WordLevel TOEFL/IELTS Academic List
inspect	48	WordLevel TOEFL/IELTS Academic List
institutional	48	WordLevel TOEFL/IELTS Academic List
insulate	48	WordLevel TOEFL/IELTS Academic List
insulin	48	WordLevel TOEFL/IELTS Academic List
intact	48	WordLevel TOEFL/IELTS Academic List
integrate	48	WordLevel TOEFL/IELTS Academic List
integrity	48	WordLevel TOEFL/IELTS Academic List
intelligence	48	WordLevel TOEFL/IELTS Academic List
intend	48	WordLevel TOEFL/IELTS Academic List
intensity	48	WordLevel TOEFL/IELTS Academic List
intention	48	WordLevel TOEFL/IELTS Academic List
interact	48	WordLevel TOEFL/IELTS Academic List
interfere	48	WordLevel TOEFL/IELTS Academic List
interpret	48	WordLevel TOEFL/IELTS Academic List
interrogate	48	WordLevel TOEFL/IELTS Academic List
interval	48	WordLevel TOEFL/IELTS Academic List
intervene	48	WordLevel TOEFL/IELTS Academic List
intestine	48	WordLevel TOEFL/IELTS Academic List
intimacy	48	WordLevel TOEFL/IELTS Academic List
intractable	48	WordLevel TOEFL/IELTS Academic List
intrigue	48	WordLevel TOEFL/IELTS Academic List
intrinsic	48	WordLevel TOEFL/IELTS Academic List
inundate	48	WordLevel TOEFL/IELTS Academic List
invalid	48	WordLevel TOEFL/IELTS Academic List
invaluable	48	WordLevel TOEFL/IELTS Academic List
invariably	48	WordLevel TOEFL/IELTS Academic List
invertebrate	48	WordLevel TOEFL/IELTS Academic List
investigate	48	WordLevel TOEFL/IELTS Academic List
invoke	48	WordLevel TOEFL/IELTS Academic List
involve	48	WordLevel TOEFL/IELTS Academic List
involvement	48	WordLevel TOEFL/IELTS Academic List
irreducible	48	WordLevel TOEFL/IELTS Academic List
irregularity	48	WordLevel TOEFL/IELTS Academic List
irrelevant	48	WordLevel TOEFL/IELTS Academic List
irreversible	48	WordLevel TOEFL/IELTS Academic List
irrigation	48	WordLevel TOEFL/IELTS Academic List
isolation	48	WordLevel TOEFL/IELTS Academic List
jargon	48	WordLevel TOEFL/IELTS Academic List
jeopardize	48	WordLevel TOEFL/IELTS Academic List
journal	48	WordLevel TOEFL/IELTS Academic List
judicial	48	WordLevel TOEFL/IELTS Academic List
justify	48	WordLevel TOEFL/IELTS Academic List
latter	48	WordLevel TOEFL/IELTS Academic List
legislation	48	WordLevel TOEFL/IELTS Academic List
legitimate	48	WordLevel TOEFL/IELTS Academic List
leniency	48	WordLevel TOEFL/IELTS Academic List
levy	48	WordLevel TOEFL/IELTS Academic List
liability	48	WordLevel TOEFL/IELTS Academic List
limelight	48	WordLevel TOEFL/IELTS Academic List
lineage	48	WordLevel TOEFL/IELTS Academic List
linkage	48	WordLevel TOEFL/IELTS Academic List
listless	48	WordLevel TOEFL/IELTS Academic List
literacy	48	WordLevel TOEFL/IELTS Academic List
logic	48	WordLevel TOEFL/IELTS Academic List
magnitude	48	WordLevel TOEFL/IELTS Academic List
maintain	48	WordLevel TOEFL/IELTS Academic List
malign	48	WordLevel TOEFL/IELTS Academic List
malnutrition	48	WordLevel TOEFL/IELTS Academic List
management	48	WordLevel TOEFL/IELTS Academic List
mandatory	48	WordLevel TOEFL/IELTS Academic List
manifest	48	WordLevel TOEFL/IELTS Academic List
mankind	48	WordLevel TOEFL/IELTS Academic List
manoeuvre	48	WordLevel TOEFL/IELTS Academic List
manufacture	48	WordLevel TOEFL/IELTS Academic List
margin	48	WordLevel TOEFL/IELTS Academic List
mature	48	WordLevel TOEFL/IELTS Academic List
maximum	48	WordLevel TOEFL/IELTS Academic List
meteorology	48	WordLevel TOEFL/IELTS Academic List
meticulous	48	WordLevel TOEFL/IELTS Academic List
migration	48	WordLevel TOEFL/IELTS Academic List
minimal	48	WordLevel TOEFL/IELTS Academic List
misconduct	48	WordLevel TOEFL/IELTS Academic List
misgiving	48	WordLevel TOEFL/IELTS Academic List
mislead	48	WordLevel TOEFL/IELTS Academic List
mission	48	WordLevel TOEFL/IELTS Academic List
moderate	48	WordLevel TOEFL/IELTS Academic List
modify	48	WordLevel TOEFL/IELTS Academic List
monetary	48	WordLevel TOEFL/IELTS Academic List
monumental	48	WordLevel TOEFL/IELTS Academic List
motive	48	WordLevel TOEFL/IELTS Academic List
multitude	48	WordLevel TOEFL/IELTS Academic List
municipal	48	WordLevel TOEFL/IELTS Academic List
muse	48	WordLevel TOEFL/IELTS Academic List
mutual	48	WordLevel TOEFL/IELTS Academic List
mutually	48	WordLevel TOEFL/IELTS Academic List
negation	48	WordLevel TOEFL/IELTS Academic List
neglect	48	WordLevel TOEFL/IELTS Academic List
negligible	48	WordLevel TOEFL/IELTS Academic List
negotiate	48	WordLevel TOEFL/IELTS Academic List
network	48	WordLevel TOEFL/IELTS Academic List
neutral	48	WordLevel TOEFL/IELTS Academic List
neutrality	48	WordLevel TOEFL/IELTS Academic List
neutralize	48	WordLevel TOEFL/IELTS Academic List
noble	48	WordLevel TOEFL/IELTS Academic List
nomenclature	48	WordLevel TOEFL/IELTS Academic List
nonetheless	48	WordLevel TOEFL/IELTS Academic List
notably	48	WordLevel TOEFL/IELTS Academic List
notorious	48	WordLevel TOEFL/IELTS Academic List
nurture	48	WordLevel TOEFL/IELTS Academic List
obesity	48	WordLevel TOEFL/IELTS Academic List
oblivious	48	WordLevel TOEFL/IELTS Academic List
obnoxious	48	WordLevel TOEFL/IELTS Academic List
obscure	48	WordLevel TOEFL/IELTS Academic List
obscurity	48	WordLevel TOEFL/IELTS Academic List
obsolete	48	WordLevel TOEFL/IELTS Academic List
obstacle	48	WordLevel TOEFL/IELTS Academic List
obtain	48	WordLevel TOEFL/IELTS Academic List
obviate	48	WordLevel TOEFL/IELTS Academic List
occur	48	WordLevel TOEFL/IELTS Academic List
occurrence	48	WordLevel TOEFL/IELTS Academic List
official	48	WordLevel TOEFL/IELTS Academic List
offset	48	WordLevel TOEFL/IELTS Academic List
omit	48	WordLevel TOEFL/IELTS Academic List
ongoing	48	WordLevel TOEFL/IELTS Academic List
operation	48	WordLevel TOEFL/IELTS Academic List
opportunity	48	WordLevel TOEFL/IELTS Academic List
option	48	WordLevel TOEFL/IELTS Academic List
organic	48	WordLevel TOEFL/IELTS Academic List
orientation	48	WordLevel TOEFL/IELTS Academic List
origin	48	WordLevel TOEFL/IELTS Academic List
originally	48	WordLevel TOEFL/IELTS Academic List
originate	48	WordLevel TOEFL/IELTS Academic List
oscillation	48	WordLevel TOEFL/IELTS Academic List
ostentatious	48	WordLevel TOEFL/IELTS Academic List
overall	48	WordLevel TOEFL/IELTS Academic List
overestimate	48	WordLevel TOEFL/IELTS Academic List
overrate	48	WordLevel TOEFL/IELTS Academic List
overrule	48	WordLevel TOEFL/IELTS Academic List
oversee	48	WordLevel TOEFL/IELTS Academic List
overstate	48	WordLevel TOEFL/IELTS Academic List
overthrow	48	WordLevel TOEFL/IELTS Academic List
overwhelm	48	WordLevel TOEFL/IELTS Academic List
panel	48	WordLevel TOEFL/IELTS Academic List
paradox	48	WordLevel TOEFL/IELTS Academic List
paralyse	48	WordLevel TOEFL/IELTS Academic List
participant	48	WordLevel TOEFL/IELTS Academic List
participate	48	WordLevel TOEFL/IELTS Academic List
particularly	48	WordLevel TOEFL/IELTS Academic List
partition	48	WordLevel TOEFL/IELTS Academic List
patent	48	WordLevel TOEFL/IELTS Academic List
pattern	48	WordLevel TOEFL/IELTS Academic List
peculiar	48	WordLevel TOEFL/IELTS Academic List
penalize	48	WordLevel TOEFL/IELTS Academic List
perceive	48	WordLevel TOEFL/IELTS Academic List
perception	48	WordLevel TOEFL/IELTS Academic List
perpetrate	48	WordLevel TOEFL/IELTS Academic List
perpetual	48	WordLevel TOEFL/IELTS Academic List
persistent	48	WordLevel TOEFL/IELTS Academic List
personnel	48	WordLevel TOEFL/IELTS Academic List
perspective	48	WordLevel TOEFL/IELTS Academic List
persuade	48	WordLevel TOEFL/IELTS Academic List
pervade	48	WordLevel TOEFL/IELTS Academic List
phenomenon	48	WordLevel TOEFL/IELTS Academic List
philosophy	48	WordLevel TOEFL/IELTS Academic List
photosynthesis	48	WordLevel TOEFL/IELTS Academic List
pilgrimage	48	WordLevel TOEFL/IELTS Academic List
plague	48	WordLevel TOEFL/IELTS Academic List
plaintiff	48	WordLevel TOEFL/IELTS Academic List
plead	48	WordLevel TOEFL/IELTS Academic List
political	48	WordLevel TOEFL/IELTS Academic List
poll	48	WordLevel TOEFL/IELTS Academic List
pollutant	48	WordLevel TOEFL/IELTS Academic List
populate	48	WordLevel TOEFL/IELTS Academic List
populous	48	WordLevel TOEFL/IELTS Academic List
portray	48	WordLevel TOEFL/IELTS Academic List
possess	48	WordLevel TOEFL/IELTS Academic List
possession	48	WordLevel TOEFL/IELTS Academic List
posterity	48	WordLevel TOEFL/IELTS Academic List
postpone	48	WordLevel TOEFL/IELTS Academic List
postulate	48	WordLevel TOEFL/IELTS Academic List
potential	48	WordLevel TOEFL/IELTS Academic List
practically	48	WordLevel TOEFL/IELTS Academic List
practitioner	48	WordLevel TOEFL/IELTS Academic List
precipitation	48	WordLevel TOEFL/IELTS Academic List
precise	48	WordLevel TOEFL/IELTS Academic List
predict	48	WordLevel TOEFL/IELTS Academic List
predominant	48	WordLevel TOEFL/IELTS Academic List
preferable	48	WordLevel TOEFL/IELTS Academic List
preference	48	WordLevel TOEFL/IELTS Academic List
prejudice	48	WordLevel TOEFL/IELTS Academic List
preliminary	48	WordLevel TOEFL/IELTS Academic List
premium	48	WordLevel TOEFL/IELTS Academic List
preposterous	48	WordLevel TOEFL/IELTS Academic List
preside	48	WordLevel TOEFL/IELTS Academic List
pressure	48	WordLevel TOEFL/IELTS Academic List
prestige	48	WordLevel TOEFL/IELTS Academic List
presumably	48	WordLevel TOEFL/IELTS Academic List
prevail	48	WordLevel TOEFL/IELTS Academic List
prevalent	48	WordLevel TOEFL/IELTS Academic List
prime	48	WordLevel TOEFL/IELTS Academic List
primeval	48	WordLevel TOEFL/IELTS Academic List
principle	48	WordLevel TOEFL/IELTS Academic List
prior	48	WordLevel TOEFL/IELTS Academic List
privacy	48	WordLevel TOEFL/IELTS Academic List
probability	48	WordLevel TOEFL/IELTS Academic List
proceed	48	WordLevel TOEFL/IELTS Academic List
proclaim	48	WordLevel TOEFL/IELTS Academic List
production	48	WordLevel TOEFL/IELTS Academic List
profound	48	WordLevel TOEFL/IELTS Academic List
progress	48	WordLevel TOEFL/IELTS Academic List
proliferation	48	WordLevel TOEFL/IELTS Academic List
prolific	48	WordLevel TOEFL/IELTS Academic List
prominent	48	WordLevel TOEFL/IELTS Academic List
promote	48	WordLevel TOEFL/IELTS Academic List
prone	48	WordLevel TOEFL/IELTS Academic List
propel	48	WordLevel TOEFL/IELTS Academic List
proportion	48	WordLevel TOEFL/IELTS Academic List
propose	48	WordLevel TOEFL/IELTS Academic List
prosecute	48	WordLevel TOEFL/IELTS Academic List
prosecutor	48	WordLevel TOEFL/IELTS Academic List
prospect	48	WordLevel TOEFL/IELTS Academic List
protagonist	48	WordLevel TOEFL/IELTS Academic List
provocative	48	WordLevel TOEFL/IELTS Academic List
provoke	48	WordLevel TOEFL/IELTS Academic List
proximity	48	WordLevel TOEFL/IELTS Academic List
publication	48	WordLevel TOEFL/IELTS Academic List
publicity	48	WordLevel TOEFL/IELTS Academic List
pursuit	48	WordLevel TOEFL/IELTS Academic List
qualified	48	WordLevel TOEFL/IELTS Academic List
quarantine	48	WordLevel TOEFL/IELTS Academic List
questionnaire	48	WordLevel TOEFL/IELTS Academic List
quintessence	48	WordLevel TOEFL/IELTS Academic List
rabies	48	WordLevel TOEFL/IELTS Academic List
racism	48	WordLevel TOEFL/IELTS Academic List
radiant	48	WordLevel TOEFL/IELTS Academic List
radiation	48	WordLevel TOEFL/IELTS Academic List
radical	48	WordLevel TOEFL/IELTS Academic List
ravage	48	WordLevel TOEFL/IELTS Academic List
realistic	48	WordLevel TOEFL/IELTS Academic List
rebuke	48	WordLevel TOEFL/IELTS Academic List
rebut	48	WordLevel TOEFL/IELTS Academic List
recipient	48	WordLevel TOEFL/IELTS Academic List
recommend	48	WordLevel TOEFL/IELTS Academic List
recommendation	48	WordLevel TOEFL/IELTS Academic List
reconcile	48	WordLevel TOEFL/IELTS Academic List
reconnaissance	48	WordLevel TOEFL/IELTS Academic List
rectify	48	WordLevel TOEFL/IELTS Academic List
redundant	48	WordLevel TOEFL/IELTS Academic List
refine	48	WordLevel TOEFL/IELTS Academic List
reflect	48	WordLevel TOEFL/IELTS Academic List
refrain	48	WordLevel TOEFL/IELTS Academic List
refugee	48	WordLevel TOEFL/IELTS Academic List
refute	48	WordLevel TOEFL/IELTS Academic List
regression	48	WordLevel TOEFL/IELTS Academic List
regulate	48	WordLevel TOEFL/IELTS Academic List
regulation	48	WordLevel TOEFL/IELTS Academic List
regulatory	48	WordLevel TOEFL/IELTS Academic List
reinforcement	48	WordLevel TOEFL/IELTS Academic List
reiterate	48	WordLevel TOEFL/IELTS Academic List
reject	48	WordLevel TOEFL/IELTS Academic List
rejuvenate	48	WordLevel TOEFL/IELTS Academic List
relationship	48	WordLevel TOEFL/IELTS Academic List
relative	48	WordLevel TOEFL/IELTS Academic List
relevance	48	WordLevel TOEFL/IELTS Academic List
relevant	48	WordLevel TOEFL/IELTS Academic List
reliance	48	WordLevel TOEFL/IELTS Academic List
relic	48	WordLevel TOEFL/IELTS Academic List
reminiscent	48	WordLevel TOEFL/IELTS Academic List
remnant	48	WordLevel TOEFL/IELTS Academic List
removal	48	WordLevel TOEFL/IELTS Academic List
renown	48	WordLevel TOEFL/IELTS Academic List
replica	48	WordLevel TOEFL/IELTS Academic List
represent	48	WordLevel TOEFL/IELTS Academic List
repulsive	48	WordLevel TOEFL/IELTS Academic List
repute	48	WordLevel TOEFL/IELTS Academic List
requirement	48	WordLevel TOEFL/IELTS Academic List
resemble	48	WordLevel TOEFL/IELTS Academic List
reside	48	WordLevel TOEFL/IELTS Academic List
resist	48	WordLevel TOEFL/IELTS Academic List
resolutely	48	WordLevel TOEFL/IELTS Academic List
resolve	48	WordLevel TOEFL/IELTS Academic List
resource	48	WordLevel TOEFL/IELTS Academic List
responsibility	48	WordLevel TOEFL/IELTS Academic List
restrict	48	WordLevel TOEFL/IELTS Academic List
retain	48	WordLevel TOEFL/IELTS Academic List
retard	48	WordLevel TOEFL/IELTS Academic List
retrieve	48	WordLevel TOEFL/IELTS Academic List
reveal	48	WordLevel TOEFL/IELTS Academic List
revelation	48	WordLevel TOEFL/IELTS Academic List
revenue	48	WordLevel TOEFL/IELTS Academic List
reverberate	48	WordLevel TOEFL/IELTS Academic List
revert	48	WordLevel TOEFL/IELTS Academic List
revoke	48	WordLevel TOEFL/IELTS Academic List
ridicule	48	WordLevel TOEFL/IELTS Academic List
rigid	48	WordLevel TOEFL/IELTS Academic List
rigorous	48	WordLevel TOEFL/IELTS Academic List
runoff	48	WordLevel TOEFL/IELTS Academic List
rural	48	WordLevel TOEFL/IELTS Academic List
ruthless	48	WordLevel TOEFL/IELTS Academic List
sabotage	48	WordLevel TOEFL/IELTS Academic List
sacrifice	48	WordLevel TOEFL/IELTS Academic List
safeguard	48	WordLevel TOEFL/IELTS Academic List
salinity	48	WordLevel TOEFL/IELTS Academic List
sample	48	WordLevel TOEFL/IELTS Academic List
sanction	48	WordLevel TOEFL/IELTS Academic List
satellite	48	WordLevel TOEFL/IELTS Academic List
satisfy	48	WordLevel TOEFL/IELTS Academic List
saturate	48	WordLevel TOEFL/IELTS Academic List
scale	48	WordLevel TOEFL/IELTS Academic List
scarce	48	WordLevel TOEFL/IELTS Academic List
sceptical	48	WordLevel TOEFL/IELTS Academic List
scientific	48	WordLevel TOEFL/IELTS Academic List
scornful	48	WordLevel TOEFL/IELTS Academic List
scour	48	WordLevel TOEFL/IELTS Academic List
secession	48	WordLevel TOEFL/IELTS Academic List
secure	48	WordLevel TOEFL/IELTS Academic List
sedate	48	WordLevel TOEFL/IELTS Academic List
sensitive	48	WordLevel TOEFL/IELTS Academic List
sensuous	48	WordLevel TOEFL/IELTS Academic List
sentiment	48	WordLevel TOEFL/IELTS Academic List
setback	48	WordLevel TOEFL/IELTS Academic List
severe	48	WordLevel TOEFL/IELTS Academic List
severely	48	WordLevel TOEFL/IELTS Academic List
similarity	48	WordLevel TOEFL/IELTS Academic List
simulate	48	WordLevel TOEFL/IELTS Academic List
simultaneous	48	WordLevel TOEFL/IELTS Academic List
sinister	48	WordLevel TOEFL/IELTS Academic List
skirmish	48	WordLevel TOEFL/IELTS Academic List
solution	48	WordLevel TOEFL/IELTS Academic List
sophisticated	48	WordLevel TOEFL/IELTS Academic List
source	48	WordLevel TOEFL/IELTS Academic List
sovereign	48	WordLevel TOEFL/IELTS Academic List
sparse	48	WordLevel TOEFL/IELTS Academic List
specialist	48	WordLevel TOEFL/IELTS Academic List
specialization	48	WordLevel TOEFL/IELTS Academic List
specific	48	WordLevel TOEFL/IELTS Academic List
specify	48	WordLevel TOEFL/IELTS Academic List
spectacular	48	WordLevel TOEFL/IELTS Academic List
spectrum	48	WordLevel TOEFL/IELTS Academic List
speculate	48	WordLevel TOEFL/IELTS Academic List
splendour	48	WordLevel TOEFL/IELTS Academic List
spore	48	WordLevel TOEFL/IELTS Academic List
stability	48	WordLevel TOEFL/IELTS Academic List
stagnant	48	WordLevel TOEFL/IELTS Academic List
stagnation	48	WordLevel TOEFL/IELTS Academic List
standard	48	WordLevel TOEFL/IELTS Academic List
stature	48	WordLevel TOEFL/IELTS Academic List
statutory	48	WordLevel TOEFL/IELTS Academic List
steadily	48	WordLevel TOEFL/IELTS Academic List
stealthily	48	WordLevel TOEFL/IELTS Academic List
stem	48	WordLevel TOEFL/IELTS Academic List
stereotype	48	WordLevel TOEFL/IELTS Academic List
sterilize	48	WordLevel TOEFL/IELTS Academic List
stipulate	48	WordLevel TOEFL/IELTS Academic List
strain	48	WordLevel TOEFL/IELTS Academic List
strew	48	WordLevel TOEFL/IELTS Academic List
subconscious	48	WordLevel TOEFL/IELTS Academic List
submissive	48	WordLevel TOEFL/IELTS Academic List
submit	48	WordLevel TOEFL/IELTS Academic List
subsequent	48	WordLevel TOEFL/IELTS Academic List
subsidize	48	WordLevel TOEFL/IELTS Academic List
substance	48	WordLevel TOEFL/IELTS Academic List
substitution	48	WordLevel TOEFL/IELTS Academic List
subtle	48	WordLevel TOEFL/IELTS Academic List
subversive	48	WordLevel TOEFL/IELTS Academic List
succinct	48	WordLevel TOEFL/IELTS Academic List
sufficient	48	WordLevel TOEFL/IELTS Academic List
suffrage	48	WordLevel TOEFL/IELTS Academic List
sullen	48	WordLevel TOEFL/IELTS Academic List
summon	48	WordLevel TOEFL/IELTS Academic List
superficial	48	WordLevel TOEFL/IELTS Academic List
superficially	48	WordLevel TOEFL/IELTS Academic List
supersede	48	WordLevel TOEFL/IELTS Academic List
supplant	48	WordLevel TOEFL/IELTS Academic List
supplement	48	WordLevel TOEFL/IELTS Academic List
suppress	48	WordLevel TOEFL/IELTS Academic List
surge	48	WordLevel TOEFL/IELTS Academic List
surgical	48	WordLevel TOEFL/IELTS Academic List
surveillance	48	WordLevel TOEFL/IELTS Academic List
survey	48	WordLevel TOEFL/IELTS Academic List
sustain	48	WordLevel TOEFL/IELTS Academic List
sustainable	48	WordLevel TOEFL/IELTS Academic List
synthesis	48	WordLevel TOEFL/IELTS Academic List
tackle	48	WordLevel TOEFL/IELTS Academic List
tamper	48	WordLevel TOEFL/IELTS Academic List
tariff	48	WordLevel TOEFL/IELTS Academic List
technique	48	WordLevel TOEFL/IELTS Academic List
teem	48	WordLevel TOEFL/IELTS Academic List
telltale	48	WordLevel TOEFL/IELTS Academic List
tenacious	48	WordLevel TOEFL/IELTS Academic List
tendency	48	WordLevel TOEFL/IELTS Academic List
tentative	48	WordLevel TOEFL/IELTS Academic List
tentatively	48	WordLevel TOEFL/IELTS Academic List
terminate	48	WordLevel TOEFL/IELTS Academic List
territory	48	WordLevel TOEFL/IELTS Academic List
theory	48	WordLevel TOEFL/IELTS Academic List
thereby	48	WordLevel TOEFL/IELTS Academic List
thoroughly	48	WordLevel TOEFL/IELTS Academic List
threat	48	WordLevel TOEFL/IELTS Academic List
threshold	48	WordLevel TOEFL/IELTS Academic List
thrust	48	WordLevel TOEFL/IELTS Academic List
toxic	48	WordLevel TOEFL/IELTS Academic List
toxin	48	WordLevel TOEFL/IELTS Academic List
tragedy	48	WordLevel TOEFL/IELTS Academic List
transaction	48	WordLevel TOEFL/IELTS Academic List
transform	48	WordLevel TOEFL/IELTS Academic List
transmit	48	WordLevel TOEFL/IELTS Academic List
transparent	48	WordLevel TOEFL/IELTS Academic List
transplant	48	WordLevel TOEFL/IELTS Academic List
treaty	48	WordLevel TOEFL/IELTS Academic List
tremendous	48	WordLevel TOEFL/IELTS Academic List
tripe	48	WordLevel TOEFL/IELTS Academic List
tyranny	48	WordLevel TOEFL/IELTS Academic List
tyrant	48	WordLevel TOEFL/IELTS Academic List
unbiased	48	WordLevel TOEFL/IELTS Academic List
unconscious	48	WordLevel TOEFL/IELTS Academic List
undergo	48	WordLevel TOEFL/IELTS Academic List
undermine	48	WordLevel TOEFL/IELTS Academic List
undertake	48	WordLevel TOEFL/IELTS Academic List
unify	48	WordLevel TOEFL/IELTS Academic List
unique	48	WordLevel TOEFL/IELTS Academic List
unite	48	WordLevel TOEFL/IELTS Academic List
unity	48	WordLevel TOEFL/IELTS Academic List
uphold	48	WordLevel TOEFL/IELTS Academic List
urbanization	48	WordLevel TOEFL/IELTS Academic List
utilize	48	WordLevel TOEFL/IELTS Academic List
vague	48	WordLevel TOEFL/IELTS Academic List
valid	48	WordLevel TOEFL/IELTS Academic List
validity	48	WordLevel TOEFL/IELTS Academic List
vaporize	48	WordLevel TOEFL/IELTS Academic List
venture	48	WordLevel TOEFL/IELTS Academic List
verify	48	WordLevel TOEFL/IELTS Academic List
versatile	48	WordLevel TOEFL/IELTS Academic List
versatility	48	WordLevel TOEFL/IELTS Academic List
vertebrate	48	WordLevel TOEFL/IELTS Academic List
vicinity	48	WordLevel TOEFL/IELTS Academic List
vigorously	48	WordLevel TOEFL/IELTS Academic List
violate	48	WordLevel TOEFL/IELTS Academic List
violation	48	WordLevel TOEFL/IELTS Academic List
virtually	48	WordLevel TOEFL/IELTS Academic List
vital	48	WordLevel TOEFL/IELTS Academic List
vitality	48	WordLevel TOEFL/IELTS Academic List
volatile	48	WordLevel TOEFL/IELTS Academic List
voracious	48	WordLevel TOEFL/IELTS Academic List
vulnerable	48	WordLevel TOEFL/IELTS Academic List
wantonly	48	WordLevel TOEFL/IELTS Academic List
welfare	48	WordLevel TOEFL/IELTS Academic List
whence	48	WordLevel TOEFL/IELTS Academic List
yield	48	WordLevel TOEFL/IELTS Academic List
